0 1 1 1 100
0.01 0.997012 1.0001 2.15267 100.018
0.02 0.994039 1.00018 3.27139 100.037
0.03 0.991079 1.00027 4.35713 100.055
0.04 0.988134 1.00034 5.41087 100.074
0.05 0.985202 1.0004 6.43355 100.092
0.06 0.982284 1.00046 7.42607 100.11
0.07 0.97938 1.00051 8.38931 100.129
0.08 0.976489 1.00056 9.32414 100.147
0.09 0.973611 1.00059 10.2314 100.165
0.1 0.970745 1.00062 11.1118 100.184
0.11 0.967893 1.00064 11.9663 100.202
0.12 0.965053 1.00066 12.7955 100.22
0.13 0.962226 1.00067 13.6003 100.239
0.14 0.959411 1.00067 14.3812 100.257
0.15 0.956608 1.00066 15.1391 100.275
0.16 0.953817 1.00065 15.8745 100.294
0.17 0.951037 1.00063 16.5882 100.312
0.18 0.94827 1.0006 17.2808 100.33
0.19 0.945514 1.00056 17.9529 100.349
0.2 0.94277 1.00052 18.605 100.367
0.21 0.940037 1.00048 19.2378 100.385
0.22 0.937315 1.00042 19.8519 100.403
0.23 0.934604 1.00036 20.4477 100.422
0.24 0.931904 1.00029 21.0259 100.44
0.25 0.929216 1.00022 21.5868 100.458
0.26 0.926537 1.00014 22.1311 100.476
0.27 0.92387 1.00005 22.6592 100.495
0.28 0.921213 0.999957 23.1716 100.513
0.29 0.918566 0.999857 23.6688 100.531
0.3 0.91593 0.999751 24.1511 100.55
0.31 0.913304 0.999638 24.619 100.568
0.32 0.910687 0.999519 25.073 100.586
0.33 0.908081 0.999394 25.5134 100.604
0.34 0.905485 0.999262 25.9406 100.623
0.35 0.902899 0.999125 26.355 100.641
0.36 0.900323 0.998981 26.7571 100.659
0.37 0.897756 0.998831 27.147 100.677
0.38 0.895198 0.998675 27.5253 100.696
0.39 0.892651 0.998514 27.8922 100.714
0.4 0.890112 0.998346 28.248 100.732
0.41 0.887583 0.998172 28.5932 100.75
0.42 0.885063 0.997993 28.9279 100.768
0.43 0.882552 0.997807 29.2525 100.787
0.44 0.880051 0.997616 29.5673 100.805
0.45 0.877558 0.997419 29.8725 100.823
0.46 0.875075 0.997216 30.1685 100.841
0.47 0.8726 0.997008 30.4555 100.86
0.48 0.870134 0.996793 30.7338 100.878
0.49 0.867677 0.996574 31.0036 100.896
0.5 0.865228 0.996348 31.2651 100.914
0.51 0.862788 0.996117 31.5187 100.932
0.52 0.860357 0.995881 31.7645 100.951
0.53 0.857934 0.995639 32.0027 100.969
0.54 0.855519 0.995391 32.2336 100.987
0.55 0.853113 0.995139 32.4574 101.005
0.56 0.850715 0.99488 32.6743 101.023
0.57 0.848326 0.994617 32.8844 101.042
0.58 0.845944 0.994348 33.088 101.06
0.59 0.843571 0.994074 33.2853 101.078
0.6 0.841206 0.993794 33.4764 101.096
0.61 0.838849 0.993509 33.6615 101.114
0.62 0.8365 0.99322 33.8409 101.133
0.63 0.834158 0.992924 34.0145 101.151
0.64 0.831825 0.992624 34.1827 101.169
0.65 0.829499 0.992319 34.3456 101.187
0.66 0.827182 0.992009 34.5033 101.205
0.67 0.824871 0.991693 34.6559 101.223
0.68 0.822569 0.991373 34.8037 101.242
0.69 0.820274 0.991048 34.9467 101.26
0.7 0.817987 0.990717 35.0851 101.278
0.71 0.815707 0.990382 35.219 101.296
0.72 0.813435 0.990042 35.3486 101.314
0.73 0.811171 0.989697 35.4739 101.332
0.74 0.808913 0.989347 35.5951 101.351
0.75 0.806663 0.988993 35.7123 101.369
0.76 0.804421 0.988633 35.8257 101.387
0.77 0.802186 0.988269 35.9352 101.405
0.78 0.799958 0.987901 36.0411 101.423
0.79 0.797737 0.987527 36.1434 101.441
0.8 0.795523 0.987149 36.2422 101.46
0.81 0.793317 0.986767 36.3377 101.478
0.82 0.791117 0.986379 36.4299 101.496
0.83 0.788925 0.985988 36.5189 101.514
0.84 0.78674 0.985591 36.6048 101.532
0.85 0.784561 0.98519 36.6877 101.55
0.86 0.78239 0.984785 36.7676 101.568
0.87 0.780225 0.984375 36.8448 101.587
0.88 0.778068 0.983961 36.9191 101.605
0.89 0.775917 0.983543 36.9908 101.623
0.9 0.773773 0.98312 37.0598 101.641
0.91 0.771636 0.982693 37.1264 101.659
0.92 0.769506 0.982261 37.1904 101.677
0.93 0.767382 0.981825 37.252 101.695
0.94 0.765265 0.981385 37.3113 101.714
0.95 0.763155 0.980941 37.3683 101.732
0.96 0.761051 0.980493 37.4231 101.75
0.97 0.758954 0.98004 37.4758 101.768
0.98 0.756863 0.979583 37.5263 101.786
0.99 0.754779 0.979122 37.5748 101.804
1 0.752702 0.978657 37.6214 101.822
1.01 0.750631 0.978188 37.666 101.841
1.02 0.748566 0.977715 37.7087 101.859
1.03 0.746508 0.977238 37.7496 101.877
1.04 0.744457 0.976757 37.7888 101.895
1.05 0.742411 0.976272 37.8262 101.913
1.06 0.740372 0.975783 37.8619 101.931
1.07 0.738339 0.97529 37.896 101.949
1.08 0.736313 0.974793 37.9285 101.967
1.09 0.734293 0.974293 37.9594 101.986
1.1 0.732279 0.973788 37.9888 102.004
1.11 0.730271 0.97328 38.0168 102.022
1.12 0.72827 0.972768 38.0434 102.04
1.13 0.726274 0.972252 38.0685 102.058
1.14 0.724285 0.971732 38.0923 102.076
1.15 0.722302 0.971209 38.1148 102.094
1.16 0.720325 0.970682 38.1359 102.112
1.17 0.718354 0.970151 38.1559 102.131
1.18 0.716389 0.969617 38.1746 102.149
1.19 0.71443 0.969079 38.1921 102.167
1.2 0.712477 0.968538 38.2085 102.185
1.21 0.71053 0.967993 38.2237 102.203
1.22 0.708588 0.967444 38.2379 102.221
1.23 0.706653 0.966892 38.251 102.239
1.24 0.704724 0.966336 38.263 102.257
1.25 0.702801 0.965777 38.274 102.275
1.26 0.700883 0.965214 38.2841 102.294
1.27 0.698971 0.964648 38.2931 102.312
1.28 0.697065 0.964079 38.3013 102.33
1.29 0.695165 0.963506 38.3085 102.348
1.3 0.693271 0.96293 38.3148 102.366
1.31 0.691382 0.96235 38.3202 102.384
1.32 0.689499 0.961768 38.3248 102.402
1.33 0.687622 0.961181 38.3286 102.42
1.34 0.68575 0.960592 38.3316 102.438
1.35 0.683884 0.959999 38.3338 102.456
1.36 0.682024 0.959403 38.3352 102.475
1.37 0.680169 0.958804 38.3359 102.493
1.38 0.67832 0.958202 38.3358 102.511
1.39 0.676476 0.957597 38.335 102.529
1.4 0.674638 0.956988 38.3336 102.547
1.41 0.672806 0.956376 38.3314 102.565
1.42 0.670979 0.955761 38.3286 102.583
1.43 0.669158 0.955144 38.3252 102.601
1.44 0.667342 0.954523 38.3211 102.619
1.45 0.665531 0.953899 38.3164 102.637
1.46 0.663726 0.953271 38.3111 102.655
1.47 0.661926 0.952641 38.3052 102.674
1.48 0.660132 0.952008 38.2987 102.692
1.49 0.658343 0.951372 38.2917 102.71
1.5 0.656559 0.950734 38.2841 102.728
1.51 0.654781 0.950092 38.276 102.746
1.52 0.653008 0.949447 38.2674 102.764
1.53 0.651241 0.948799 38.2583 102.782
1.54 0.649478 0.948149 38.2487 102.8
1.55 0.647721 0.947496 38.2386 102.818
1.56 0.645969 0.94684 38.228 102.836
1.57 0.644223 0.946181 38.2169 102.854
1.58 0.642481 0.945519 38.2054 102.872
1.59 0.640745 0.944855 38.1935 102.891
1.6 0.639014 0.944188 38.1811 102.909
1.61 0.637288 0.943518 38.1683 102.927
1.62 0.635568 0.942845 38.1551 102.945
1.63 0.633852 0.94217 38.1414 102.963
1.64 0.632142 0.941492 38.1274 102.981
1.65 0.630436 0.940811 38.113 102.999
1.66 0.628736 0.940128 38.0982 103.017
1.67 0.62704 0.939442 38.083 103.035
1.68 0.62535 0.938754 38.0675 103.053
1.69 0.623665 0.938063 38.0516 103.071
1.7 0.621985 0.93737 38.0354 103.089
1.71 0.620309 0.936674 38.0188 103.107
1.72 0.618639 0.935975 38.0019 103.126
1.73 0.616974 0.935274 37.9847 103.144
1.74 0.615313 0.934571 37.9671 103.162
1.75 0.613658 0.933865 37.9492 103.18
1.76 0.612007 0.933157 37.9311 103.198
1.77 0.610362 0.932446 37.9126 103.216
1.78 0.608721 0.931733 37.8938 103.234
1.79 0.607085 0.931017 37.8747 103.252
1.8 0.605454 0.930299 37.8554 103.27
1.81 0.603827 0.929579 37.8358 103.288
1.82 0.602206 0.928856 37.8159 103.306
1.83 0.600589 0.928131 37.7957 103.324
1.84 0.598977 0.927404 37.7753 103.342
1.85 0.59737 0.926675 37.7546 103.36
1.86 0.595768 0.925943 37.7336 103.378
1.87 0.59417 0.925209 37.7124 103.396
1.88 0.592577 0.924473 37.691 103.415
1.89 0.590989 0.923735 37.6693 103.433
1.9 0.589405 0.922994 37.6474 103.451
1.91 0.587826 0.922251 37.6253 103.469
1.92 0.586252 0.921506 37.603 103.487
1.93 0.584682 0.920759 37.5804 103.505
1.94 0.583117 0.92001 37.5576 103.523
1.95 0.581557 0.919259 37.5346 103.541
1.96 0.580001 0.918505 37.5114 103.559
1.97 0.57845 0.91775 37.4879 103.577
1.98 0.576903 0.916992 37.4643 103.595
1.99 0.575361 0.916233 37.4405 103.613
2 0.573823 0.915471 37.4165 103.631
2.01 0.57229 0.914708 37.3923 103.649
2.02 0.570762 0.913942 37.3679 103.667
2.03 0.569238 0.913175 37.3433 103.685
2.04 0.567718 0.912405 37.3185 103.703
2.05 0.566203 0.911634 37.2936 103.721
2.06 0.564692 0.91086 37.2684 103.739
2.07 0.563186 0.910085 37.2432 103.757
2.08 0.561684 0.909308 37.2177 103.775
2.09 0.560186 0.908529 37.1921 103.794
2.1 0.558693 0.907748 37.1663 103.812
2.11 0.557205 0.906965 37.1403 103.83
2.12 0.55572 0.90618 37.1142 103.848
2.13 0.55424 0.905394 37.0879 103.866
2.14 0.552765 0.904606 37.0615 103.884
2.15 0.551293 0.903816 37.0349 103.902
2.16 0.549826 0.903024 37.0082 103.92
2.17 0.548364 0.90223 36.9813 103.938
2.18 0.546905 0.901435 36.9543 103.956
2.19 0.545451 0.900638 36.9271 103.974
2.2 0.544001 0.899839 36.8998 103.992
2.21 0.542555 0.899039 36.8724 104.01
2.22 0.541114 0.898237 36.8448 104.028
2.23 0.539677 0.897433 36.8171 104.046
2.24 0.538243 0.896627 36.7893 104.064
2.25 0.536815 0.89582 36.7613 104.082
2.26 0.53539 0.895012 36.7332 104.1
2.27 0.533969 0.894201 36.705 104.118
2.28 0.532553 0.893389 36.6766 104.136
2.29 0.531141 0.892576 36.6481 104.154
2.3 0.529733 0.891761 36.6195 104.172
2.31 0.528329 0.890944 36.5908 104.19
2.32 0.526929 0.890126 36.562 104.208
2.33 0.525533 0.889306 36.533 104.226
2.34 0.524141 0.888485 36.504 104.244
2.35 0.522753 0.887662 36.4748 104.262
2.36 0.521369 0.886838 36.4455 104.28
2.37 0.51999 0.886012 36.4161 104.298
2.38 0.518614 0.885185 36.3866 104.316
2.39 0.517243 0.884356 36.357 104.334
2.4 0.515875 0.883526 36.3273 104.352
2.41 0.514511 0.882695 36.2975 104.37
2.42 0.513151 0.881862 36.2675 104.388
2.43 0.511796 0.881027 36.2375 104.406
2.44 0.510444 0.880192 36.2074 104.424
2.45 0.509096 0.879355 36.1772 104.442
2.46 0.507752 0.878516 36.1468 104.461
2.47 0.506412 0.877677 36.1164 104.479
2.48 0.505076 0.876836 36.0859 104.497
2.49 0.503744 0.875993 36.0553 104.515
2.5 0.502415 0.875149 36.0246 104.533
2.51 0.501091 0.874305 35.9938 104.551
2.52 0.49977 0.873458 35.963 104.569
2.53 0.498453 0.872611 35.932 104.587
2.54 0.49714 0.871762 35.9009 104.605
2.55 0.495831 0.870912 35.8698 104.623
2.56 0.494525 0.870061 35.8386 104.641
2.57 0.493223 0.869208 35.8073 104.659
2.58 0.491926 0.868355 35.7759 104.677
2.59 0.490631 0.8675 35.7444 104.695
2.6 0.489341 0.866644 35.7129 104.713
2.61 0.488054 0.865787 35.6812 104.731
2.62 0.486771 0.864928 35.6495 104.749
2.63 0.485492 0.864069 35.6177 104.767
2.64 0.484217 0.863208 35.5859 104.785
2.65 0.482945 0.862347 35.5539 104.803
2.66 0.481677 0.861484 35.5219 104.821
2.67 0.480412 0.86062 35.4898 104.839
2.68 0.479151 0.859755 35.4576 104.857
2.69 0.477894 0.858889 35.4254 104.875
2.7 0.476641 0.858022 35.3931 104.893
2.71 0.475391 0.857154 35.3607 104.911
2.72 0.474145 0.856284 35.3283 104.929
2.73 0.472902 0.855414 35.2958 104.947
2.74 0.471663 0.854543 35.2632 104.965
2.75 0.470427 0.853671 35.2305 104.983
2.76 0.469195 0.852797 35.1978 105.001
2.77 0.467967 0.851923 35.165 105.019
2.78 0.466742 0.851048 35.1321 105.037
2.79 0.465521 0.850172 35.0992 105.055
2.8 0.464303 0.849295 35.0663 105.073
2.81 0.463089 0.848417 35.0332 105.091
2.82 0.461878 0.847538 35.0001 105.109
2.83 0.46067 0.846658 34.9669 105.127
2.84 0.459467 0.845777 34.9337 105.145
2.85 0.458266 0.844896 34.9004 105.163
2.86 0.457069 0.844013 34.8671 105.18
2.87 0.455876 0.84313 34.8337 105.198
2.88 0.454686 0.842245 34.8002 105.216
2.89 0.453499 0.84136 34.7667 105.234
2.9 0.452316 0.840474 34.7331 105.252
2.91 0.451136 0.839588 34.6995 105.27
2.92 0.44996 0.8387 34.6658 105.288
2.93 0.448787 0.837812 34.6321 105.306
2.94 0.447617 0.836922 34.5983 105.324
2.95 0.446451 0.836032 34.5645 105.342
2.96 0.445288 0.835142 34.5306 105.36
2.97 0.444129 0.83425 34.4966 105.378
2.98 0.442972 0.833358 34.4626 105.396
2.99 0.441819 0.832465 34.4286 105.414
3 0.44067 0.831571 34.3945 105.432
3.01 0.439524 0.830677 34.3603 105.45
3.02 0.438381 0.829782 34.3261 105.468
3.03 0.437241 0.828886 34.2919 105.486
3.04 0.436104 0.827989 34.2576 105.504
3.05 0.434971 0.827092 34.2233 105.522
3.06 0.433841 0.826194 34.1889 105.54
3.07 0.432714 0.825295 34.1544 105.558
3.08 0.431591 0.824396 34.12 105.576
3.09 0.430471 0.823496 34.0854 105.594
3.1 0.429354 0.822596 34.0509 105.612
3.11 0.42824 0.821695 34.0163 105.63
3.12 0.427129 0.820793 33.9816 105.648
3.13 0.426022 0.81989 33.9469 105.666
3.14 0.424917 0.818987 33.9122 105.684
3.15 0.423816 0.818084 33.8774 105.702
3.16 0.422718 0.81718 33.8426 105.72
3.17 0.421623 0.816275 33.8078 105.738
3.18 0.420532 0.81537 33.7729 105.756
3.19 0.419443 0.814464 33.7379 105.774
3.2 0.418358 0.813558 33.703 105.792
3.21 0.417275 0.812651 33.668 105.81
3.22 0.416196 0.811743 33.6329 105.828
3.23 0.41512 0.810835 33.5978 105.845
3.24 0.414047 0.809927 33.5627 105.863
3.25 0.412977 0.809018 33.5275 105.881
3.26 0.41191 0.808108 33.4924 105.899
3.27 0.410846 0.807198 33.4571 105.917
3.28 0.409785 0.806288 33.4219 105.935
3.29 0.408727 0.805377 33.3866 105.953
3.3 0.407672 0.804466 33.3512 105.971
3.31 0.40662 0.803554 33.3159 105.989
3.32 0.405571 0.802642 33.2805 106.007
3.33 0.404525 0.801729 33.245 106.025
3.34 0.403482 0.800816 33.2096 106.043
3.35 0.402443 0.799903 33.1741 106.061
3.36 0.401406 0.798989 33.1386 106.079
3.37 0.400372 0.798075 33.103 106.097
3.38 0.39934 0.79716 33.0674 106.115
3.39 0.398312 0.796245 33.0318 106.133
3.4 0.397287 0.79533 32.9962 106.151
3.41 0.396265 0.794414 32.9605 106.169
3.42 0.395246 0.793498 32.9248 106.187
3.43 0.394229 0.792581 32.8891 106.205
3.44 0.393215 0.791665 32.8533 106.223
3.45 0.392205 0.790747 32.8175 106.24
3.46 0.391197 0.78983 32.7817 106.258
3.47 0.390192 0.788912 32.7459 106.276
3.48 0.38919 0.787994 32.71 106.294
3.49 0.388191 0.787076 32.6741 106.312
3.5 0.387194 0.786157 32.6382 106.33
3.51 0.386201 0.785238 32.6023 106.348
3.52 0.38521 0.784319 32.5663 106.366
3.53 0.384222 0.7834 32.5303 106.384
3.54 0.383237 0.78248 32.4943 106.402
3.55 0.382254 0.78156 32.4583 106.42
3.56 0.381275 0.78064 32.4222 106.438
3.57 0.380298 0.779719 32.3862 106.456
3.58 0.379324 0.778798 32.3501 106.474
3.59 0.378353 0.777878 32.314 106.492
3.6 0.377384 0.776956 32.2778 106.51
3.61 0.376418 0.776035 32.2416 106.528
3.62 0.375455 0.775114 32.2055 106.545
3.63 0.374495 0.774192 32.1693 106.563
3.64 0.373538 0.77327 32.133 106.581
3.65 0.372583 0.772348 32.0968 106.599
3.66 0.371631 0.771426 32.0605 106.617
3.67 0.370681 0.770503 32.0243 106.635
3.68 0.369734 0.769581 31.988 106.653
3.69 0.36879 0.768658 31.9516 106.671
3.7 0.367849 0.767735 31.9153 106.689
3.71 0.36691 0.766812 31.879 106.707
3.72 0.365974 0.765889 31.8426 106.725
3.73 0.36504 0.764965 31.8062 106.743
3.74 0.364109 0.764042 31.7698 106.761
3.75 0.363181 0.763119 31.7334 106.779
3.76 0.362256 0.762195 31.697 106.796
3.77 0.361333 0.761271 31.6605 106.814
3.78 0.360412 0.760348 31.6241 106.832
3.79 0.359495 0.759424 31.5876 106.85
3.8 0.358579 0.7585 31.5511 106.868
3.81 0.357667 0.757576 31.5146 106.886
3.82 0.356757 0.756652 31.4781 106.904
3.83 0.355849 0.755728 31.4416 106.922
3.84 0.354944 0.754804 31.405 106.94
3.85 0.354042 0.753879 31.3685 106.958
3.86 0.353142 0.752955 31.3319 106.976
3.87 0.352245 0.752031 31.2953 106.994
3.88 0.35135 0.751107 31.2587 107.012
3.89 0.350458 0.750182 31.2221 107.029
3.9 0.349568 0.749258 31.1855 107.047
3.91 0.348681 0.748334 31.1489 107.065
3.92 0.347796 0.747409 31.1123 107.083
3.93 0.346914 0.746485 31.0756 107.101
3.94 0.346034 0.745561 31.039 107.119
3.95 0.345157 0.744637 31.0023 107.137
3.96 0.344282 0.743712 30.9656 107.155
3.97 0.34341 0.742788 30.929 107.173
3.98 0.34254 0.741864 30.8923 107.191
3.99 0.341673 0.74094 30.8556 107.209
4 0.340808 0.740016 30.8189 107.226
4.01 0.339945 0.739092 30.7822 107.244
4.02 0.339085 0.738168 30.7455 107.262
4.03 0.338227 0.737244 30.7087 107.28
4.04 0.337372 0.73632 30.672 107.298
4.05 0.336519 0.735397 30.6353 107.316
4.06 0.335668 0.734473 30.5985 107.334
4.07 0.33482 0.73355 30.5618 107.352
4.08 0.333974 0.732626 30.525 107.37
4.09 0.333131 0.731703 30.4883 107.388
4.1 0.33229 0.73078 30.4515 107.406
4.11 0.331451 0.729857 30.4147 107.423
4.12 0.330615 0.728934 30.378 107.441
4.13 0.329781 0.728011 30.3412 107.459
4.14 0.328949 0.727088 30.3044 107.477
4.15 0.32812 0.726166 30.2676 107.495
4.16 0.327293 0.725243 30.2308 107.513
4.17 0.326468 0.724321 30.194 107.531
4.18 0.325646 0.723399 30.1572 107.549
4.19 0.324825 0.722477 30.1204 107.567
4.2 0.324008 0.721555 30.0837 107.585
4.21 0.323192 0.720633 30.0469 107.602
4.22 0.322379 0.719712 30.01 107.62
4.23 0.321568 0.718791 29.9732 107.638
4.24 0.320759 0.717869 29.9364 107.656
4.25 0.319953 0.716949 29.8996 107.674
4.26 0.319148 0.716028 29.8628 107.692
4.27 0.318347 0.715107 29.826 107.71
4.28 0.317547 0.714187 29.7892 107.728
4.29 0.316749 0.713267 29.7524 107.746
4.3 0.315954 0.712347 29.7156 107.763
4.31 0.315161 0.711428 29.6788 107.781
4.32 0.31437 0.710508 29.642 107.799
4.33 0.313582 0.709589 29.6052 107.817
4.34 0.312795 0.70867 29.5684 107.835
4.35 0.312011 0.707751 29.5316 107.853
4.36 0.311229 0.706833 29.4948 107.871
4.37 0.310449 0.705915 29.458 107.889
4.38 0.309671 0.704997 29.4212 107.907
4.39 0.308896 0.704079 29.3844 107.924
4.4 0.308122 0.703162 29.3476 107.942
4.41 0.307351 0.702244 29.3108 107.96
4.42 0.306582 0.701328 29.2741 107.978
4.43 0.305815 0.700411 29.2373 107.996
4.44 0.30505 0.699495 29.2005 108.014
4.45 0.304288 0.698579 29.1637 108.032
4.46 0.303527 0.697663 29.127 108.05
4.47 0.302768 0.696748 29.0902 108.067
4.48 0.302012 0.695832 29.0534 108.085
4.49 0.301258 0.694918 29.0167 108.103
4.5 0.300506 0.694003 28.9799 108.121
4.51 0.299756 0.693089 28.9432 108.139
4.52 0.299008 0.692175 28.9065 108.157
4.53 0.298262 0.691262 28.8697 108.175
4.54 0.297518 0.690348 28.833 108.193
4.55 0.296776 0.689435 28.7963 108.21
4.56 0.296036 0.688523 28.7596 108.228
4.57 0.295299 0.687611 28.7229 108.246
4.58 0.294563 0.686699 28.6862 108.264
4.59 0.293829 0.685787 28.6495 108.282
4.6 0.293098 0.684876 28.6128 108.3
4.61 0.292368 0.683965 28.5761 108.318
4.62 0.291641 0.683055 28.5395 108.336
4.63 0.290915 0.682145 28.5028 108.353
4.64 0.290192 0.681235 28.4661 108.371
4.65 0.28947 0.680326 28.4295 108.389
4.66 0.288751 0.679417 28.3929 108.407
4.67 0.288033 0.678509 28.3562 108.425
4.68 0.287318 0.6776 28.3196 108.443
4.69 0.286604 0.676693 28.283 108.461
4.7 0.285893 0.675785 28.2464 108.478
4.71 0.285183 0.674878 28.2098 108.496
4.72 0.284475 0.673972 28.1732 108.514
4.73 0.28377 0.673066 28.1366 108.532
4.74 0.283066 0.67216 28.1001 108.55
4.75 0.282364 0.671255 28.0635 108.568
4.76 0.281664 0.67035 28.027 108.586
4.77 0.280966 0.669445 27.9905 108.603
4.78 0.28027 0.668541 27.9539 108.621
4.79 0.279576 0.667638 27.9174 108.639
4.8 0.278884 0.666734 27.8809 108.657
4.81 0.278194 0.665832 27.8444 108.675
4.82 0.277505 0.664929 27.808 108.693
4.83 0.276819 0.664028 27.7715 108.711
4.84 0.276134 0.663126 27.7351 108.728
4.85 0.275451 0.662225 27.6986 108.746
4.86 0.274771 0.661325 27.6622 108.764
4.87 0.274092 0.660425 27.6258 108.782
4.88 0.273415 0.659525 27.5894 108.8
4.89 0.272739 0.658626 27.553 108.818
4.9 0.272066 0.657728 27.5166 108.836
4.91 0.271394 0.656829 27.4803 108.853
4.92 0.270725 0.655932 27.4439 108.871
4.93 0.270057 0.655035 27.4076 108.889
4.94 0.269391 0.654138 27.3712 108.907
4.95 0.268727 0.653242 27.3349 108.925
4.96 0.268064 0.652346 27.2986 108.943
4.97 0.267404 0.651451 27.2624 108.961
4.98 0.266745 0.650556 27.2261 108.978
4.99 0.266088 0.649662 27.1898 108.996
5 0.265433 0.648768 27.1536 109.014
5.01 0.26478 0.647875 27.1174 109.032
5.02 0.264128 0.646982 27.0812 109.05
5.03 0.263479 0.64609 27.045 109.068
5.04 0.262831 0.645198 27.0088 109.085
5.05 0.262184 0.644307 26.9727 109.103
5.06 0.26154 0.643417 26.9365 109.121
5.07 0.260897 0.642526 26.9004 109.139
5.08 0.260256 0.641637 26.8643 109.157
5.09 0.259617 0.640748 26.8282 109.175
5.1 0.25898 0.639859 26.7921 109.192
5.11 0.258344 0.638971 26.756 109.21
5.12 0.25771 0.638084 26.72 109.228
5.13 0.257078 0.637197 26.684 109.246
5.14 0.256448 0.636311 26.6479 109.264
5.15 0.255819 0.635425 26.6119 109.282
5.16 0.255192 0.63454 26.576 109.299
5.17 0.254567 0.633655 26.54 109.317
5.18 0.253943 0.632771 26.5041 109.335
5.19 0.253321 0.631888 26.4681 109.353
5.2 0.252701 0.631005 26.4322 109.371
5.21 0.252083 0.630122 26.3963 109.389
5.22 0.251466 0.629241 26.3605 109.406
5.23 0.250851 0.628359 26.3246 109.424
5.24 0.250237 0.627479 26.2888 109.442
5.25 0.249625 0.626599 26.253 109.46
5.26 0.249015 0.625719 26.2172 109.478
5.27 0.248407 0.62484 26.1814 109.496
5.28 0.2478 0.623962 26.1456 109.513
5.29 0.247195 0.623084 26.1099 109.531
5.3 0.246591 0.622207 26.0741 109.549
5.31 0.24599 0.621331 26.0384 109.567
5.32 0.245389 0.620455 26.0028 109.585
5.33 0.244791 0.619579 25.9671 109.603
5.34 0.244194 0.618705 25.9315 109.62
5.35 0.243599 0.617831 25.8958 109.638
5.36 0.243005 0.616957 25.8602 109.656
5.37 0.242413 0.616084 25.8246 109.674
5.38 0.241822 0.615212 25.7891 109.692
5.39 0.241233 0.61434 25.7535 109.709
5.4 0.240646 0.613469 25.718 109.727
5.41 0.24006 0.612599 25.6825 109.745
5.42 0.239476 0.611729 25.647 109.763
5.43 0.238894 0.61086 25.6116 109.781
5.44 0.238313 0.609991 25.5761 109.799
5.45 0.237733 0.609124 25.5407 109.816
5.46 0.237156 0.608256 25.5053 109.834
5.47 0.236579 0.60739 25.4699 109.852
5.48 0.236005 0.606524 25.4346 109.87
5.49 0.235432 0.605658 25.3992 109.888
5.5 0.23486 0.604794 25.3639 109.905
5.51 0.23429 0.60393 25.3287 109.923
5.52 0.233722 0.603066 25.2934 109.941
5.53 0.233155 0.602204 25.2581 109.959
5.54 0.232589 0.601342 25.2229 109.977
5.55 0.232026 0.60048 25.1877 109.994
5.56 0.231463 0.599619 25.1525 110.012
5.57 0.230902 0.598759 25.1174 110.03
5.58 0.230343 0.5979 25.0823 110.048
5.59 0.229785 0.597041 25.0471 110.066
5.6 0.229229 0.596183 25.0121 110.083
5.61 0.228674 0.595326 24.977 110.101
5.62 0.228121 0.594469 24.942 110.119
5.63 0.227569 0.593613 24.9069 110.137
5.64 0.227019 0.592757 24.8719 110.155
5.65 0.22647 0.591903 24.837 110.172
5.66 0.225923 0.591049 24.802 110.19
5.67 0.225377 0.590195 24.7671 110.208
5.68 0.224833 0.589342 24.7322 110.226
5.69 0.22429 0.58849 24.6973 110.244
5.7 0.223748 0.587639 24.6625 110.261
5.71 0.223208 0.586789 24.6277 110.279
5.72 0.22267 0.585939 24.5929 110.297
5.73 0.222133 0.585089 24.5581 110.315
5.74 0.221597 0.584241 24.5233 110.333
5.75 0.221063 0.583393 24.4886 110.35
5.76 0.22053 0.582546 24.4539 110.368
5.77 0.219999 0.581699 24.4192 110.386
5.78 0.219469 0.580854 24.3846 110.404
5.79 0.21894 0.580009 24.3499 110.422
5.8 0.218413 0.579164 24.3153 110.439
5.81 0.217888 0.578321 24.2808 110.457
5.82 0.217363 0.577478 24.2462 110.475
5.83 0.216841 0.576636 24.2117 110.493
5.84 0.216319 0.575794 24.1772 110.511
5.85 0.215799 0.574953 24.1427 110.528
5.86 0.215281 0.574113 24.1082 110.546
5.87 0.214763 0.573274 24.0738 110.564
5.88 0.214248 0.572436 24.0394 110.582
5.89 0.213733 0.571598 24.005 110.6
5.9 0.21322 0.570761 23.9707 110.617
5.91 0.212708 0.569924 23.9364 110.635
5.92 0.212198 0.569088 23.9021 110.653
5.93 0.211689 0.568254 23.8678 110.671
5.94 0.211181 0.567419 23.8336 110.688
5.95 0.210675 0.566586 23.7993 110.706
5.96 0.21017 0.565753 23.7652 110.724
5.97 0.209667 0.564921 23.731 110.742
5.98 0.209165 0.56409 23.6968 110.76
5.99 0.208664 0.563259 23.6627 110.777
6 0.208164 0.562429 23.6287 110.795
6.01 0.207666 0.5616 23.5946 110.813
6.02 0.207169 0.560772 23.5606 110.831
6.03 0.206674 0.559945 23.5266 110.848
6.04 0.20618 0.559118 23.4926 110.866
6.05 0.205687 0.558292 23.4586 110.884
6.06 0.205195 0.557466 23.4247 110.902
6.07 0.204705 0.556642 23.3908 110.92
6.08 0.204216 0.555818 23.357 110.937
6.09 0.203728 0.554995 23.3231 110.955
6.1 0.203242 0.554173 23.2893 110.973
6.11 0.202757 0.553351 23.2555 110.991
6.12 0.202273 0.55253 23.2218 111.008
6.13 0.201791 0.55171 23.1881 111.026
6.14 0.20131 0.550891 23.1544 111.044
6.15 0.20083 0.550073 23.1207 111.062
6.16 0.200351 0.549255 23.087 111.079
6.17 0.199874 0.548438 23.0534 111.097
6.18 0.199398 0.547622 23.0198 111.115
6.19 0.198923 0.546806 22.9863 111.133
6.2 0.19845 0.545992 22.9528 111.151
6.21 0.197977 0.545178 22.9193 111.168
6.22 0.197506 0.544365 22.8858 111.186
6.23 0.197037 0.543552 22.8523 111.204
6.24 0.196568 0.542741 22.8189 111.222
6.25 0.196101 0.54193 22.7855 111.239
6.26 0.195635 0.54112 22.7522 111.257
6.27 0.19517 0.540311 22.7189 111.275
6.28 0.194706 0.539502 22.6856 111.293
6.29 0.194244 0.538695 22.6523 111.31
6.3 0.193783 0.537888 22.619 111.328
6.31 0.193323 0.537082 22.5858 111.346
6.32 0.192864 0.536277 22.5526 111.364
6.33 0.192407 0.535472 22.5195 111.381
6.34 0.191951 0.534668 22.4864 111.399
6.35 0.191496 0.533865 22.4533 111.417
6.36 0.191042 0.533063 22.4202 111.435
6.37 0.190589 0.532262 22.3872 111.452
6.38 0.190138 0.531461 22.3542 111.47
6.39 0.189688 0.530662 22.3212 111.488
6.4 0.189239 0.529863 22.2882 111.506
6.41 0.188791 0.529064 22.2553 111.523
6.42 0.188344 0.528267 22.2224 111.541
6.43 0.187899 0.527471 22.1896 111.559
6.44 0.187455 0.526675 22.1568 111.577
6.45 0.187011 0.52588 22.124 111.594
6.46 0.18657 0.525086 22.0912 111.612
6.47 0.186129 0.524292 22.0585 111.63
6.48 0.185689 0.5235 22.0258 111.648
6.49 0.185251 0.522708 21.9931 111.665
6.5 0.184813 0.521917 21.9604 111.683
6.51 0.184377 0.521127 21.9278 111.701
6.52 0.183942 0.520337 21.8952 111.719
6.53 0.183508 0.519549 21.8627 111.736
6.54 0.183076 0.518761 21.8302 111.754
6.55 0.182644 0.517974 21.7977 111.772
6.56 0.182214 0.517188 21.7652 111.79
6.57 0.181784 0.516403 21.7328 111.807
6.58 0.181356 0.515618 21.7004 111.825
6.59 0.180929 0.514835 21.668 111.843
6.6 0.180503 0.514052 21.6357 111.861
6.61 0.180079 0.51327 21.6033 111.878
6.62 0.179655 0.512488 21.5711 111.896
6.63 0.179232 0.511708 21.5388 111.914
6.64 0.178811 0.510928 21.5066 111.932
6.65 0.178391 0.51015 21.4744 111.949
6.66 0.177971 0.509372 21.4423 111.967
6.67 0.177553 0.508594 21.4101 111.985
6.68 0.177136 0.507818 21.3781 112.002
6.69 0.17672 0.507043 21.346 112.02
6.7 0.176305 0.506268 21.314 112.038
6.71 0.175892 0.505494 21.282 112.056
6.72 0.175479 0.504721 21.25 112.073
6.73 0.175067 0.503949 21.2181 112.091
6.74 0.174657 0.503177 21.1862 112.109
6.75 0.174248 0.502407 21.1543 112.127
6.76 0.173839 0.501637 21.1225 112.144
6.77 0.173432 0.500868 21.0907 112.162
6.78 0.173026 0.5001 21.0589 112.18
6.79 0.172621 0.499333 21.0271 112.198
6.8 0.172216 0.498566 20.9954 112.215
6.81 0.171813 0.497801 20.9637 112.233
6.82 0.171411 0.497036 20.9321 112.251
6.83 0.171011 0.496272 20.9005 112.268
6.84 0.170611 0.495509 20.8689 112.286
6.85 0.170212 0.494747 20.8373 112.304
6.86 0.169814 0.493985 20.8058 112.322
6.87 0.169417 0.493225 20.7743 112.339
6.88 0.169022 0.492465 20.7429 112.357
6.89 0.168627 0.491706 20.7115 112.375
6.9 0.168233 0.490948 20.6801 112.392
6.91 0.167841 0.49019 20.6487 112.41
6.92 0.167449 0.489434 20.6174 112.428
6.93 0.167058 0.488678 20.5861 112.446
6.94 0.166669 0.487924 20.5548 112.463
6.95 0.16628 0.48717 20.5236 112.481
6.96 0.165893 0.486417 20.4924 112.499
6.97 0.165506 0.485664 20.4612 112.516
6.98 0.165121 0.484913 20.4301 112.534
6.99 0.164736 0.484162 20.399 112.552
7 0.164353 0.483413 20.3679 112.57
7.01 0.16397 0.482664 20.3369 112.587
7.02 0.163589 0.481916 20.3059 112.605
7.03 0.163208 0.481169 20.2749 112.623
7.04 0.162829 0.480422 20.244 112.64
7.05 0.16245 0.479677 20.2131 112.658
7.06 0.162073 0.478932 20.1822 112.676
7.07 0.161696 0.478188 20.1513 112.694
7.08 0.16132 0.477445 20.1205 112.711
7.09 0.160946 0.476703 20.0898 112.729
7.1 0.160572 0.475962 20.059 112.747
7.11 0.1602 0.475221 20.0283 112.764
7.12 0.159828 0.474482 19.9976 112.782
7.13 0.159457 0.473743 19.967 112.8
7.14 0.159087 0.473005 19.9364 112.817
7.15 0.158718 0.472268 19.9058 112.835
7.16 0.158351 0.471532 19.8753 112.853
7.17 0.157984 0.470796 19.8448 112.871
7.18 0.157618 0.470062 19.8143 112.888
7.19 0.157253 0.469328 19.7838 112.906
7.2 0.156889 0.468595 19.7534 112.924
7.21 0.156526 0.467863 19.723 112.941
7.22 0.156163 0.467132 19.6927 112.959
7.23 0.155802 0.466402 19.6624 112.977
7.24 0.155442 0.465672 19.6321 112.994
7.25 0.155082 0.464944 19.6019 113.012
7.26 0.154724 0.464216 19.5716 113.03
7.27 0.154366 0.463489 19.5415 113.048
7.28 0.15401 0.462763 19.5113 113.065
7.29 0.153654 0.462038 19.4812 113.083
7.3 0.153299 0.461314 19.4511 113.101
7.31 0.152946 0.46059 19.4211 113.118
7.32 0.152593 0.459868 19.3911 113.136
7.33 0.152241 0.459146 19.3611 113.154
7.34 0.151889 0.458425 19.3311 113.171
7.35 0.151539 0.457705 19.3012 113.189
7.36 0.15119 0.456986 19.2713 113.207
7.37 0.150842 0.456267 19.2415 113.224
7.38 0.150494 0.45555 19.2117 113.242
7.39 0.150147 0.454833 19.1819 113.26
7.4 0.149802 0.454117 19.1522 113.278
7.41 0.149457 0.453402 19.1225 113.295
7.42 0.149113 0.452688 19.0928 113.313
7.43 0.14877 0.451975 19.0631 113.331
7.44 0.148428 0.451263 19.0335 113.348
7.45 0.148086 0.450551 19.0039 113.366
7.46 0.147746 0.44984 18.9744 113.384
7.47 0.147407 0.449131 18.9449 113.401
7.48 0.147068 0.448422 18.9154 113.419
7.49 0.14673 0.447713 18.886 113.437
7.5 0.146393 0.447006 18.8566 113.454
7.51 0.146057 0.4463 18.8272 113.472
7.52 0.145722 0.445594 18.7978 113.49
7.53 0.145388 0.44489 18.7685 113.507
7.54 0.145054 0.444186 18.7393 113.525
7.55 0.144721 0.443483 18.71 113.543
7.56 0.14439 0.442781 18.6808 113.56
7.57 0.144059 0.442079 18.6516 113.578
7.58 0.143729 0.441379 18.6225 113.596
7.59 0.143399 0.440679 18.5934 113.613
7.6 0.143071 0.439981 18.5643 113.631
7.61 0.142744 0.439283 18.5353 113.649
7.62 0.142417 0.438586 18.5063 113.666
7.63 0.142091 0.43789 18.4773 113.684
7.64 0.141766 0.437194 18.4484 113.702
7.65 0.141442 0.4365 18.4195 113.719
7.66 0.141118 0.435806 18.3906 113.737
7.67 0.140796 0.435114 18.3618 113.755
7.68 0.140474 0.434422 18.333 113.772
7.69 0.140153 0.433731 18.3042 113.79
7.7 0.139833 0.433041 18.2755 113.808
7.71 0.139514 0.432351 18.2468 113.825
7.72 0.139196 0.431663 18.2181 113.843
7.73 0.138878 0.430975 18.1895 113.861
7.74 0.138561 0.430289 18.1609 113.878
7.75 0.138245 0.429603 18.1323 113.896
7.76 0.13793 0.428918 18.1038 113.914
7.77 0.137615 0.428234 18.0753 113.931
7.78 0.137302 0.42755 18.0468 113.949
7.79 0.136989 0.426868 18.0184 113.967
7.8 0.136677 0.426186 17.99 113.984
7.81 0.136366 0.425506 17.9617 114.002
7.82 0.136055 0.424826 17.9333 114.02
7.83 0.135746 0.424147 17.9051 114.037
7.84 0.135437 0.423469 17.8768 114.055
7.85 0.135129 0.422791 17.8486 114.073
7.86 0.134822 0.422115 17.8204 114.09
7.87 0.134515 0.421439 17.7922 114.108
7.88 0.134209 0.420764 17.7641 114.126
7.89 0.133905 0.420091 17.736 114.143
7.9 0.1336 0.419418 17.708 114.161
7.91 0.133297 0.418745 17.68 114.179
7.92 0.132994 0.418074 17.652 114.196
7.93 0.132693 0.417404 17.624 114.214
7.94 0.132391 0.416734 17.5961 114.232
7.95 0.132091 0.416065 17.5682 114.249
7.96 0.131792 0.415397 17.5404 114.267
7.97 0.131493 0.41473 17.5126 114.284
7.98 0.131195 0.414064 17.4848 114.302
7.99 0.130898 0.413399 17.457 114.32
8 0.130601 0.412734 17.4293 114.337
8.01 0.130305 0.412071 17.4016 114.355
8.02 0.13001 0.411408 17.374 114.373
8.03 0.129716 0.410746 17.3464 114.39
8.04 0.129422 0.410085 17.3188 114.408
8.05 0.12913 0.409425 17.2913 114.426
8.06 0.128838 0.408765 17.2638 114.443
8.07 0.128546 0.408107 17.2363 114.461
8.08 0.128256 0.407449 17.2089 114.479
8.09 0.127966 0.406792 17.1815 114.496
8.1 0.127677 0.406136 17.1541 114.514
8.11 0.127388 0.405481 17.1267 114.531
8.12 0.127101 0.404827 17.0994 114.549
8.13 0.126814 0.404174 17.0722 114.567
8.14 0.126528 0.403521 17.0449 114.584
8.15 0.126242 0.402869 17.0177 114.602
8.16 0.125957 0.402218 16.9906 114.62
8.17 0.125673 0.401568 16.9634 114.637
8.18 0.12539 0.400919 16.9364 114.655
8.19 0.125107 0.400271 16.9093 114.673
8.2 0.124826 0.399623 16.8823 114.69
8.21 0.124544 0.398977 16.8553 114.708
8.22 0.124264 0.398331 16.8283 114.725
8.23 0.123984 0.397686 16.8014 114.743
8.24 0.123705 0.397042 16.7745 114.761
8.25 0.123427 0.396399 16.7476 114.778
8.26 0.123149 0.395757 16.7208 114.796
8.27 0.122872 0.395115 16.694 114.814
8.28 0.122596 0.394474 16.6672 114.831
8.29 0.12232 0.393835 16.6405 114.849
8.3 0.122045 0.393196 16.6138 114.866
8.31 0.121771 0.392557 16.5872 114.884
8.32 0.121498 0.39192 16.5606 114.902
8.33 0.121225 0.391284 16.534 114.919
8.34 0.120953 0.390648 16.5074 114.937
8.35 0.120681 0.390013 16.4809 114.955
8.36 0.12041 0.389379 16.4544 114.972
8.37 0.12014 0.388746 16.428 114.99
8.38 0.119871 0.388114 16.4015 115.007
8.39 0.119602 0.387483 16.3752 115.025
8.4 0.119334 0.386852 16.3488 115.043
8.41 0.119067 0.386223 16.3225 115.06
8.42 0.1188 0.385594 16.2962 115.078
8.43 0.118534 0.384966 16.27 115.096
8.44 0.118269 0.384339 16.2438 115.113
8.45 0.118004 0.383712 16.2176 115.131
8.46 0.11774 0.383087 16.1914 115.148
8.47 0.117476 0.382462 16.1653 115.166
8.48 0.117214 0.381838 16.1392 115.184
8.49 0.116952 0.381215 16.1132 115.201
8.5 0.11669 0.380593 16.0872 115.219
8.51 0.116429 0.379972 16.0612 115.236
8.52 0.116169 0.379352 16.0353 115.254
8.53 0.11591 0.378732 16.0094 115.272
8.54 0.115651 0.378113 15.9835 115.289
8.55 0.115393 0.377495 15.9577 115.307
8.56 0.115135 0.376878 15.9318 115.324
8.57 0.114878 0.376262 15.9061 115.342
8.58 0.114622 0.375646 15.8803 115.36
8.59 0.114367 0.375032 15.8546 115.377
8.6 0.114112 0.374418 15.829 115.395
8.61 0.113857 0.373805 15.8033 115.413
8.62 0.113604 0.373193 15.7777 115.43
8.63 0.11335 0.372582 15.7521 115.448
8.64 0.113098 0.371972 15.7266 115.465
8.65 0.112846 0.371362 15.7011 115.483
8.66 0.112595 0.370753 15.6756 115.501
8.67 0.112344 0.370145 15.6502 115.518
8.68 0.112094 0.369538 15.6248 115.536
8.69 0.111845 0.368932 15.5994 115.553
8.7 0.111596 0.368327 15.5741 115.571
8.71 0.111348 0.367722 15.5488 115.589
8.72 0.111101 0.367118 15.5235 115.606
8.73 0.110854 0.366515 15.4983 115.624
8.74 0.110608 0.365913 15.4731 115.641
8.75 0.110362 0.365312 15.4479 115.659
8.76 0.110117 0.364712 15.4228 115.676
8.77 0.109873 0.364112 15.3977 115.694
8.78 0.109629 0.363513 15.3726 115.712
8.79 0.109386 0.362915 15.3476 115.729
8.8 0.109143 0.362318 15.3226 115.747
8.81 0.108901 0.361722 15.2976 115.764
8.82 0.10866 0.361126 15.2727 115.782
8.83 0.108419 0.360532 15.2478 115.8
8.84 0.108179 0.359938 15.2229 115.817
8.85 0.107939 0.359345 15.1981 115.835
8.86 0.1077 0.358753 15.1733 115.852
8.87 0.107462 0.358161 15.1486 115.87
8.88 0.107224 0.357571 15.1238 115.888
8.89 0.106987 0.356981 15.0991 115.905
8.9 0.10675 0.356392 15.0745 115.923
8.91 0.106514 0.355804 15.0498 115.94
8.92 0.106278 0.355217 15.0252 115.958
8.93 0.106043 0.354631 15.0007 115.975
8.94 0.105809 0.354045 14.9761 115.993
8.95 0.105575 0.35346 14.9516 116.011
8.96 0.105342 0.352876 14.9272 116.028
8.97 0.10511 0.352293 14.9028 116.046
8.98 0.104878 0.351711 14.8784 116.063
8.99 0.104646 0.351129 14.854 116.081
9 0.104415 0.350549 14.8297 116.099
9.01 0.104185 0.349969 14.8054 116.116
9.02 0.103955 0.34939 14.7811 116.134
9.03 0.103726 0.348811 14.7569 116.151
9.04 0.103497 0.348234 14.7327 116.169
9.05 0.103269 0.347657 14.7085 116.186
9.06 0.103042 0.347082 14.6844 116.204
9.07 0.102815 0.346507 14.6603 116.222
9.08 0.102588 0.345933 14.6362 116.239
9.09 0.102363 0.345359 14.6122 116.257
9.1 0.102137 0.344787 14.5882 116.274
9.11 0.101913 0.344215 14.5642 116.292
9.12 0.101688 0.343644 14.5403 116.309
9.13 0.101465 0.343074 14.5164 116.327
9.14 0.101242 0.342504 14.4925 116.345
9.15 0.101019 0.341936 14.4687 116.362
9.16 0.100797 0.341368 14.4449 116.38
9.17 0.100576 0.340801 14.4211 116.397
9.18 0.100355 0.340235 14.3974 116.415
9.19 0.100135 0.33967 14.3737 116.432
9.2 0.0999148 0.339106 14.35 116.45
9.21 0.0996955 0.338542 14.3264 116.467
9.22 0.0994768 0.337979 14.3028 116.485
9.23 0.0992586 0.337417 14.2792 116.503
9.24 0.099041 0.336856 14.2556 116.52
9.25 0.0988238 0.336295 14.2321 116.538
9.26 0.0986072 0.335736 14.2087 116.555
9.27 0.0983912 0.335177 14.1852 116.573
9.28 0.0981756 0.334619 14.1618 116.59
9.29 0.0979606 0.334062 14.1384 116.608
9.3 0.0977462 0.333505 14.1151 116.626
9.31 0.0975322 0.332949 14.0918 116.643
9.32 0.0973188 0.332395 14.0685 116.661
9.33 0.0971058 0.331841 14.0453 116.678
9.34 0.0968934 0.331287 14.0221 116.696
9.35 0.0966816 0.330735 13.9989 116.713
9.36 0.0964702 0.330183 13.9757 116.731
9.37 0.0962594 0.329632 13.9526 116.748
9.38 0.096049 0.329082 13.9295 116.766
9.39 0.0958392 0.328533 13.9065 116.784
9.4 0.0956299 0.327984 13.8835 116.801
9.41 0.0954211 0.327437 13.8605 116.819
9.42 0.0952128 0.32689 13.8375 116.836
9.43 0.095005 0.326344 13.8146 116.854
9.44 0.0947978 0.325798 13.7917 116.871
9.45 0.094591 0.325254 13.7689 116.889
9.46 0.0943847 0.32471 13.746 116.906
9.47 0.0941789 0.324167 13.7233 116.924
9.48 0.0939737 0.323625 13.7005 116.941
9.49 0.0937689 0.323084 13.6778 116.959
9.5 0.0935646 0.322543 13.6551 116.977
9.51 0.0933609 0.322003 13.6324 116.994
9.52 0.0931576 0.321464 13.6098 117.012
9.53 0.0929548 0.320926 13.5872 117.029
9.54 0.0927525 0.320389 13.5646 117.047
9.55 0.0925507 0.319852 13.5421 117.064
9.56 0.0923494 0.319316 13.5196 117.082
9.57 0.0921486 0.318781 13.4971 117.099
9.58 0.0919482 0.318247 13.4747 117.117
9.59 0.0917484 0.317713 13.4523 117.134
9.6 0.091549 0.31718 13.4299 117.152
9.61 0.0913501 0.316648 13.4076 117.169
9.62 0.0911517 0.316117 13.3853 117.187
9.63 0.0909538 0.315587 13.363 117.205
9.64 0.0907563 0.315057 13.3407 117.222
9.65 0.0905594 0.314528 13.3185 117.24
9.66 0.0903629 0.314 13.2964 117.257
9.67 0.0901669 0.313473 13.2742 117.275
9.68 0.0899713 0.312946 13.2521 117.292
9.69 0.0897763 0.312421 13.23 117.31
9.7 0.0895817 0.311896 13.2079 117.327
9.71 0.0893875 0.311371 13.1859 117.345
9.72 0.0891939 0.310848 13.1639 117.362
9.73 0.0890007 0.310325 13.142 117.38
9.74 0.088808 0.309803 13.12 117.397
9.75 0.0886157 0.309282 13.0982 117.415
9.76 0.0884239 0.308762 13.0763 117.432
9.77 0.0882326 0.308242 13.0545 117.45
9.78 0.0880417 0.307724 13.0327 117.467
9.79 0.0878513 0.307206 13.0109 117.485
9.8 0.0876613 0.306688 12.9891 117.502
9.81 0.0874719 0.306172 12.9674 117.52
9.82 0.0872828 0.305656 12.9458 117.538
9.83 0.0870942 0.305141 12.9241 117.555
9.84 0.0869061 0.304627 12.9025 117.573
9.85 0.0867184 0.304113 12.8809 117.59
9.86 0.0865312 0.303601 12.8594 117.608
9.87 0.0863444 0.303089 12.8379 117.625
9.88 0.0861581 0.302578 12.8164 117.643
9.89 0.0859722 0.302067 12.7949 117.66
9.9 0.0857868 0.301557 12.7735 117.678
9.91 0.0856018 0.301049 12.7521 117.695
9.92 0.0854173 0.30054 12.7307 117.713
9.93 0.0852332 0.300033 12.7094 117.73
9.94 0.0850495 0.299526 12.6881 117.748
9.95 0.0848663 0.299021 12.6668 117.765
9.96 0.0846835 0.298515 12.6456 117.783
9.97 0.0845012 0.298011 12.6244 117.8
9.98 0.0843193 0.297508 12.6032 117.818
9.99 0.0841378 0.297005 12.5821 117.835
10 0.0839568 0.296503 12.561 117.853
10.01 0.0837762 0.296001 12.5399 117.87
10.02 0.083596 0.295501 12.5188 117.888
10.03 0.0834163 0.295001 12.4978 117.905
10.04 0.083237 0.294502 12.4768 117.923
10.05 0.0830581 0.294003 12.4559 117.94
10.06 0.0828797 0.293506 12.4349 117.958
10.07 0.0827016 0.293009 12.4141 117.975
10.08 0.082524 0.292513 12.3932 117.993
10.09 0.0823469 0.292018 12.3724 118.01
10.1 0.0821701 0.291523 12.3515 118.028
10.11 0.0819938 0.291029 12.3308 118.045
10.12 0.0818179 0.290536 12.31 118.063
10.13 0.0816424 0.290044 12.2893 118.08
10.14 0.0814673 0.289552 12.2686 118.098
10.15 0.0812927 0.289061 12.248 118.115
10.16 0.0811185 0.288571 12.2274 118.133
10.17 0.0809447 0.288082 12.2068 118.15
10.18 0.0807713 0.287593 12.1862 118.168
10.19 0.0805983 0.287105 12.1657 118.185
10.2 0.0804257 0.286618 12.1452 118.203
10.21 0.0802535 0.286131 12.1247 118.22
10.22 0.0800818 0.285646 12.1043 118.238
10.23 0.0799104 0.285161 12.0839 118.255
10.24 0.0797395 0.284676 12.0635 118.273
10.25 0.079569 0.284193 12.0432 118.29
10.26 0.0793988 0.28371 12.0228 118.308
10.27 0.0792291 0.283228 12.0026 118.325
10.28 0.0790598 0.282747 11.9823 118.343
10.29 0.0788909 0.282266 11.9621 118.36
10.3 0.0787224 0.281786 11.9419 118.378
10.31 0.0785543 0.281307 11.9217 118.395
10.32 0.0783866 0.280829 11.9016 118.413
10.33 0.0782192 0.280351 11.8815 118.43
10.34 0.0780523 0.279874 11.8614 118.448
10.35 0.0778858 0.279398 11.8413 118.465
10.36 0.0777197 0.278923 11.8213 118.483
10.37 0.077554 0.278448 11.8013 118.5
10.38 0.0773886 0.277974 11.7814 118.518
10.39 0.0772237 0.2775 11.7615 118.535
10.4 0.0770591 0.277028 11.7416 118.553
10.41 0.0768949 0.276556 11.7217 118.57
10.42 0.0767312 0.276085 11.7019 118.587
10.43 0.0765678 0.275614 11.6821 118.605
10.44 0.0764048 0.275145 11.6623 118.622
10.45 0.0762421 0.274676 11.6425 118.64
10.46 0.0760799 0.274208 11.6228 118.657
10.47 0.0759181 0.27374 11.6031 118.675
10.48 0.0757566 0.273273 11.5835 118.692
10.49 0.0755955 0.272807 11.5639 118.71
10.5 0.0754348 0.272342 11.5443 118.727
10.51 0.0752745 0.271877 11.5247 118.745
10.52 0.0751145 0.271413 11.5051 118.762
10.53 0.074955 0.27095 11.4856 118.78
10.54 0.0747958 0.270487 11.4662 118.797
10.55 0.074637 0.270025 11.4467 118.815
10.56 0.0744785 0.269564 11.4273 118.832
10.57 0.0743204 0.269104 11.4079 118.85
10.58 0.0741628 0.268644 11.3885 118.867
10.59 0.0740054 0.268185 11.3692 118.885
10.6 0.0738485 0.267727 11.3499 118.902
10.61 0.0736919 0.267269 11.3306 118.919
10.62 0.0735357 0.266813 11.3114 118.937
10.63 0.0733798 0.266356 11.2922 118.954
10.64 0.0732244 0.265901 11.273 118.972
10.65 0.0730692 0.265446 11.2538 118.989
10.66 0.0729145 0.264992 11.2347 119.007
10.67 0.0727601 0.264539 11.2156 119.024
10.68 0.0726061 0.264086 11.1965 119.042
10.69 0.0724524 0.263634 11.1775 119.059
10.7 0.0722991 0.263183 11.1585 119.077
10.71 0.0721462 0.262732 11.1395 119.094
10.72 0.0719936 0.262283 11.1205 119.112
10.73 0.0718414 0.261833 11.1016 119.129
10.74 0.0716895 0.261385 11.0827 119.146
10.75 0.071538 0.260937 11.0638 119.164
10.76 0.0713869 0.26049 11.045 119.181
10.77 0.0712361 0.260044 11.0262 119.199
10.78 0.0710856 0.259598 11.0074 119.216
10.79 0.0709355 0.259153 10.9886 119.234
10.8 0.0707858 0.258709 10.9699 119.251
10.81 0.0706364 0.258265 10.9512 119.269
10.82 0.0704873 0.257822 10.9326 119.286
10.83 0.0703387 0.25738 10.9139 119.303
10.84 0.0701903 0.256939 10.8953 119.321
10.85 0.0700423 0.256498 10.8767 119.338
10.86 0.0698947 0.256058 10.8582 119.356
10.87 0.0697474 0.255618 10.8397 119.373
10.88 0.0696004 0.255179 10.8212 119.391
10.89 0.0694538 0.254741 10.8027 119.408
10.9 0.0693075 0.254304 10.7843 119.426
10.91 0.0691616 0.253867 10.7658 119.443
10.92 0.069016 0.253431 10.7475 119.461
10.93 0.0688707 0.252996 10.7291 119.478
10.94 0.0687258 0.252561 10.7108 119.495
10.95 0.0685813 0.252127 10.6925 119.513
10.96 0.068437 0.251694 10.6742 119.53
10.97 0.0682931 0.251261 10.656 119.548
10.98 0.0681496 0.250829 10.6378 119.565
10.99 0.0680063 0.250398 10.6196 119.583
11 0.0678634 0.249967 10.6014 119.6
11.01 0.0677209 0.249537 10.5833 119.617
11.02 0.0675786 0.249108 10.5652 119.635
11.03 0.0674367 0.24868 10.5471 119.652
11.04 0.0672952 0.248252 10.5291 119.67
11.05 0.0671539 0.247825 10.5111 119.687
11.06 0.067013 0.247398 10.4931 119.705
11.07 0.0668724 0.246972 10.4751 119.722
11.08 0.0667322 0.246547 10.4572 119.74
11.09 0.0665922 0.246122 10.4393 119.757
11.1 0.0664526 0.245698 10.4214 119.774
11.11 0.0663134 0.245275 10.4035 119.792
11.12 0.0661744 0.244853 10.3857 119.809
11.13 0.0660358 0.244431 10.3679 119.827
11.14 0.0658974 0.24401 10.3502 119.844
11.15 0.0657595 0.243589 10.3324 119.862
11.16 0.0656218 0.243169 10.3147 119.879
11.17 0.0654844 0.24275 10.297 119.896
11.18 0.0653474 0.242331 10.2794 119.914
11.19 0.0652107 0.241913 10.2617 119.931
11.2 0.0650743 0.241496 10.2441 119.949
11.21 0.0649382 0.24108 10.2266 119.966
11.22 0.0648024 0.240664 10.209 119.983
11.23 0.064667 0.240249 10.1915 120.001
11.24 0.0645318 0.239834 10.174 120.018
11.25 0.064397 0.23942 10.1565 120.036
11.26 0.0642625 0.239007 10.1391 120.053
11.27 0.0641283 0.238594 10.1217 120.071
11.28 0.0639944 0.238182 10.1043 120.088
11.29 0.0638608 0.237771 10.087 120.105
11.3 0.0637275 0.23736 10.0696 120.123
11.31 0.0635946 0.23695 10.0523 120.14
11.32 0.0634619 0.236541 10.0351 120.158
11.33 0.0633295 0.236132 10.0178 120.175
11.34 0.0631975 0.235724 10.0006 120.193
11.35 0.0630657 0.235316 9.98339 120.21
11.36 0.0629343 0.23491 9.96623 120.227
11.37 0.0628032 0.234504 9.94909 120.245
11.38 0.0626723 0.234098 9.93198 120.262
11.39 0.0625418 0.233693 9.91489 120.28
11.4 0.0624116 0.233289 9.89783 120.297
11.41 0.0622816 0.232886 9.8808 120.314
11.42 0.062152 0.232483 9.86379 120.332
11.43 0.0620227 0.23208 9.84682 120.349
11.44 0.0618936 0.231679 9.82986 120.367
11.45 0.0617649 0.231278 9.81294 120.384
11.46 0.0616364 0.230877 9.79604 120.401
11.47 0.0615083 0.230478 9.77917 120.419
11.48 0.0613804 0.230079 9.76232 120.436
11.49 0.0612529 0.22968 9.74551 120.454
11.5 0.0611256 0.229283 9.72871 120.471
11.51 0.0609986 0.228885 9.71195 120.488
11.52 0.060872 0.228489 9.69521 120.506
11.53 0.0607456 0.228093 9.6785 120.523
11.54 0.0606195 0.227698 9.66181 120.541
11.55 0.0604937 0.227303 9.64515 120.558
11.56 0.0603681 0.226909 9.62852 120.575
11.57 0.0602429 0.226516 9.61191 120.593
11.58 0.060118 0.226123 9.59533 120.61
11.59 0.0599933 0.225731 9.57878 120.628
11.6 0.0598689 0.22534 9.56225 120.645
11.61 0.0597448 0.224949 9.54574 120.662
11.62 0.059621 0.224559 9.52927 120.68
11.63 0.0594975 0.224169 9.51282 120.697
11.64 0.0593743 0.22378 9.49639 120.715
11.65 0.0592513 0.223392 9.48 120.732
11.66 0.0591286 0.223004 9.46363 120.749
11.67 0.0590062 0.222617 9.44728 120.767
11.68 0.0588841 0.22223 9.43096 120.784
11.69 0.0587623 0.221845 9.41467 120.802
11.7 0.0586407 0.221459 9.3984 120.819
11.71 0.0585195 0.221075 9.38215 120.836
11.72 0.0583985 0.220691 9.36594 120.854
11.73 0.0582777 0.220307 9.34975 120.871
11.74 0.0581573 0.219925 9.33358 120.888
11.75 0.0580371 0.219543 9.31744 120.906
11.76 0.0579172 0.219161 9.30133 120.923
11.77 0.0577976 0.21878 9.28524 120.941
11.78 0.0576782 0.2184 9.26918 120.958
11.79 0.0575591 0.21802 9.25314 120.975
11.8 0.0574403 0.217641 9.23713 120.993
11.81 0.0573218 0.217263 9.22115 121.01
11.82 0.0572035 0.216885 9.20519 121.028
11.83 0.0570855 0.216508 9.18925 121.045
11.84 0.0569678 0.216131 9.17334 121.062
11.85 0.0568503 0.215755 9.15746 121.08
11.86 0.0567331 0.21538 9.1416 121.097
11.87 0.0566162 0.215005 9.12577 121.114
11.88 0.0564995 0.214631 9.10996 121.132
11.89 0.0563831 0.214257 9.09418 121.149
11.9 0.056267 0.213884 9.07842 121.167
11.91 0.0561511 0.213512 9.06269 121.184
11.92 0.0560355 0.21314 9.04699 121.201
11.93 0.0559202 0.212769 9.0313 121.219
11.94 0.0558051 0.212399 9.01565 121.236
11.95 0.0556903 0.212029 9.00002 121.253
11.96 0.0555757 0.211659 8.98441 121.271
11.97 0.0554614 0.211291 8.96883 121.288
11.98 0.0553474 0.210922 8.95327 121.306
11.99 0.0552336 0.210555 8.93774 121.323
12 0.0551201 0.210188 8.92224 121.34
12.01 0.0550068 0.209822 8.90676 121.358
12.02 0.0548938 0.209456 8.8913 121.375
12.03 0.0547811 0.209091 8.87587 121.392
12.04 0.0546686 0.208726 8.86046 121.41
12.05 0.0545563 0.208362 8.84508 121.427
12.06 0.0544443 0.207999 8.82972 121.444
12.07 0.0543326 0.207636 8.81439 121.462
12.08 0.0542211 0.207274 8.79908 121.479
12.09 0.0541099 0.206912 8.7838 121.497
12.1 0.0539989 0.206551 8.76854 121.514
12.11 0.0538882 0.206191 8.75331 121.531
12.12 0.0537777 0.205831 8.7381 121.549
12.13 0.0536675 0.205472 8.72291 121.566
12.14 0.0535575 0.205113 8.70775 121.583
12.15 0.0534478 0.204755 8.69262 121.601
12.16 0.0533383 0.204397 8.67751 121.618
12.17 0.053229 0.20404 8.66242 121.635
12.18 0.0531201 0.203684 8.64736 121.653
12.19 0.0530113 0.203328 8.63232 121.67
12.2 0.0529028 0.202973 8.6173 121.687
12.21 0.0527946 0.202619 8.60232 121.705
12.22 0.0526866 0.202265 8.58735 121.722
12.23 0.0525788 0.201911 8.57241 121.739
12.24 0.0524713 0.201558 8.55749 121.757
12.25 0.052364 0.201206 8.5426 121.774
12.26 0.052257 0.200854 8.52773 121.792
12.27 0.0521502 0.200503 8.51289 121.809
12.28 0.0520436 0.200153 8.49807 121.826
12.29 0.0519373 0.199803 8.48327 121.844
12.3 0.0518312 0.199453 8.4685 121.861
12.31 0.0517254 0.199104 8.45375 121.878
12.32 0.0516198 0.198756 8.43902 121.896
12.33 0.0515144 0.198408 8.42432 121.913
12.34 0.0514093 0.198061 8.40965 121.93
12.35 0.0513044 0.197715 8.39499 121.948
12.36 0.0511997 0.197369 8.38036 121.965
12.37 0.0510953 0.197023 8.36576 121.982
12.38 0.0509911 0.196679 8.35118 122
12.39 0.0508872 0.196334 8.33662 122.017
12.4 0.0507834 0.195991 8.32208 122.034
12.41 0.05068 0.195648 8.30757 122.052
12.42 0.0505767 0.195305 8.29309 122.069
12.43 0.0504737 0.194963 8.27862 122.086
12.44 0.0503709 0.194622 8.26418 122.104
12.45 0.0502683 0.194281 8.24977 122.121
12.46 0.050166 0.19394 8.23537 122.138
12.47 0.0500639 0.193601 8.221 122.156
12.48 0.049962 0.193261 8.20666 122.173
12.49 0.0498604 0.192923 8.19234 122.19
12.5 0.049759 0.192585 8.17804 122.208
12.51 0.0496578 0.192247 8.16376 122.225
12.52 0.0495568 0.19191 8.14951 122.242
12.53 0.0494561 0.191574 8.13528 122.26
12.54 0.0493555 0.191238 8.12107 122.277
12.55 0.0492553 0.190903 8.10689 122.294
12.56 0.0491552 0.190568 8.09273 122.312
12.57 0.0490554 0.190234 8.07859 122.329
12.58 0.0489557 0.1899 8.06448 122.346
12.59 0.0488563 0.189567 8.05039 122.364
12.6 0.0487572 0.189234 8.03632 122.381
12.61 0.0486582 0.188902 8.02228 122.398
12.62 0.0485595 0.188571 8.00826 122.416
12.63 0.048461 0.18824 7.99426 122.433
12.64 0.0483627 0.18791 7.98028 122.45
12.65 0.0482646 0.18758 7.96633 122.468
12.66 0.0481667 0.187251 7.9524 122.485
12.67 0.0480691 0.186922 7.9385 122.502
12.68 0.0479717 0.186594 7.92461 122.519
12.69 0.0478745 0.186266 7.91075 122.537
12.7 0.0477775 0.185939 7.89691 122.554
12.71 0.0476807 0.185612 7.8831 122.571
12.72 0.0475842 0.185286 7.8693 122.589
12.73 0.0474878 0.184961 7.85553 122.606
12.74 0.0473917 0.184636 7.84178 122.623
12.75 0.0472958 0.184312 7.82806 122.641
12.76 0.0472001 0.183988 7.81436 122.658
12.77 0.0471046 0.183665 7.80068 122.675
12.78 0.0470093 0.183342 7.78702 122.693
12.79 0.0469143 0.18302 7.77338 122.71
12.8 0.0468194 0.182698 7.75977 122.727
12.81 0.0467248 0.182377 7.74618 122.745
12.82 0.0466303 0.182056 7.73261 122.762
12.83 0.0465361 0.181736 7.71907 122.779
12.84 0.0464421 0.181416 7.70554 122.796
12.85 0.0463483 0.181097 7.69204 122.814
12.86 0.0462547 0.180779 7.67857 122.831
12.87 0.0461613 0.180461 7.66511 122.848
12.88 0.0460681 0.180143 7.65167 122.866
12.89 0.0459752 0.179827 7.63826 122.883
12.9 0.0458824 0.17951 7.62487 122.9
12.91 0.0457898 0.179194 7.6115 122.918
12.92 0.0456975 0.178879 7.59816 122.935
12.93 0.0456053 0.178564 7.58484 122.952
12.94 0.0455134 0.17825 7.57153 122.97
12.95 0.0454216 0.177936 7.55825 122.987
12.96 0.0453301 0.177623 7.545 123.004
12.97 0.0452387 0.17731 7.53176 123.021
12.98 0.0451476 0.176998 7.51855 123.039
12.99 0.0450567 0.176686 7.50535 123.056
13 0.0449659 0.176375 7.49218 123.073
13.01 0.0448754 0.176065 7.47903 123.091
13.02 0.044785 0.175755 7.46591 123.108
13.03 0.0446949 0.175445 7.4528 123.125
13.04 0.044605 0.175136 7.43972 123.142
13.05 0.0445152 0.174827 7.42666 123.16
13.06 0.0444257 0.174519 7.41362 123.177
13.07 0.0443363 0.174212 7.4006 123.194
13.08 0.0442472 0.173905 7.3876 123.212
13.09 0.0441582 0.173598 7.37463 123.229
13.1 0.0440695 0.173292 7.36167 123.246
13.11 0.0439809 0.172987 7.34874 123.263
13.12 0.0438926 0.172682 7.33583 123.281
13.13 0.0438044 0.172377 7.32294 123.298
13.14 0.0437164 0.172073 7.31007 123.315
13.15 0.0436286 0.17177 7.29723 123.333
13.16 0.043541 0.171467 7.2844 123.35
13.17 0.0434536 0.171165 7.2716 123.367
13.18 0.0433664 0.170863 7.25881 123.384
13.19 0.0432794 0.170561 7.24605 123.402
13.2 0.0431926 0.17026 7.23331 123.419
13.21 0.043106 0.16996 7.22059 123.436
13.22 0.0430195 0.16966 7.20789 123.454
13.23 0.0429333 0.169361 7.19522 123.471
13.24 0.0428472 0.169062 7.18256 123.488
13.25 0.0427613 0.168764 7.16993 123.505
13.26 0.0426757 0.168466 7.15731 123.523
13.27 0.0425902 0.168168 7.14472 123.54
13.28 0.0425048 0.167871 7.13215 123.557
13.29 0.0424197 0.167575 7.1196 123.575
13.3 0.0423348 0.167279 7.10707 123.592
13.31 0.04225 0.166984 7.09456 123.609
13.32 0.0421655 0.166689 7.08207 123.626
13.33 0.0420811 0.166394 7.06961 123.644
13.34 0.0419969 0.166101 7.05716 123.661
13.35 0.0419129 0.165807 7.04473 123.678
13.36 0.0418291 0.165514 7.03233 123.695
13.37 0.0417454 0.165222 7.01994 123.713
13.38 0.041662 0.16493 7.00758 123.73
13.39 0.0415787 0.164638 6.99524 123.747
13.4 0.0414956 0.164348 6.98292 123.764
13.41 0.0414127 0.164057 6.97061 123.782
13.42 0.04133 0.163767 6.95833 123.799
13.43 0.0412474 0.163478 6.94607 123.816
13.44 0.041165 0.163189 6.93383 123.834
13.45 0.0410828 0.1629 6.92161 123.851
13.46 0.0410008 0.162612 6.90941 123.868
13.47 0.040919 0.162325 6.89724 123.885
13.48 0.0408373 0.162038 6.88508 123.903
13.49 0.0407559 0.161751 6.87294 123.92
13.5 0.0406746 0.161465 6.86082 123.937
13.51 0.0405935 0.161179 6.84872 123.954
13.52 0.0405125 0.160894 6.83665 123.972
13.53 0.0404317 0.16061 6.82459 123.989
13.54 0.0403512 0.160326 6.81255 124.006
13.55 0.0402707 0.160042 6.80054 124.023
13.56 0.0401905 0.159759 6.78854 124.041
13.57 0.0401104 0.159476 6.77656 124.058
13.58 0.0400305 0.159194 6.76461 124.075
13.59 0.0399508 0.158912 6.75267 124.092
13.6 0.0398713 0.158631 6.74076 124.11
13.61 0.0397919 0.15835 6.72886 124.127
13.62 0.0397127 0.15807 6.71698 124.144
13.63 0.0396337 0.15779 6.70513 124.161
13.64 0.0395548 0.15751 6.69329 124.179
13.65 0.0394761 0.157231 6.68148 124.196
13.66 0.0393976 0.156953 6.66968 124.213
13.67 0.0393193 0.156675 6.6579 124.23
13.68 0.0392411 0.156398 6.64615 124.248
13.69 0.0391631 0.156121 6.63441 124.265
13.7 0.0390853 0.155844 6.62269 124.282
13.71 0.0390076 0.155568 6.61099 124.299
13.72 0.0389301 0.155292 6.59932 124.317
13.73 0.0388528 0.155017 6.58766 124.334
13.74 0.0387756 0.154743 6.57602 124.351
13.75 0.0386986 0.154468 6.5644 124.368
13.76 0.0386218 0.154195 6.5528 124.386
13.77 0.0385452 0.153921 6.54122 124.403
13.78 0.0384687 0.153648 6.52966 124.42
13.79 0.0383923 0.153376 6.51812 124.437
13.8 0.0383162 0.153104 6.5066 124.455
13.81 0.0382402 0.152833 6.4951 124.472
13.82 0.0381644 0.152562 6.48361 124.489
13.83 0.0380887 0.152291 6.47215 124.506
13.84 0.0380132 0.152021 6.46071 124.523
13.85 0.0379378 0.151752 6.44928 124.541
13.86 0.0378627 0.151483 6.43788 124.558
13.87 0.0377876 0.151214 6.42649 124.575
13.88 0.0377128 0.150946 6.41512 124.592
13.89 0.0376381 0.150678 6.40378 124.61
13.9 0.0375636 0.150411 6.39245 124.627
13.91 0.0374892 0.150144 6.38114 124.644
13.92 0.037415 0.149877 6.36985 124.661
13.93 0.0373409 0.149611 6.35858 124.679
13.94 0.037267 0.149346 6.34732 124.696
13.95 0.0371933 0.149081 6.33609 124.713
13.96 0.0371197 0.148816 6.32488 124.73
13.97 0.0370463 0.148552 6.31368 124.747
13.98 0.0369731 0.148288 6.30251 124.765
13.99 0.0369 0.148025 6.29135 124.782
14 0.036827 0.147762 6.28021 124.799
14.01 0.0367543 0.1475 6.26909 124.816
14.02 0.0366816 0.147238 6.25799 124.834
14.03 0.0366092 0.146977 6.24691 124.851
14.04 0.0365369 0.146716 6.23584 124.868
14.05 0.0364647 0.146455 6.2248 124.885
14.06 0.0363927 0.146195 6.21377 124.902
14.07 0.0363208 0.145935 6.20277 124.92
14.08 0.0362492 0.145676 6.19178 124.937
14.09 0.0361776 0.145417 6.18081 124.954
14.1 0.0361062 0.145159 6.16986 124.971
14.11 0.036035 0.144901 6.15893 124.988
14.12 0.0359639 0.144644 6.14801 125.006
14.13 0.035893 0.144387 6.13712 125.023
14.14 0.0358222 0.14413 6.12624 125.04
14.15 0.0357516 0.143874 6.11538 125.057
14.16 0.0356811 0.143618 6.10454 125.075
14.17 0.0356108 0.143363 6.09372 125.092
14.18 0.0355406 0.143108 6.08292 125.109
14.19 0.0354706 0.142854 6.07213 125.126
14.2 0.0354008 0.1426 6.06136 125.143
14.21 0.035331 0.142346 6.05062 125.161
14.22 0.0352615 0.142093 6.03989 125.178
14.23 0.0351921 0.141841 6.02917 125.195
14.24 0.0351228 0.141588 6.01848 125.212
14.25 0.0350537 0.141337 6.00781 125.229
14.26 0.0349847 0.141085 5.99715 125.247
14.27 0.0349159 0.140834 5.98651 125.264
14.28 0.0348472 0.140584 5.97589 125.281
14.29 0.0347787 0.140334 5.96529 125.298
14.3 0.0347103 0.140084 5.9547 125.315
14.31 0.034642 0.139835 5.94413 125.333
14.32 0.0345739 0.139586 5.93358 125.35
14.33 0.034506 0.139338 5.92305 125.367
14.34 0.0344382 0.13909 5.91254 125.384
14.35 0.0343705 0.138842 5.90205 125.401
14.36 0.034303 0.138595 5.89157 125.419
14.37 0.0342356 0.138349 5.88111 125.436
14.38 0.0341684 0.138102 5.87067 125.453
14.39 0.0341013 0.137857 5.86024 125.47
14.4 0.0340344 0.137611 5.84984 125.487
14.41 0.0339676 0.137366 5.83945 125.505
14.42 0.0339009 0.137122 5.82908 125.522
14.43 0.0338344 0.136878 5.81873 125.539
14.44 0.0337681 0.136634 5.80839 125.556
14.45 0.0337018 0.136391 5.79807 125.573
14.46 0.0336358 0.136148 5.78777 125.591
14.47 0.0335698 0.135905 5.77749 125.608
14.48 0.033504 0.135663 5.76723 125.625
14.49 0.0334383 0.135422 5.75698 125.642
14.5 0.0333728 0.13518 5.74675 125.659
14.51 0.0333074 0.13494 5.73654 125.676
14.52 0.0332422 0.134699 5.72634 125.694
14.53 0.0331771 0.134459 5.71617 125.711
14.54 0.0331121 0.13422 5.70601 125.728
14.55 0.0330473 0.13398 5.69587 125.745
14.56 0.0329826 0.133742 5.68574 125.762
14.57 0.032918 0.133503 5.67563 125.78
14.58 0.0328536 0.133266 5.66554 125.797
14.59 0.0327893 0.133028 5.65547 125.814
14.6 0.0327252 0.132791 5.64541 125.831
14.61 0.0326612 0.132554 5.63537 125.848
14.62 0.0325973 0.132318 5.62535 125.865
14.63 0.0325335 0.132082 5.61535 125.883
14.64 0.0324699 0.131847 5.60536 125.9
14.65 0.0324065 0.131612 5.59539 125.917
14.66 0.0323431 0.131377 5.58544 125.934
14.67 0.0322799 0.131143 5.5755 125.951
14.68 0.0322169 0.130909 5.56558 125.968
14.69 0.0321539 0.130675 5.55568 125.986
14.7 0.0320911 0.130442 5.5458 126.003
14.71 0.0320285 0.13021 5.53593 126.02
14.72 0.0319659 0.129978 5.52608 126.037
14.73 0.0319035 0.129746 5.51624 126.054
14.74 0.0318413 0.129514 5.50642 126.071
14.75 0.0317791 0.129283 5.49662 126.089
14.76 0.0317171 0.129053 5.48684 126.106
14.77 0.0316553 0.128822 5.47707 126.123
14.78 0.0315935 0.128593 5.46732 126.14
14.79 0.0315319 0.128363 5.45759 126.157
14.8 0.0314704 0.128134 5.44787 126.174
14.81 0.0314091 0.127905 5.43817 126.192
14.82 0.0313479 0.127677 5.42849 126.209
14.83 0.0312868 0.127449 5.41882 126.226
14.84 0.0312258 0.127222 5.40917 126.243
14.85 0.031165 0.126995 5.39954 126.26
14.86 0.0311043 0.126768 5.38992 126.277
14.87 0.0310437 0.126542 5.38032 126.295
14.88 0.0309832 0.126316 5.37074 126.312
14.89 0.0309229 0.12609 5.36117 126.329
14.9 0.0308627 0.125865 5.35162 126.346
14.91 0.0308026 0.125641 5.34209 126.363
14.92 0.0307427 0.125416 5.33257 126.38
14.93 0.0306829 0.125192 5.32307 126.398
14.94 0.0306232 0.124969 5.31358 126.415
14.95 0.0305636 0.124746 5.30411 126.432
14.96 0.0305042 0.124523 5.29466 126.449
14.97 0.0304449 0.1243 5.28522 126.466
14.98 0.0303857 0.124078 5.2758 126.483
14.99 0.0303266 0.123857 5.2664 126.5
15 0.0302677 0.123635 5.25701 126.518
15.01 0.0302089 0.123415 5.24764 126.535
15.02 0.0301502 0.123194 5.23828 126.552
15.03 0.0300916 0.122974 5.22894 126.569
15.04 0.0300332 0.122754 5.21962 126.586
15.05 0.0299748 0.122535 5.21031 126.603
15.06 0.0299166 0.122316 5.20102 126.62
15.07 0.0298586 0.122097 5.19175 126.638
15.08 0.0298006 0.121879 5.18249 126.655
15.09 0.0297428 0.121661 5.17324 126.672
15.1 0.029685 0.121444 5.16402 126.689
15.11 0.0296275 0.121227 5.15481 126.706
15.12 0.02957 0.12101 5.14561 126.723
15.13 0.0295126 0.120794 5.13643 126.74
15.14 0.0294554 0.120578 5.12727 126.758
15.15 0.0293983 0.120362 5.11812 126.775
15.16 0.0293413 0.120147 5.10899 126.792
15.17 0.0292844 0.119932 5.09987 126.809
15.18 0.0292277 0.119718 5.09077 126.826
15.19 0.029171 0.119504 5.08169 126.843
15.2 0.0291145 0.11929 5.07262 126.86
15.21 0.0290581 0.119077 5.06356 126.878
15.22 0.0290019 0.118864 5.05453 126.895
15.23 0.0289457 0.118651 5.0455 126.912
15.24 0.0288897 0.118439 5.0365 126.929
15.25 0.0288337 0.118227 5.02751 126.946
15.26 0.0287779 0.118016 5.01853 126.963
15.27 0.0287222 0.117805 5.00957 126.98
15.28 0.0286667 0.117594 5.00063 126.997
15.29 0.0286112 0.117384 4.9917 127.015
15.3 0.0285559 0.117174 4.98279 127.032
15.31 0.0285006 0.116964 4.97389 127.049
15.32 0.0284455 0.116755 4.965 127.066
15.33 0.0283905 0.116546 4.95614 127.083
15.34 0.0283356 0.116337 4.94729 127.1
15.35 0.0282809 0.116129 4.93845 127.117
15.36 0.0282262 0.115921 4.92963 127.134
15.37 0.0281717 0.115714 4.92082 127.152
15.38 0.0281173 0.115507 4.91203 127.169
15.39 0.0280629 0.1153 4.90326 127.186
15.4 0.0280087 0.115093 4.8945 127.203
15.41 0.0279547 0.114887 4.88575 127.22
15.42 0.0279007 0.114682 4.87702 127.237
15.43 0.0278468 0.114476 4.86831 127.254
15.44 0.0277931 0.114272 4.85961 127.271
15.45 0.0277394 0.114067 4.85092 127.289
15.46 0.0276859 0.113863 4.84225 127.306
15.47 0.0276325 0.113659 4.8336 127.323
15.48 0.0275792 0.113455 4.82496 127.34
15.49 0.027526 0.113252 4.81633 127.357
15.5 0.0274729 0.113049 4.80772 127.374
15.51 0.02742 0.112847 4.79913 127.391
15.52 0.0273671 0.112645 4.79055 127.408
15.53 0.0273144 0.112443 4.78199 127.425
15.54 0.0272617 0.112242 4.77344 127.443
15.55 0.0272092 0.112041 4.7649 127.46
15.56 0.0271568 0.11184 4.75638 127.477
15.57 0.0271045 0.111639 4.74788 127.494
15.58 0.0270523 0.111439 4.73939 127.511
15.59 0.0270002 0.11124 4.73091 127.528
15.6 0.0269482 0.111041 4.72245 127.545
15.61 0.0268963 0.110842 4.714 127.562
15.62 0.0268445 0.110643 4.70557 127.579
15.63 0.0267929 0.110445 4.69715 127.596
15.64 0.0267413 0.110247 4.68875 127.614
15.65 0.0266898 0.110049 4.68036 127.631
15.66 0.0266385 0.109852 4.67199 127.648
15.67 0.0265873 0.109655 4.66363 127.665
15.68 0.0265361 0.109459 4.65529 127.682
15.69 0.0264851 0.109262 4.64696 127.699
15.7 0.0264342 0.109067 4.63864 127.716
15.71 0.0263834 0.108871 4.63034 127.733
15.72 0.0263327 0.108676 4.62206 127.75
15.73 0.0262821 0.108481 4.61378 127.767
15.74 0.0262316 0.108287 4.60553 127.785
15.75 0.0261812 0.108092 4.59728 127.802
15.76 0.0261309 0.107899 4.58906 127.819
15.77 0.0260807 0.107705 4.58084 127.836
15.78 0.0260306 0.107512 4.57264 127.853
15.79 0.0259806 0.107319 4.56446 127.87
15.8 0.0259308 0.107127 4.55628 127.887
15.81 0.025881 0.106935 4.54813 127.904
15.82 0.0258313 0.106743 4.53998 127.921
15.83 0.0257818 0.106552 4.53186 127.938
15.84 0.0257323 0.10636 4.52374 127.955
15.85 0.0256829 0.10617 4.51564 127.973
15.86 0.0256337 0.105979 4.50755 127.99
15.87 0.0255845 0.105789 4.49948 128.007
15.88 0.0255355 0.105599 4.49142 128.024
15.89 0.0254865 0.10541 4.48338 128.041
15.9 0.0254377 0.105221 4.47535 128.058
15.91 0.0253889 0.105032 4.46733 128.075
15.92 0.0253402 0.104844 4.45933 128.092
15.93 0.0252917 0.104656 4.45134 128.109
15.94 0.0252432 0.104468 4.44337 128.126
15.95 0.0251949 0.10428 4.43541 128.143
15.96 0.0251466 0.104093 4.42746 128.16
15.97 0.0250985 0.103906 4.41953 128.177
15.98 0.0250504 0.10372 4.41161 128.195
15.99 0.0250025 0.103534 4.40371 128.212
16 0.0249546 0.103348 4.39582 128.229
16.01 0.0249069 0.103162 4.38794 128.246
16.02 0.0248592 0.102977 4.38008 128.263
16.03 0.0248116 0.102792 4.37223 128.28
16.04 0.0247642 0.102608 4.36439 128.297
16.05 0.0247168 0.102424 4.35657 128.314
16.06 0.0246695 0.10224 4.34876 128.331
16.07 0.0246224 0.102056 4.34097 128.348
16.08 0.0245753 0.101873 4.33318 128.365
16.09 0.0245283 0.10169 4.32542 128.382
16.1 0.0244814 0.101508 4.31766 128.399
16.11 0.0244346 0.101325 4.30992 128.416
16.12 0.0243879 0.101144 4.3022 128.434
16.13 0.0243414 0.100962 4.29448 128.451
16.14 0.0242949 0.100781 4.28678 128.468
16.15 0.0242485 0.1006 4.2791 128.485
16.16 0.0242021 0.100419 4.27142 128.502
16.17 0.0241559 0.100239 4.26376 128.519
16.18 0.0241098 0.100059 4.25612 128.536
16.19 0.0240638 0.0998789 4.24848 128.553
16.2 0.0240179 0.0996995 4.24086 128.57
16.21 0.023972 0.0995204 4.23326 128.587
16.22 0.0239263 0.0993417 4.22567 128.604
16.23 0.0238806 0.0991632 4.21809 128.621
16.24 0.0238351 0.0989851 4.21052 128.638
16.25 0.0237896 0.0988073 4.20297 128.655
16.26 0.0237443 0.0986297 4.19543 128.672
16.27 0.023699 0.0984526 4.1879 128.689
16.28 0.0236538 0.0982757 4.18039 128.707
16.29 0.0236087 0.0980991 4.17289 128.724
16.3 0.0235637 0.0979228 4.1654 128.741
16.31 0.0235188 0.0977469 4.15793 128.758
16.32 0.023474 0.0975712 4.15047 128.775
16.33 0.0234293 0.0973959 4.14302 128.792
16.34 0.0233847 0.0972209 4.13558 128.809
16.35 0.0233401 0.0970462 4.12816 128.826
16.36 0.0232957 0.0968718 4.12075 128.843
16.37 0.0232513 0.0966977 4.11336 128.86
16.38 0.023207 0.0965239 4.10598 128.877
16.39 0.0231629 0.0963504 4.09861 128.894
16.4 0.0231188 0.0961772 4.09125 128.911
16.41 0.0230748 0.0960043 4.08391 128.928
16.42 0.0230309 0.0958318 4.07658 128.945
16.43 0.0229871 0.0956595 4.06926 128.962
16.44 0.0229433 0.0954875 4.06195 128.979
16.45 0.0228997 0.0953159 4.05466 128.996
16.46 0.0228561 0.0951445 4.04738 129.013
16.47 0.0228127 0.0949735 4.04011 129.03
16.48 0.0227693 0.0948027 4.03286 129.047
16.49 0.022726 0.0946323 4.02562 129.064
16.5 0.0226828 0.0944621 4.01839 129.082
16.51 0.0226397 0.0942923 4.01117 129.099
16.52 0.0225967 0.0941227 4.00397 129.116
16.53 0.0225538 0.0939534 3.99678 129.133
16.54 0.0225109 0.0937845 3.9896 129.15
16.55 0.0224682 0.0936158 3.98244 129.167
16.56 0.0224255 0.0934475 3.97529 129.184
16.57 0.0223829 0.0932794 3.96815 129.201
16.58 0.0223404 0.0931116 3.96102 129.218
16.59 0.022298 0.0929442 3.9539 129.235
16.6 0.0222557 0.092777 3.9468 129.252
16.61 0.0222135 0.0926101 3.93971 129.269
16.62 0.0221713 0.0924435 3.93263 129.286
16.63 0.0221292 0.0922773 3.92557 129.303
16.64 0.0220873 0.0921113 3.91852 129.32
16.65 0.0220454 0.0919456 3.91148 129.337
16.66 0.0220036 0.0917801 3.90445 129.354
16.67 0.0219618 0.091615 3.89743 129.371
16.68 0.0219202 0.0914502 3.89043 129.388
16.69 0.0218786 0.0912857 3.88344 129.405
16.7 0.0218372 0.0911214 3.87646 129.422
16.71 0.0217958 0.0909575 3.8695 129.439
16.72 0.0217545 0.0907938 3.86254 129.456
16.73 0.0217132 0.0906304 3.8556 129.473
16.74 0.0216721 0.0904673 3.84867 129.49
16.75 0.0216311 0.0903046 3.84175 129.507
16.76 0.0215901 0.090142 3.83485 129.524
16.77 0.0215492 0.0899798 3.82796 129.541
16.78 0.0215084 0.0898179 3.82108 129.558
16.79 0.0214677 0.0896562 3.81421 129.575
16.8 0.021427 0.0894949 3.80735 129.592
16.81 0.0213865 0.0893338 3.80051 129.609
16.82 0.021346 0.089173 3.79367 129.626
16.83 0.0213056 0.0890125 3.78685 129.643
16.84 0.0212653 0.0888523 3.78005 129.66
16.85 0.0212251 0.0886923 3.77325 129.677
16.86 0.0211849 0.0885327 3.76647 129.694
16.87 0.0211449 0.0883733 3.75969 129.711
16.88 0.0211049 0.0882142 3.75293 129.728
16.89 0.021065 0.0880554 3.74618 129.745
16.9 0.0210251 0.0878969 3.73945 129.762
16.91 0.0209854 0.0877386 3.73272 129.779
16.92 0.0209457 0.0875806 3.72601 129.796
16.93 0.0209062 0.087423 3.71931 129.813
16.94 0.0208666 0.0872655 3.71262 129.83
16.95 0.0208272 0.0871084 3.70594 129.847
16.96 0.0207879 0.0869516 3.69928 129.864
16.97 0.0207486 0.086795 3.69262 129.881
16.98 0.0207094 0.0866387 3.68598 129.898
16.99 0.0206703 0.0864827 3.67935 129.915
17 0.0206313 0.0863269 3.67273 129.932
17.01 0.0205923 0.0861715 3.66613 129.949
17.02 0.0205535 0.0860163 3.65953 129.966
17.03 0.0205147 0.0858613 3.65295 129.983
17.04 0.020476 0.0857067 3.64638 130
17.05 0.0204373 0.0855523 3.63982 130.017
17.06 0.0203988 0.0853982 3.63327 130.034
17.07 0.0203603 0.0852444 3.62673 130.051
17.08 0.0203219 0.0850909 3.62021 130.068
17.09 0.0202836 0.0849376 3.61369 130.085
17.1 0.0202453 0.0847846 3.60719 130.102
17.11 0.0202072 0.0846318 3.6007 130.119
17.12 0.0201691 0.0844794 3.59422 130.136
17.13 0.020131 0.0843272 3.58775 130.153
17.14 0.0200931 0.0841753 3.58129 130.17
17.15 0.0200552 0.0840236 3.57485 130.187
17.16 0.0200174 0.0838722 3.56842 130.204
17.17 0.0199797 0.0837211 3.56199 130.221
17.18 0.0199421 0.0835703 3.55558 130.238
17.19 0.0199045 0.0834197 3.54918 130.255
17.2 0.0198671 0.0832694 3.54279 130.272
17.21 0.0198296 0.0831193 3.53642 130.289
17.22 0.0197923 0.0829696 3.53005 130.306
17.23 0.019755 0.08282 3.5237 130.323
17.24 0.0197179 0.0826708 3.51735 130.34
17.25 0.0196808 0.0825218 3.51102 130.357
17.26 0.0196437 0.0823731 3.5047 130.374
17.27 0.0196068 0.0822246 3.49839 130.391
17.28 0.0195699 0.0820764 3.49209 130.408
17.29 0.0195331 0.0819285 3.4858 130.425
17.3 0.0194963 0.0817809 3.47953 130.442
17.31 0.0194596 0.0816335 3.47326 130.459
17.32 0.0194231 0.0814863 3.46701 130.476
17.33 0.0193865 0.0813394 3.46077 130.493
17.34 0.0193501 0.0811928 3.45453 130.51
17.35 0.0193137 0.0810465 3.44831 130.527
17.36 0.0192774 0.0809004 3.4421 130.544
17.37 0.0192412 0.0807545 3.43591 130.561
17.38 0.019205 0.0806089 3.42972 130.578
17.39 0.019169 0.0804636 3.42354 130.595
17.4 0.0191329 0.0803186 3.41737 130.612
17.41 0.019097 0.0801738 3.41122 130.629
17.42 0.0190611 0.0800292 3.40508 130.646
17.43 0.0190253 0.0798849 3.39894 130.663
17.44 0.0189896 0.0797409 3.39282 130.68
17.45 0.018954 0.0795971 3.38671 130.697
17.46 0.0189184 0.0794536 3.38061 130.714
17.47 0.0188829 0.0793103 3.37452 130.731
17.48 0.0188474 0.0791673 3.36844 130.748
17.49 0.0188121 0.0790246 3.36237 130.765
17.5 0.0187768 0.0788821 3.35631 130.782
17.51 0.0187416 0.0787398 3.35027 130.799
17.52 0.0187064 0.0785978 3.34423 130.815
17.53 0.0186713 0.0784561 3.33821 130.832
17.54 0.0186363 0.0783146 3.33219 130.849
17.55 0.0186014 0.0781733 3.32619 130.866
17.56 0.0185665 0.0780324 3.3202 130.883
17.57 0.0185317 0.0778916 3.31421 130.9
17.58 0.0184969 0.0777511 3.30824 130.917
17.59 0.0184623 0.0776109 3.30228 130.934
17.6 0.0184277 0.0774709 3.29633 130.951
17.61 0.0183931 0.0773312 3.29039 130.968
17.62 0.0183587 0.0771917 3.28446 130.985
17.63 0.0183243 0.0770525 3.27854 131.002
17.64 0.01829 0.0769135 3.27263 131.019
17.65 0.0182557 0.0767747 3.26673 131.036
17.66 0.0182215 0.0766362 3.26085 131.053
17.67 0.0181874 0.076498 3.25497 131.07
17.68 0.0181534 0.07636 3.2491 131.087
17.69 0.0181194 0.0762222 3.24324 131.104
17.7 0.0180855 0.0760847 3.2374 131.121
17.71 0.0180516 0.0759474 3.23156 131.138
17.72 0.0180178 0.0758104 3.22574 131.155
17.73 0.0179841 0.0756736 3.21992 131.171
17.74 0.0179505 0.0755371 3.21412 131.188
17.75 0.0179169 0.0754008 3.20832 131.205
17.76 0.0178834 0.0752648 3.20254 131.222
17.77 0.0178499 0.075129 3.19677 131.239
17.78 0.0178166 0.0749934 3.191 131.256
17.79 0.0177832 0.0748581 3.18525 131.273
17.8 0.01775 0.074723 3.17951 131.29
17.81 0.0177168 0.0745881 3.17378 131.307
17.82 0.0176837 0.0744535 3.16805 131.324
17.83 0.0176507 0.0743192 3.16234 131.341
17.84 0.0176177 0.0741851 3.15664 131.358
17.85 0.0175848 0.0740512 3.15095 131.375
17.86 0.0175519 0.0739175 3.14527 131.392
17.87 0.0175191 0.0737841 3.13959 131.409
17.88 0.0174864 0.073651 3.13393 131.426
17.89 0.0174537 0.0735181 3.12828 131.443
17.9 0.0174212 0.0733854 3.12264 131.459
17.91 0.0173886 0.0732529 3.11701 131.476
17.92 0.0173562 0.0731207 3.11139 131.493
17.93 0.0173238 0.0729887 3.10577 131.51
17.94 0.0172914 0.072857 3.10017 131.527
17.95 0.0172592 0.0727255 3.09458 131.544
17.96 0.017227 0.0725942 3.089 131.561
17.97 0.0171948 0.0724631 3.08343 131.578
17.98 0.0171627 0.0723323 3.07787 131.595
17.99 0.0171307 0.0722018 3.07232 131.612
18 0.0170988 0.0720714 3.06677 131.629
18.01 0.0170669 0.0719413 3.06124 131.646
18.02 0.0170351 0.0718114 3.05572 131.663
18.03 0.0170033 0.0716818 3.05021 131.68
18.04 0.0169716 0.0715524 3.04471 131.696
18.05 0.01694 0.0714232 3.03921 131.713
18.06 0.0169084 0.0712942 3.03373 131.73
18.07 0.0168769 0.0711655 3.02826 131.747
18.08 0.0168454 0.071037 3.02279 131.764
18.09 0.016814 0.0709088 3.01734 131.781
18.1 0.0167827 0.0707807 3.0119 131.798
18.11 0.0167514 0.0706529 3.00646 131.815
18.12 0.0167202 0.0705254 3.00104 131.832
18.13 0.0166891 0.070398 2.99562 131.849
18.14 0.016658 0.0702709 2.99022 131.866
18.15 0.016627 0.070144 2.98482 131.883
18.16 0.0165961 0.0700173 2.97944 131.899
18.17 0.0165652 0.0698909 2.97406 131.916
18.18 0.0165343 0.0697647 2.96869 131.933
18.19 0.0165036 0.0696387 2.96334 131.95
18.2 0.0164728 0.0695129 2.95799 131.967
18.21 0.0164422 0.0693874 2.95265 131.984
18.22 0.0164116 0.0692621 2.94732 132.001
18.23 0.0163811 0.069137 2.942 132.018
18.24 0.0163506 0.0690121 2.93669 132.035
18.25 0.0163202 0.0688875 2.93139 132.052
18.26 0.0162898 0.0687631 2.9261 132.069
18.27 0.0162596 0.0686389 2.92082 132.085
18.28 0.0162293 0.0685149 2.91555 132.102
18.29 0.0161992 0.0683912 2.91029 132.119
18.3 0.016169 0.0682676 2.90503 132.136
18.31 0.016139 0.0681443 2.89979 132.153
18.32 0.016109 0.0680212 2.89456 132.17
18.33 0.0160791 0.0678984 2.88933 132.187
18.34 0.0160492 0.0677757 2.88412 132.204
18.35 0.0160194 0.0676533 2.87891 132.221
18.36 0.0159896 0.0675311 2.87371 132.238
18.37 0.0159599 0.0674091 2.86852 132.254
18.38 0.0159303 0.0672873 2.86335 132.271
18.39 0.0159007 0.0671658 2.85818 132.288
18.4 0.0158712 0.0670444 2.85302 132.305
18.41 0.0158417 0.0669233 2.84787 132.322
18.42 0.0158123 0.0668024 2.84272 132.339
18.43 0.0157829 0.0666817 2.83759 132.356
18.44 0.0157536 0.0665612 2.83247 132.373
18.45 0.0157244 0.066441 2.82736 132.39
18.46 0.0156952 0.0663209 2.82225 132.407
18.47 0.0156661 0.0662011 2.81715 132.423
18.48 0.0156371 0.0660815 2.81207 132.44
18.49 0.015608 0.0659621 2.80699 132.457
18.5 0.0155791 0.0658429 2.80192 132.474
18.51 0.0155502 0.065724 2.79686 132.491
18.52 0.0155214 0.0656052 2.79181 132.508
18.53 0.0154926 0.0654867 2.78677 132.525
18.54 0.0154639 0.0653683 2.78174 132.542
18.55 0.0154352 0.0652502 2.77671 132.559
18.56 0.0154066 0.0651323 2.7717 132.575
18.57 0.015378 0.0650146 2.7667 132.592
18.58 0.0153495 0.0648971 2.7617 132.609
18.59 0.0153211 0.0647799 2.75671 132.626
18.6 0.0152927 0.0646628 2.75173 132.643
18.61 0.0152644 0.0645459 2.74676 132.66
18.62 0.0152361 0.0644293 2.7418 132.677
18.63 0.0152079 0.0643129 2.73685 132.694
18.64 0.0151797 0.0641966 2.73191 132.71
18.65 0.0151516 0.0640806 2.72697 132.727
18.66 0.0151236 0.0639648 2.72205 132.744
18.67 0.0150956 0.0638492 2.71713 132.761
18.68 0.0150676 0.0637338 2.71222 132.778
18.69 0.0150397 0.0636186 2.70732 132.795
18.7 0.0150119 0.0635036 2.70243 132.812
18.71 0.0149841 0.0633889 2.69755 132.829
18.72 0.0149564 0.0632743 2.69268 132.845
18.73 0.0149287 0.0631599 2.68782 132.862
18.74 0.0149011 0.0630458 2.68296 132.879
18.75 0.0148735 0.0629318 2.67811 132.896
18.76 0.014846 0.0628181 2.67328 132.913
18.77 0.0148186 0.0627045 2.66845 132.93
18.78 0.0147912 0.0625912 2.66363 132.947
18.79 0.0147638 0.062478 2.65881 132.964
18.8 0.0147365 0.0623651 2.65401 132.98
18.81 0.0147093 0.0622524 2.64922 132.997
18.82 0.0146821 0.0621398 2.64443 133.014
18.83 0.014655 0.0620275 2.63965 133.031
18.84 0.0146279 0.0619154 2.63488 133.048
18.85 0.0146008 0.0618034 2.63012 133.065
18.86 0.0145739 0.0616917 2.62537 133.082
18.87 0.0145469 0.0615802 2.62063 133.098
18.88 0.0145201 0.0614689 2.61589 133.115
18.89 0.0144932 0.0613577 2.61116 133.132
18.9 0.0144665 0.0612468 2.60645 133.149
18.91 0.0144398 0.0611361 2.60174 133.166
18.92 0.0144131 0.0610256 2.59704 133.183
18.93 0.0143865 0.0609152 2.59234 133.2
18.94 0.0143599 0.0608051 2.58766 133.216
18.95 0.0143334 0.0606952 2.58298 133.233
18.96 0.014307 0.0605854 2.57831 133.25
18.97 0.0142806 0.0604759 2.57366 133.267
18.98 0.0142542 0.0603665 2.569 133.284
18.99 0.0142279 0.0602574 2.56436 133.301
19 0.0142017 0.0601485 2.55973 133.318
19.01 0.0141755 0.0600397 2.5551 133.334
19.02 0.0141493 0.0599311 2.55048 133.351
19.03 0.0141232 0.0598228 2.54587 133.368
19.04 0.0140972 0.0597146 2.54127 133.385
19.05 0.0140712 0.0596066 2.53668 133.402
19.06 0.0140452 0.0594988 2.5321 133.419
19.07 0.0140193 0.0593913 2.52752 133.436
19.08 0.0139935 0.0592839 2.52295 133.452
19.09 0.0139677 0.0591767 2.51839 133.469
19.1 0.013942 0.0590697 2.51384 133.486
19.11 0.0139163 0.0589628 2.5093 133.503
19.12 0.0138906 0.0588562 2.50476 133.52
19.13 0.013865 0.0587498 2.50023 133.537
19.14 0.0138395 0.0586435 2.49571 133.553
19.15 0.013814 0.0585375 2.4912 133.57
19.16 0.0137885 0.0584316 2.4867 133.587
19.17 0.0137631 0.058326 2.48221 133.604
19.18 0.0137378 0.0582205 2.47772 133.621
19.19 0.0137125 0.0581152 2.47324 133.638
19.2 0.0136872 0.0580101 2.46877 133.654
19.21 0.013662 0.0579052 2.46431 133.671
19.22 0.0136369 0.0578005 2.45985 133.688
19.23 0.0136118 0.0576959 2.4554 133.705
19.24 0.0135867 0.0575916 2.45097 133.722
19.25 0.0135617 0.0574874 2.44653 133.739
19.26 0.0135368 0.0573834 2.44211 133.755
19.27 0.0135119 0.0572797 2.4377 133.772
19.28 0.013487 0.0571761 2.43329 133.789
19.29 0.0134622 0.0570727 2.42889 133.806
19.3 0.0134374 0.0569694 2.4245 133.823
19.31 0.0134127 0.0568664 2.42012 133.84
19.32 0.0133881 0.0567635 2.41574 133.856
19.33 0.0133634 0.0566609 2.41137 133.873
19.34 0.0133389 0.0565584 2.40701 133.89
19.35 0.0133143 0.0564561 2.40266 133.907
19.36 0.0132899 0.056354 2.39832 133.924
19.37 0.0132654 0.056252 2.39398 133.941
19.38 0.0132411 0.0561503 2.38965 133.957
19.39 0.0132167 0.0560487 2.38533 133.974
19.4 0.0131924 0.0559473 2.38102 133.991
19.41 0.0131682 0.0558461 2.37671 134.008
19.42 0.013144 0.0557451 2.37242 134.025
19.43 0.0131199 0.0556443 2.36813 134.041
19.44 0.0130958 0.0555436 2.36384 134.058
19.45 0.0130717 0.0554431 2.35957 134.075
19.46 0.0130477 0.0553428 2.3553 134.092
19.47 0.0130237 0.0552427 2.35104 134.109
19.48 0.0129998 0.0551428 2.34679 134.126
19.49 0.012976 0.055043 2.34255 134.142
19.5 0.0129521 0.0549435 2.33831 134.159
19.51 0.0129284 0.0548441 2.33408 134.176
19.52 0.0129046 0.0547449 2.32986 134.193
19.53 0.012881 0.0546458 2.32565 134.21
19.54 0.0128573 0.054547 2.32144 134.226
19.55 0.0128337 0.0544483 2.31725 134.243
19.56 0.0128102 0.0543498 2.31306 134.26
19.57 0.0127867 0.0542515 2.30887 134.277
19.58 0.0127632 0.0541533 2.3047 134.294
19.59 0.0127398 0.0540553 2.30053 134.31
19.6 0.0127164 0.0539575 2.29637 134.327
19.61 0.0126931 0.0538599 2.29222 134.344
19.62 0.0126698 0.0537625 2.28807 134.361
19.63 0.0126466 0.0536652 2.28393 134.378
19.64 0.0126234 0.0535681 2.2798 134.395
19.65 0.0126003 0.0534712 2.27568 134.411
19.66 0.0125772 0.0533745 2.27156 134.428
19.67 0.0125541 0.0532779 2.26745 134.445
19.68 0.0125311 0.0531815 2.26335 134.462
19.69 0.0125082 0.0530853 2.25926 134.479
19.7 0.0124852 0.0529892 2.25517 134.495
19.71 0.0124624 0.0528934 2.25109 134.512
19.72 0.0124395 0.0527976 2.24702 134.529
19.73 0.0124168 0.0527021 2.24296 134.546
19.74 0.012394 0.0526068 2.2389 134.563
19.75 0.0123713 0.0525116 2.23485 134.579
19.76 0.0123487 0.0524166 2.23081 134.596
19.77 0.012326 0.0523217 2.22677 134.613
19.78 0.0123035 0.052227 2.22275 134.63
19.79 0.012281 0.0521325 2.21872 134.646
19.8 0.0122585 0.0520382 2.21471 134.663
19.81 0.012236 0.0519441 2.21071 134.68
19.82 0.0122136 0.0518501 2.20671 134.697
19.83 0.0121913 0.0517562 2.20271 134.714
19.84 0.012169 0.0516626 2.19873 134.73
19.85 0.0121467 0.0515691 2.19475 134.747
19.86 0.0121245 0.0514758 2.19078 134.764
19.87 0.0121023 0.0513826 2.18682 134.781
19.88 0.0120802 0.0512897 2.18286 134.798
19.89 0.0120581 0.0511969 2.17891 134.814
19.9 0.012036 0.0511042 2.17497 134.831
19.91 0.012014 0.0510117 2.17104 134.848
19.92 0.011992 0.0509194 2.16711 134.865
19.93 0.0119701 0.0508273 2.16319 134.882
19.94 0.0119482 0.0507353 2.15928 134.898
19.95 0.0119264 0.0506435 2.15537 134.915
19.96 0.0119046 0.0505519 2.15147 134.932
19.97 0.0118828 0.0504604 2.14758 134.949
19.98 0.0118611 0.0503691 2.14369 134.965
19.99 0.0118394 0.0502779 2.13981 134.982
20 0.0118178 0.0501869 2.13594 134.999
20.01 0.0117962 0.0500961 2.13208 135.016
20.02 0.0117747 0.0500054 2.12822 135.033
20.03 0.0117532 0.0499149 2.12437 135.049
20.04 0.0117317 0.0498246 2.12053 135.066
20.05 0.0117103 0.0497344 2.11669 135.083
20.06 0.0116889 0.0496444 2.11286 135.1
20.07 0.0116675 0.0495546 2.10904 135.116
20.08 0.0116462 0.0494649 2.10522 135.133
20.09 0.011625 0.0493754 2.10141 135.15
20.1 0.0116037 0.049286 2.09761 135.167
20.11 0.0115826 0.0491968 2.09382 135.183
20.12 0.0115614 0.0491078 2.09003 135.2
20.13 0.0115403 0.0490189 2.08625 135.217
20.14 0.0115193 0.0489302 2.08247 135.234
20.15 0.0114982 0.0488417 2.0787 135.251
20.16 0.0114773 0.0487533 2.07494 135.267
20.17 0.0114563 0.048665 2.07119 135.284
20.18 0.0114354 0.048577 2.06744 135.301
20.19 0.0114146 0.048489 2.0637 135.318
20.2 0.0113937 0.0484013 2.05997 135.334
20.21 0.011373 0.0483137 2.05624 135.351
20.22 0.0113522 0.0482262 2.05252 135.368
20.23 0.0113315 0.048139 2.0488 135.385
20.24 0.0113109 0.0480518 2.0451 135.401
20.25 0.0112902 0.0479649 2.04139 135.418
20.26 0.0112697 0.047878 2.0377 135.435
20.27 0.0112491 0.0477914 2.03401 135.452
20.28 0.0112286 0.0477049 2.03033 135.468
20.29 0.0112081 0.0476186 2.02666 135.485
20.3 0.0111877 0.0475324 2.02299 135.502
20.31 0.0111673 0.0474463 2.01933 135.519
20.32 0.011147 0.0473605 2.01568 135.535
20.33 0.0111267 0.0472747 2.01203 135.552
20.34 0.0111064 0.0471892 2.00839 135.569
20.35 0.0110862 0.0471038 2.00475 135.586
20.36 0.011066 0.0470185 2.00113 135.602
20.37 0.0110458 0.0469334 1.9975 135.619
20.38 0.0110257 0.0468485 1.99389 135.636
20.39 0.0110056 0.0467637 1.99028 135.653
20.4 0.0109856 0.046679 1.98668 135.669
20.41 0.0109656 0.0465945 1.98308 135.686
20.42 0.0109456 0.0465102 1.9795 135.703
20.43 0.0109257 0.046426 1.97591 135.72
20.44 0.0109058 0.046342 1.97234 135.736
20.45 0.010886 0.0462581 1.96877 135.753
20.46 0.0108662 0.0461744 1.96521 135.77
20.47 0.0108464 0.0460908 1.96165 135.787
20.48 0.0108267 0.0460074 1.9581 135.803
20.49 0.010807 0.0459241 1.95456 135.82
20.5 0.0107873 0.045841 1.95102 135.837
20.51 0.0107677 0.045758 1.94749 135.854
20.52 0.0107481 0.0456752 1.94396 135.87
20.53 0.0107286 0.0455925 1.94044 135.887
20.54 0.010709 0.04551 1.93693 135.904
20.55 0.0106896 0.0454276 1.93343 135.921
20.56 0.0106701 0.0453454 1.92993 135.937
20.57 0.0106507 0.0452633 1.92643 135.954
20.58 0.0106314 0.0451813 1.92295 135.971
20.59 0.010612 0.0450996 1.91947 135.987
20.6 0.0105928 0.0450179 1.91599 136.004
20.61 0.0105735 0.0449364 1.91253 136.021
20.62 0.0105543 0.0448551 1.90907 136.038
20.63 0.0105351 0.0447739 1.90561 136.054
20.64 0.010516 0.0446929 1.90216 136.071
20.65 0.0104969 0.044612 1.89872 136.088
20.66 0.0104778 0.0445312 1.89528 136.105
20.67 0.0104588 0.0444506 1.89185 136.121
20.68 0.0104398 0.0443701 1.88843 136.138
20.69 0.0104208 0.0442898 1.88501 136.155
20.7 0.0104019 0.0442097 1.8816 136.171
20.71 0.010383 0.0441296 1.87819 136.188
20.72 0.0103641 0.0440497 1.87479 136.205
20.73 0.0103453 0.04397 1.8714 136.222
20.74 0.0103265 0.0438904 1.86801 136.238
20.75 0.0103078 0.043811 1.86463 136.255
20.76 0.0102891 0.0437317 1.86126 136.272
20.77 0.0102704 0.0436525 1.85789 136.289
20.78 0.0102518 0.0435735 1.85452 136.305
20.79 0.0102332 0.0434946 1.85117 136.322
20.8 0.0102146 0.0434159 1.84782 136.339
20.81 0.0101961 0.0433373 1.84447 136.355
20.82 0.0101776 0.0432588 1.84113 136.372
20.83 0.0101591 0.0431805 1.8378 136.389
20.84 0.0101407 0.0431024 1.83448 136.406
20.85 0.0101223 0.0430243 1.83116 136.422
20.86 0.0101039 0.0429465 1.82784 136.439
20.87 0.0100856 0.0428687 1.82453 136.456
20.88 0.0100673 0.0427911 1.82123 136.472
20.89 0.0100491 0.0427137 1.81793 136.489
20.9 0.0100308 0.0426363 1.81464 136.506
20.91 0.0100126 0.0425592 1.81136 136.522
20.92 0.00999449 0.0424821 1.80808 136.539
20.93 0.00997638 0.0424052 1.80481 136.556
20.94 0.0099583 0.0423285 1.80154 136.573
20.95 0.00994025 0.0422518 1.79828 136.589
20.96 0.00992223 0.0421753 1.79502 136.606
20.97 0.00990426 0.042099 1.79177 136.623
20.98 0.00988631 0.0420228 1.78853 136.639
20.99 0.0098684 0.0419467 1.78529 136.656
21 0.00985052 0.0418708 1.78206 136.673
21.01 0.00983268 0.041795 1.77884 136.69
21.02 0.00981487 0.0417193 1.77562 136.706
21.03 0.00979709 0.0416438 1.7724 136.723
21.04 0.00977935 0.0415684 1.76919 136.74
21.05 0.00976164 0.0414932 1.76599 136.756
21.06 0.00974396 0.0414181 1.7628 136.773
21.07 0.00972632 0.0413431 1.7596 136.79
21.08 0.00970871 0.0412683 1.75642 136.806
21.09 0.00969114 0.0411936 1.75324 136.823
21.1 0.00967359 0.041119 1.75007 136.84
21.11 0.00965608 0.0410445 1.7469 136.857
21.12 0.00963861 0.0409703 1.74374 136.873
21.13 0.00962117 0.0408961 1.74058 136.89
21.14 0.00960375 0.0408221 1.73743 136.907
21.15 0.00958638 0.0407482 1.73428 136.923
21.16 0.00956903 0.0406744 1.73115 136.94
21.17 0.00955172 0.0406008 1.72801 136.957
21.18 0.00953444 0.0405273 1.72488 136.973
21.19 0.0095172 0.0404539 1.72176 136.99
21.2 0.00949998 0.0403807 1.71864 137.007
21.21 0.0094828 0.0403076 1.71553 137.023
21.22 0.00946565 0.0402346 1.71243 137.04
21.23 0.00944854 0.0401618 1.70933 137.057
21.24 0.00943145 0.0400891 1.70623 137.073
21.25 0.0094144 0.0400165 1.70315 137.09
21.26 0.00939738 0.0399441 1.70006 137.107
21.27 0.00938039 0.0398718 1.69699 137.123
21.28 0.00936344 0.0397996 1.69391 137.14
21.29 0.00934651 0.0397275 1.69085 137.157
21.3 0.00932962 0.0396556 1.68779 137.174
21.31 0.00931276 0.0395838 1.68473 137.19
21.32 0.00929593 0.0395122 1.68168 137.207
21.33 0.00927914 0.0394407 1.67864 137.224
21.34 0.00926237 0.0393693 1.6756 137.24
21.35 0.00924564 0.039298 1.67257 137.257
21.36 0.00922894 0.0392269 1.66954 137.274
21.37 0.00921227 0.0391559 1.66652 137.29
21.38 0.00919563 0.039085 1.6635 137.307
21.39 0.00917902 0.0390142 1.66049 137.324
21.4 0.00916244 0.0389436 1.65748 137.34
21.41 0.0091459 0.0388731 1.65448 137.357
21.42 0.00912938 0.0388027 1.65149 137.374
21.43 0.0091129 0.0387325 1.6485 137.39
21.44 0.00909645 0.0386624 1.64551 137.407
21.45 0.00908003 0.0385924 1.64253 137.424
21.46 0.00906364 0.0385226 1.63956 137.44
21.47 0.00904728 0.0384528 1.63659 137.457
21.48 0.00903095 0.0383832 1.63363 137.474
21.49 0.00901465 0.0383137 1.63067 137.49
21.5 0.00899839 0.0382444 1.62772 137.507
21.51 0.00898215 0.0381752 1.62478 137.524
21.52 0.00896594 0.0381061 1.62183 137.54
21.53 0.00894977 0.0380371 1.6189 137.557
21.54 0.00893362 0.0379682 1.61597 137.574
21.55 0.00891751 0.0378995 1.61304 137.59
21.56 0.00890142 0.0378309 1.61012 137.607
21.57 0.00888537 0.0377624 1.60721 137.624
21.58 0.00886935 0.0376941 1.6043 137.64
21.59 0.00885335 0.0376258 1.6014 137.657
21.6 0.00883739 0.0375577 1.5985 137.674
21.61 0.00882146 0.0374897 1.5956 137.69
21.62 0.00880555 0.0374219 1.59271 137.707
21.63 0.00878968 0.0373541 1.58983 137.724
21.64 0.00877383 0.0372865 1.58695 137.74
21.65 0.00875802 0.037219 1.58408 137.757
21.66 0.00874223 0.0371517 1.58121 137.773
21.67 0.00872648 0.0370844 1.57835 137.79
21.68 0.00871075 0.0370173 1.57549 137.807
21.69 0.00869506 0.0369503 1.57264 137.823
21.7 0.00867939 0.0368834 1.5698 137.84
21.71 0.00866375 0.0368166 1.56695 137.857
21.72 0.00864815 0.03675 1.56412 137.873
21.73 0.00863257 0.0366835 1.56129 137.89
21.74 0.00861702 0.0366171 1.55846 137.907
21.75 0.0086015 0.0365508 1.55564 137.923
21.76 0.00858601 0.0364847 1.55282 137.94
21.77 0.00857054 0.0364186 1.55001 137.957
21.78 0.00855511 0.0363527 1.54721 137.973
21.79 0.00853971 0.0362869 1.54441 137.99
21.8 0.00852433 0.0362212 1.54161 138.007
21.81 0.00850899 0.0361557 1.53882 138.023
21.82 0.00849367 0.0360902 1.53603 138.04
21.83 0.00847838 0.0360249 1.53325 138.056
21.84 0.00846312 0.0359597 1.53048 138.073
21.85 0.00844789 0.0358946 1.52771 138.09
21.86 0.00843268 0.0358296 1.52494 138.106
21.87 0.00841751 0.0357648 1.52218 138.123
21.88 0.00840236 0.0357 1.51943 138.14
21.89 0.00838724 0.0356354 1.51668 138.156
21.9 0.00837215 0.0355709 1.51393 138.173
21.91 0.00835709 0.0355066 1.51119 138.19
21.92 0.00834206 0.0354423 1.50846 138.206
21.93 0.00832705 0.0353781 1.50573 138.223
21.94 0.00831208 0.0353141 1.503 138.239
21.95 0.00829713 0.0352502 1.50028 138.256
21.96 0.00828221 0.0351864 1.49756 138.273
21.97 0.00826731 0.0351227 1.49485 138.289
21.98 0.00825245 0.0350591 1.49215 138.306
21.99 0.00823761 0.0349957 1.48945 138.323
22 0.0082228 0.0349324 1.48675 138.339
22.01 0.00820802 0.0348691 1.48406 138.356
22.02 0.00819326 0.034806 1.48137 138.372
22.03 0.00817854 0.034743 1.47869 138.389
22.04 0.00816384 0.0346801 1.47601 138.406
22.05 0.00814917 0.0346174 1.47334 138.422
22.06 0.00813452 0.0345547 1.47068 138.439
22.07 0.0081199 0.0344922 1.46801 138.456
22.08 0.00810531 0.0344298 1.46536 138.472
22.09 0.00809075 0.0343675 1.4627 138.489
22.1 0.00807622 0.0343053 1.46006 138.505
22.11 0.00806171 0.0342432 1.45741 138.522
22.12 0.00804723 0.0341812 1.45478 138.539
22.13 0.00803277 0.0341193 1.45214 138.555
22.14 0.00801835 0.0340576 1.44952 138.572
22.15 0.00800395 0.033996 1.44689 138.589
22.16 0.00798957 0.0339344 1.44427 138.605
22.17 0.00797523 0.033873 1.44166 138.622
22.18 0.00796091 0.0338117 1.43905 138.638
22.19 0.00794661 0.0337505 1.43644 138.655
22.2 0.00793235 0.0336894 1.43384 138.672
22.21 0.00791811 0.0336285 1.43125 138.688
22.22 0.00790389 0.0335676 1.42866 138.705
22.23 0.00788971 0.0335069 1.42607 138.721
22.24 0.00787555 0.0334462 1.42349 138.738
22.25 0.00786141 0.0333857 1.42092 138.755
22.26 0.00784731 0.0333253 1.41834 138.771
22.27 0.00783322 0.033265 1.41578 138.788
22.28 0.00781917 0.0332048 1.41321 138.804
22.29 0.00780514 0.0331447 1.41066 138.821
22.3 0.00779114 0.0330847 1.4081 138.838
22.31 0.00777716 0.0330248 1.40555 138.854
22.32 0.00776321 0.0329651 1.40301 138.871
22.33 0.00774929 0.0329054 1.40047 138.887
22.34 0.00773539 0.0328459 1.39794 138.904
22.35 0.00772152 0.0327864 1.39541 138.921
22.36 0.00770767 0.0327271 1.39288 138.937
22.37 0.00769385 0.0326679 1.39036 138.954
22.38 0.00768005 0.0326088 1.38784 138.97
22.39 0.00766628 0.0325498 1.38533 138.987
22.4 0.00765254 0.0324909 1.38283 139.004
22.41 0.00763882 0.0324321 1.38032 139.02
22.42 0.00762513 0.0323734 1.37782 139.037
22.43 0.00761146 0.0323148 1.37533 139.053
22.44 0.00759782 0.0322563 1.37284 139.07
22.45 0.0075842 0.032198 1.37036 139.087
22.46 0.00757061 0.0321397 1.36788 139.103
22.47 0.00755704 0.0320815 1.3654 139.12
22.48 0.0075435 0.0320235 1.36293 139.136
22.49 0.00752999 0.0319656 1.36046 139.153
22.5 0.0075165 0.0319077 1.358 139.17
22.51 0.00750303 0.03185 1.35554 139.186
22.52 0.00748959 0.0317923 1.35309 139.203
22.53 0.00747618 0.0317348 1.35064 139.219
22.54 0.00746279 0.0316774 1.3482 139.236
22.55 0.00744942 0.0316201 1.34576 139.253
22.56 0.00743608 0.0315629 1.34332 139.269
22.57 0.00742276 0.0315058 1.34089 139.286
22.58 0.00740947 0.0314488 1.33847 139.302
22.59 0.00739621 0.0313919 1.33604 139.319
22.6 0.00738297 0.0313351 1.33363 139.335
22.61 0.00736975 0.0312784 1.33121 139.352
22.62 0.00735656 0.0312218 1.3288 139.369
22.63 0.00734339 0.0311653 1.3264 139.385
22.64 0.00733024 0.0311089 1.324 139.402
22.65 0.00731712 0.0310526 1.3216 139.418
22.66 0.00730403 0.0309964 1.31921 139.435
22.67 0.00729096 0.0309403 1.31682 139.452
22.68 0.00727791 0.0308844 1.31444 139.468
22.69 0.00726489 0.0308285 1.31206 139.485
22.7 0.00725189 0.0307727 1.30969 139.501
22.71 0.00723892 0.030717 1.30732 139.518
22.72 0.00722597 0.0306615 1.30495 139.534
22.73 0.00721304 0.030606 1.30259 139.551
22.74 0.00720014 0.0305506 1.30023 139.568
22.75 0.00718726 0.0304954 1.29788 139.584
22.76 0.00717441 0.0304402 1.29553 139.601
22.77 0.00716158 0.0303851 1.29319 139.617
22.78 0.00714877 0.0303301 1.29085 139.634
22.79 0.00713599 0.0302753 1.28851 139.65
22.8 0.00712323 0.0302205 1.28618 139.667
22.81 0.0071105 0.0301658 1.28385 139.684
22.82 0.00709778 0.0301113 1.28153 139.7
22.83 0.0070851 0.0300568 1.27921 139.717
22.84 0.00707243 0.0300024 1.2769 139.733
22.85 0.00705979 0.0299481 1.27459 139.75
22.86 0.00704717 0.029894 1.27228 139.766
22.87 0.00703458 0.0298399 1.26998 139.783
22.88 0.00702201 0.0297859 1.26768 139.799
22.89 0.00700946 0.029732 1.26539 139.816
22.9 0.00699693 0.0296782 1.2631 139.833
22.91 0.00698443 0.0296245 1.26081 139.849
22.92 0.00697196 0.029571 1.25853 139.866
22.93 0.0069595 0.0295175 1.25625 139.882
22.94 0.00694707 0.0294641 1.25398 139.899
22.95 0.00693466 0.0294108 1.25171 139.915
22.96 0.00692227 0.0293576 1.24945 139.932
22.97 0.00690991 0.0293045 1.24719 139.948
22.98 0.00689757 0.0292515 1.24493 139.965
22.99 0.00688525 0.0291986 1.24268 139.982
23 0.00687296 0.0291457 1.24043 139.998
23.01 0.00686069 0.029093 1.23818 140.015
23.02 0.00684844 0.0290404 1.23594 140.031
23.03 0.00683621 0.0289879 1.23371 140.048
23.04 0.00682401 0.0289354 1.23148 140.064
23.05 0.00681182 0.0288831 1.22925 140.081
23.06 0.00679966 0.0288309 1.22702 140.097
23.07 0.00678753 0.0287787 1.2248 140.114
23.08 0.00677541 0.0287267 1.22259 140.131
23.09 0.00676332 0.0286747 1.22038 140.147
23.1 0.00675125 0.0286228 1.21817 140.164
23.11 0.00673921 0.0285711 1.21596 140.18
23.12 0.00672718 0.0285194 1.21376 140.197
23.13 0.00671518 0.0284678 1.21157 140.213
23.14 0.0067032 0.0284163 1.20938 140.23
23.15 0.00669124 0.0283649 1.20719 140.246
23.16 0.0066793 0.0283136 1.205 140.263
23.17 0.00666739 0.0282624 1.20282 140.279
23.18 0.0066555 0.0282113 1.20065 140.296
23.19 0.00664363 0.0281603 1.19848 140.312
23.2 0.00663178 0.0281093 1.19631 140.329
23.21 0.00661995 0.0280585 1.19414 140.346
23.22 0.00660815 0.0280078 1.19198 140.362
23.23 0.00659637 0.0279571 1.18983 140.379
23.24 0.00658461 0.0279066 1.18768 140.395
23.25 0.00657287 0.0278561 1.18553 140.412
23.26 0.00656115 0.0278057 1.18338 140.428
23.27 0.00654945 0.0277554 1.18124 140.445
23.28 0.00653778 0.0277052 1.17911 140.461
23.29 0.00652613 0.0276551 1.17697 140.478
23.3 0.00651449 0.0276051 1.17484 140.494
23.31 0.00650288 0.0275552 1.17272 140.511
23.32 0.0064913 0.0275054 1.1706 140.527
23.33 0.00647973 0.0274556 1.16848 140.544
23.34 0.00646818 0.027406 1.16637 140.56
23.35 0.00645666 0.0273564 1.16426 140.577
23.36 0.00644516 0.0273069 1.16215 140.594
23.37 0.00643367 0.0272576 1.16005 140.61
23.38 0.00642221 0.0272083 1.15795 140.627
23.39 0.00641077 0.0271591 1.15586 140.643
23.4 0.00639935 0.02711 1.15376 140.66
23.41 0.00638796 0.0270609 1.15168 140.676
23.42 0.00637658 0.027012 1.14959 140.693
23.43 0.00636522 0.0269632 1.14752 140.709
23.44 0.00635389 0.0269144 1.14544 140.726
23.45 0.00634257 0.0268658 1.14337 140.742
23.46 0.00633128 0.0268172 1.1413 140.759
23.47 0.00632001 0.0267687 1.13924 140.775
23.48 0.00630876 0.0267203 1.13718 140.792
23.49 0.00629753 0.026672 1.13512 140.808
23.5 0.00628632 0.0266237 1.13307 140.825
23.51 0.00627513 0.0265756 1.13102 140.841
23.52 0.00626396 0.0265276 1.12897 140.858
23.53 0.00625281 0.0264796 1.12693 140.874
23.54 0.00624168 0.0264317 1.12489 140.891
23.55 0.00623057 0.0263839 1.12286 140.907
23.56 0.00621949 0.0263362 1.12083 140.924
23.57 0.00620842 0.0262886 1.1188 140.94
23.58 0.00619737 0.0262411 1.11678 140.957
23.59 0.00618635 0.0261936 1.11476 140.973
23.6 0.00617534 0.0261463 1.11274 140.99
23.61 0.00616436 0.026099 1.11073 141.006
23.62 0.00615339 0.0260518 1.10872 141.023
23.63 0.00614245 0.0260047 1.10671 141.039
23.64 0.00613152 0.0259577 1.10471 141.056
23.65 0.00612062 0.0259108 1.10271 141.072
23.66 0.00610973 0.025864 1.10072 141.089
23.67 0.00609887 0.0258172 1.09873 141.105
23.68 0.00608802 0.0257705 1.09674 141.122
23.69 0.0060772 0.0257239 1.09476 141.138
23.7 0.00606639 0.0256774 1.09278 141.155
23.71 0.00605561 0.025631 1.0908 141.171
23.72 0.00604484 0.0255847 1.08883 141.188
23.73 0.0060341 0.0255384 1.08686 141.204
23.74 0.00602337 0.0254923 1.0849 141.221
23.75 0.00601266 0.0254462 1.08294 141.237
23.76 0.00600198 0.0254002 1.08098 141.254
23.77 0.00599131 0.0253543 1.07902 141.27
23.78 0.00598066 0.0253085 1.07707 141.287
23.79 0.00597004 0.0252627 1.07512 141.303
23.8 0.00595943 0.025217 1.07318 141.32
23.81 0.00594884 0.0251715 1.07124 141.336
23.82 0.00593827 0.025126 1.0693 141.353
23.83 0.00592772 0.0250805 1.06737 141.369
23.84 0.00591719 0.0250352 1.06544 141.386
23.85 0.00590668 0.02499 1.06351 141.402
23.86 0.00589619 0.0249448 1.06159 141.419
23.87 0.00588571 0.0248997 1.05967 141.435
23.88 0.00587526 0.0248547 1.05775 141.452
23.89 0.00586482 0.0248098 1.05584 141.468
23.9 0.00585441 0.0247649 1.05393 141.485
23.91 0.00584401 0.0247202 1.05203 141.501
23.92 0.00583364 0.0246755 1.05013 141.518
23.93 0.00582328 0.0246309 1.04823 141.534
23.94 0.00581294 0.0245864 1.04633 141.551
23.95 0.00580262 0.024542 1.04444 141.567
23.96 0.00579232 0.0244976 1.04255 141.584
23.97 0.00578204 0.0244533 1.04067 141.6
23.98 0.00577177 0.0244091 1.03879 141.617
23.99 0.00576153 0.024365 1.03691 141.633
24 0.0057513 0.024321 1.03503 141.65
24.01 0.00574109 0.024277 1.03316 141.666
24.02 0.00573091 0.0242332 1.03129 141.683
24.03 0.00572074 0.0241894 1.02943 141.699
24.04 0.00571058 0.0241457 1.02757 141.715
24.05 0.00570045 0.024102 1.02571 141.732
24.06 0.00569034 0.0240585 1.02386 141.748
24.07 0.00568024 0.024015 1.02201 141.765
24.08 0.00567017 0.0239716 1.02016 141.781
24.09 0.00566011 0.0239283 1.01832 141.798
24.1 0.00565007 0.0238851 1.01647 141.814
24.11 0.00564005 0.0238419 1.01464 141.831
24.12 0.00563004 0.0237988 1.0128 141.847
24.13 0.00562006 0.0237558 1.01097 141.864
24.14 0.00561009 0.0237129 1.00914 141.88
24.15 0.00560014 0.02367 1.00732 141.897
24.16 0.00559021 0.0236273 1.0055 141.913
24.17 0.0055803 0.0235846 1.00368 141.93
24.18 0.0055704 0.023542 1.00187 141.946
24.19 0.00556053 0.0234994 1.00006 141.963
24.2 0.00555067 0.023457 0.99825 141.979
24.21 0.00554083 0.0234146 0.996445 141.995
24.22 0.00553101 0.0233723 0.994644 142.012
24.23 0.0055212 0.0233301 0.992847 142.028
24.24 0.00551142 0.0232879 0.991052 142.045
24.25 0.00550165 0.0232458 0.989261 142.061
24.26 0.0054919 0.0232038 0.987473 142.078
24.27 0.00548217 0.0231619 0.985688 142.094
24.28 0.00547245 0.0231201 0.983907 142.111
24.29 0.00546276 0.0230783 0.982129 142.127
24.3 0.00545308 0.0230366 0.980354 142.144
24.31 0.00544341 0.022995 0.978582 142.16
24.32 0.00543377 0.0229534 0.976813 142.176
24.33 0.00542414 0.022912 0.975048 142.193
24.34 0.00541454 0.0228706 0.973286 142.209
24.35 0.00540494 0.0228293 0.971527 142.226
24.36 0.00539537 0.022788 0.969771 142.242
24.37 0.00538582 0.0227469 0.968019 142.259
24.38 0.00537628 0.0227058 0.966269 142.275
24.39 0.00536676 0.0226648 0.964523 142.292
24.4 0.00535725 0.0226238 0.96278 142.308
24.41 0.00534776 0.022583 0.961041 142.325
24.42 0.0053383 0.0225422 0.959304 142.341
24.43 0.00532884 0.0225014 0.95757 142.357
24.44 0.00531941 0.0224608 0.95584 142.374
24.45 0.00530999 0.0224202 0.954113 142.39
24.46 0.00530059 0.0223797 0.952389 142.407
24.47 0.00529121 0.0223393 0.950668 142.423
24.48 0.00528184 0.022299 0.94895 142.44
24.49 0.00527249 0.0222587 0.947235 142.456
24.5 0.00526316 0.0222185 0.945524 142.473
24.51 0.00525385 0.0221784 0.943815 142.489
24.52 0.00524455 0.0221383 0.94211 142.505
24.53 0.00523527 0.0220983 0.940408 142.522
24.54 0.005226 0.0220584 0.938709 142.538
24.55 0.00521676 0.0220186 0.937013 142.555
24.56 0.00520753 0.0219788 0.93532 142.571
24.57 0.00519831 0.0219391 0.93363 142.588
24.58 0.00518912 0.0218995 0.931943 142.604
24.59 0.00517994 0.0218599 0.930259 142.62
24.6 0.00517077 0.0218204 0.928578 142.637
24.61 0.00516163 0.021781 0.926901 142.653
24.62 0.0051525 0.0217417 0.925226 142.67
24.63 0.00514338 0.0217024 0.923555 142.686
24.64 0.00513429 0.0216633 0.921886 142.703
24.65 0.00512521 0.0216241 0.920221 142.719
24.66 0.00511614 0.0215851 0.918558 142.735
24.67 0.0051071 0.0215461 0.916899 142.752
24.68 0.00509807 0.0215072 0.915242 142.768
24.69 0.00508905 0.0214684 0.913589 142.785
24.7 0.00508006 0.0214296 0.911939 142.801
24.71 0.00507107 0.0213909 0.910291 142.818
24.72 0.00506211 0.0213523 0.908647 142.834
24.73 0.00505316 0.0213137 0.907005 142.85
24.74 0.00504423 0.0212752 0.905367 142.867
24.75 0.00503531 0.0212368 0.903731 142.883
24.76 0.00502641 0.0211985 0.902099 142.9
24.77 0.00501753 0.0211602 0.900469 142.916
24.78 0.00500866 0.021122 0.898843 142.933
24.79 0.00499981 0.0210839 0.897219 142.949
24.8 0.00499098 0.0210458 0.895599 142.965
24.81 0.00498216 0.0210078 0.893981 142.982
24.82 0.00497335 0.0209699 0.892366 142.998
24.83 0.00496457 0.020932 0.890754 143.015
24.84 0.0049558 0.0208942 0.889146 143.031
24.85 0.00494704 0.0208565 0.88754 143.047
24.86 0.0049383 0.0208188 0.885937 143.064
24.87 0.00492958 0.0207812 0.884336 143.08
24.88 0.00492087 0.0207437 0.882739 143.097
24.89 0.00491218 0.0207063 0.881145 143.113
24.9 0.0049035 0.0206689 0.879554 143.129
24.91 0.00489484 0.0206316 0.877965 143.146
24.92 0.0048862 0.0205943 0.876379 143.162
24.93 0.00487757 0.0205572 0.874797 143.179
24.94 0.00486896 0.0205201 0.873217 143.195
24.95 0.00486036 0.020483 0.87164 143.212
24.96 0.00485178 0.020446 0.870066 143.228
24.97 0.00484322 0.0204091 0.868494 143.244
24.98 0.00483466 0.0203723 0.866926 143.261
24.99 0.00482613 0.0203355 0.86536 143.277
25 0.00481761 0.0202988 0.863798 143.294
25.01 0.00480911 0.0202622 0.862238 143.31
25.02 0.00480062 0.0202256 0.860681 143.326
25.03 0.00479215 0.0201891 0.859127 143.343
25.04 0.00478369 0.0201527 0.857575 143.359
25.05 0.00477525 0.0201163 0.856027 143.376
25.06 0.00476682 0.02008 0.854481 143.392
25.07 0.00475841 0.0200437 0.852938 143.408
25.08 0.00475001 0.0200076 0.851398 143.425
25.09 0.00474163 0.0199714 0.84986 143.441
25.1 0.00473326 0.0199354 0.848326 143.458
25.11 0.00472491 0.0198994 0.846794 143.474
25.12 0.00471658 0.0198635 0.845265 143.49
25.13 0.00470826 0.0198277 0.843739 143.507
25.14 0.00469995 0.0197919 0.842216 143.523
25.15 0.00469166 0.0197562 0.840695 143.54
25.16 0.00468339 0.0197205 0.839177 143.556
25.17 0.00467513 0.0196849 0.837662 143.572
25.18 0.00466688 0.0196494 0.83615 143.589
25.19 0.00465865 0.0196139 0.83464 143.605
25.2 0.00465044 0.0195785 0.833133 143.621
25.21 0.00464224 0.0195432 0.831629 143.638
25.22 0.00463405 0.0195079 0.830128 143.654
25.23 0.00462588 0.0194727 0.828629 143.671
25.24 0.00461772 0.0194376 0.827133 143.687
25.25 0.00460958 0.0194025 0.82564 143.703
25.26 0.00460146 0.0193675 0.824149 143.72
25.27 0.00459334 0.0193326 0.822662 143.736
25.28 0.00458525 0.0192977 0.821176 143.753
25.29 0.00457717 0.0192629 0.819694 143.769
25.3 0.0045691 0.0192281 0.818214 143.785
25.31 0.00456105 0.0191934 0.816737 143.802
25.32 0.00455301 0.0191588 0.815263 143.818
25.33 0.00454498 0.0191242 0.813791 143.834
25.34 0.00453697 0.0190897 0.812322 143.851
25.35 0.00452898 0.0190553 0.810856 143.867
25.36 0.004521 0.0190209 0.809393 143.884
25.37 0.00451303 0.0189866 0.807932 143.9
25.38 0.00450508 0.0189523 0.806473 143.916
25.39 0.00449714 0.0189181 0.805018 143.933
25.4 0.00448922 0.018884 0.803565 143.949
25.41 0.00448131 0.0188499 0.802114 143.965
25.42 0.00447342 0.0188159 0.800667 143.982
25.43 0.00446554 0.018782 0.799221 143.998
25.44 0.00445768 0.0187481 0.797779 144.015
25.45 0.00444982 0.0187143 0.796339 144.031
25.46 0.00444199 0.0186805 0.794902 144.047
25.47 0.00443416 0.0186468 0.793467 144.064
25.48 0.00442636 0.0186132 0.792035 144.08
25.49 0.00441856 0.0185796 0.790606 144.096
25.5 0.00441078 0.0185461 0.789179 144.113
25.51 0.00440301 0.0185127 0.787755 144.129
25.52 0.00439526 0.0184793 0.786333 144.145
25.53 0.00438752 0.0184459 0.784914 144.162
25.54 0.0043798 0.0184127 0.783498 144.178
25.55 0.00437209 0.0183794 0.782084 144.195
25.56 0.00436439 0.0183463 0.780673 144.211
25.57 0.00435671 0.0183132 0.779264 144.227
25.58 0.00434904 0.0182802 0.777858 144.244
25.59 0.00434139 0.0182472 0.776454 144.26
25.6 0.00433375 0.0182143 0.775053 144.276
25.61 0.00432612 0.0181814 0.773654 144.293
25.62 0.00431851 0.0181487 0.772258 144.309
25.63 0.00431091 0.0181159 0.770865 144.325
25.64 0.00430332 0.0180833 0.769474 144.342
25.65 0.00429575 0.0180506 0.768086 144.358
25.66 0.00428819 0.0180181 0.7667 144.375
25.67 0.00428065 0.0179856 0.765316 144.391
25.68 0.00427312 0.0179532 0.763936 144.407
25.69 0.0042656 0.0179208 0.762557 144.424
25.7 0.0042581 0.0178885 0.761182 144.44
25.71 0.00425061 0.0178562 0.759808 144.456
25.72 0.00424313 0.017824 0.758437 144.473
25.73 0.00423567 0.0177919 0.757069 144.489
25.74 0.00422822 0.0177598 0.755703 144.505
25.75 0.00422078 0.0177278 0.75434 144.522
25.76 0.00421336 0.0176958 0.752979 144.538
25.77 0.00420595 0.0176639 0.751621 144.554
25.78 0.00419855 0.017632 0.750265 144.571
25.79 0.00419117 0.0176003 0.748911 144.587
25.8 0.0041838 0.0175685 0.74756 144.603
25.81 0.00417644 0.0175368 0.746212 144.62
25.82 0.0041691 0.0175052 0.744866 144.636
25.83 0.00416177 0.0174737 0.743522 144.652
25.84 0.00415446 0.0174422 0.742181 144.669
25.85 0.00414715 0.0174107 0.740842 144.685
25.86 0.00413986 0.0173793 0.739506 144.701
25.87 0.00413259 0.017348 0.738172 144.718
25.88 0.00412532 0.0173167 0.73684 144.734
25.89 0.00411807 0.0172855 0.735511 144.75
25.9 0.00411084 0.0172543 0.734185 144.767
25.91 0.00410361 0.0172232 0.73286 144.783
25.92 0.0040964 0.0171922 0.731538 144.799
25.93 0.0040892 0.0171612 0.730219 144.816
25.94 0.00408202 0.0171303 0.728902 144.832
25.95 0.00407484 0.0170994 0.727587 144.848
25.96 0.00406769 0.0170686 0.726275 144.865
25.97 0.00406054 0.0170378 0.724965 144.881
25.98 0.00405341 0.0170071 0.723658 144.897
25.99 0.00404628 0.0169764 0.722353 144.914
26 0.00403918 0.0169458 0.72105 144.93
26.01 0.00403208 0.0169153 0.71975 144.946
26.02 0.004025 0.0168848 0.718452 144.963
26.03 0.00401793 0.0168544 0.717156 144.979
26.04 0.00401087 0.016824 0.715863 144.995
26.05 0.00400383 0.0167936 0.714572 145.012
26.06 0.0039968 0.0167634 0.713283 145.028
26.07 0.00398978 0.0167332 0.711997 145.044
26.08 0.00398277 0.016703 0.710713 145.061
26.09 0.00397578 0.0166729 0.709432 145.077
26.1 0.0039688 0.0166429 0.708152 145.093
26.11 0.00396183 0.0166129 0.706875 145.11
26.12 0.00395488 0.0165829 0.705601 145.126
26.13 0.00394793 0.016553 0.704329 145.142
26.14 0.003941 0.0165232 0.703059 145.159
26.15 0.00393408 0.0164934 0.701791 145.175
26.16 0.00392718 0.0164637 0.700526 145.191
26.17 0.00392028 0.016434 0.699263 145.208
26.18 0.0039134 0.0164044 0.698002 145.224
26.19 0.00390654 0.0163749 0.696743 145.24
26.2 0.00389968 0.0163454 0.695487 145.257
26.21 0.00389284 0.0163159 0.694233 145.273
26.22 0.003886 0.0162865 0.692982 145.289
26.23 0.00387918 0.0162572 0.691732 145.305
26.24 0.00387238 0.0162279 0.690485 145.322
26.25 0.00386558 0.0161986 0.689241 145.338
26.26 0.0038588 0.0161694 0.687998 145.354
26.27 0.00385203 0.0161403 0.686758 145.371
26.28 0.00384527 0.0161112 0.68552 145.387
26.29 0.00383853 0.0160822 0.684284 145.403
26.3 0.00383179 0.0160532 0.68305 145.42
26.31 0.00382507 0.0160243 0.681819 145.436
26.32 0.00381836 0.0159954 0.68059 145.452
26.33 0.00381167 0.0159666 0.679363 145.469
26.34 0.00380498 0.0159379 0.678139 145.485
26.35 0.00379831 0.0159091 0.676916 145.501
26.36 0.00379165 0.0158805 0.675696 145.517
26.37 0.003785 0.0158519 0.674478 145.534
26.38 0.00377836 0.0158233 0.673263 145.55
26.39 0.00377173 0.0157948 0.672049 145.566
26.4 0.00376512 0.0157664 0.670838 145.583
26.41 0.00375852 0.015738 0.669629 145.599
26.42 0.00375193 0.0157096 0.668422 145.615
26.43 0.00374535 0.0156813 0.667217 145.632
26.44 0.00373878 0.0156531 0.666015 145.648
26.45 0.00373223 0.0156249 0.664814 145.664
26.46 0.00372569 0.0155967 0.663616 145.68
26.47 0.00371916 0.0155686 0.66242 145.697
26.48 0.00371264 0.0155406 0.661227 145.713
26.49 0.00370613 0.0155126 0.660035 145.729
26.5 0.00369963 0.0154847 0.658845 145.746
26.51 0.00369315 0.0154568 0.657658 145.762
26.52 0.00368668 0.0154289 0.656473 145.778
26.53 0.00368022 0.0154012 0.65529 145.794
26.54 0.00367377 0.0153734 0.654109 145.811
26.55 0.00366733 0.0153457 0.652931 145.827
26.56 0.00366091 0.0153181 0.651754 145.843
26.57 0.00365449 0.0152905 0.65058 145.86
26.58 0.00364809 0.015263 0.649407 145.876
26.59 0.0036417 0.0152355 0.648237 145.892
26.6 0.00363532 0.0152081 0.647069 145.908
26.61 0.00362895 0.0151807 0.645903 145.925
26.62 0.00362259 0.0151533 0.64474 145.941
26.63 0.00361625 0.015126 0.643578 145.957
26.64 0.00360991 0.0150988 0.642418 145.974
26.65 0.00360359 0.0150716 0.641261 145.99
26.66 0.00359728 0.0150445 0.640106 146.006
26.67 0.00359098 0.0150174 0.638952 146.022
26.68 0.00358469 0.0149904 0.637801 146.039
26.69 0.00357841 0.0149634 0.636652 146.055
26.7 0.00357215 0.0149364 0.635505 146.071
26.71 0.00356589 0.0149095 0.63436 146.088
26.72 0.00355965 0.0148827 0.633218 146.104
26.73 0.00355341 0.0148559 0.632077 146.12
26.74 0.00354719 0.0148291 0.630938 146.136
26.75 0.00354098 0.0148024 0.629802 146.153
26.76 0.00353478 0.0147758 0.628667 146.169
26.77 0.00352859 0.0147492 0.627535 146.185
26.78 0.00352242 0.0147226 0.626404 146.201
26.79 0.00351625 0.0146961 0.625276 146.218
26.8 0.0035101 0.0146697 0.62415 146.234
26.81 0.00350395 0.0146433 0.623026 146.25
26.82 0.00349782 0.0146169 0.621903 146.267
26.83 0.0034917 0.0145906 0.620783 146.283
26.84 0.00348559 0.0145643 0.619665 146.299
26.85 0.00347949 0.0145381 0.618549 146.315
26.86 0.0034734 0.014512 0.617435 146.332
26.87 0.00346732 0.0144858 0.616323 146.348
26.88 0.00346125 0.0144598 0.615213 146.364
26.89 0.0034552 0.0144337 0.614105 146.38
26.9 0.00344915 0.0144078 0.612999 146.397
26.91 0.00344312 0.0143818 0.611895 146.413
26.92 0.0034371 0.0143559 0.610793 146.429
26.93 0.00343108 0.0143301 0.609693 146.445
26.94 0.00342508 0.0143043 0.608595 146.462
26.95 0.00341909 0.0142786 0.607499 146.478
26.96 0.00341311 0.0142529 0.606405 146.494
26.97 0.00340714 0.0142272 0.605313 146.51
26.98 0.00340118 0.0142016 0.604223 146.527
26.99 0.00339523 0.0141761 0.603135 146.543
27 0.00338929 0.0141505 0.602049 146.559
27.01 0.00338337 0.0141251 0.600965 146.575
27.02 0.00337745 0.0140997 0.599883 146.592
27.03 0.00337154 0.0140743 0.598803 146.608
27.04 0.00336565 0.014049 0.597725 146.624
27.05 0.00335976 0.0140237 0.596648 146.64
27.06 0.00335389 0.0139984 0.595574 146.657
27.07 0.00334802 0.0139733 0.594502 146.673
27.08 0.00334217 0.0139481 0.593431 146.689
27.09 0.00333633 0.013923 0.592363 146.705
27.1 0.0033305 0.013898 0.591297 146.722
27.11 0.00332467 0.013873 0.590232 146.738
27.12 0.00331886 0.013848 0.589169 146.754
27.13 0.00331306 0.0138231 0.588109 146.77
27.14 0.00330727 0.0137982 0.58705 146.787
27.15 0.00330149 0.0137734 0.585993 146.803
27.16 0.00329572 0.0137486 0.584938 146.819
27.17 0.00328996 0.0137239 0.583885 146.835
27.18 0.00328421 0.0136992 0.582834 146.852
27.19 0.00327847 0.0136745 0.581785 146.868
27.2 0.00327274 0.0136499 0.580738 146.884
27.21 0.00326702 0.0136254 0.579692 146.9
27.22 0.00326132 0.0136009 0.578649 146.917
27.23 0.00325562 0.0135764 0.577607 146.933
27.24 0.00324993 0.013552 0.576568 146.949
27.25 0.00324425 0.0135276 0.57553 146.965
27.26 0.00323858 0.0135033 0.574494 146.982
27.27 0.00323293 0.013479 0.57346 146.998
27.28 0.00322728 0.0134547 0.572428 147.014
27.29 0.00322164 0.0134305 0.571398 147.03
27.3 0.00321601 0.0134064 0.570369 147.046
27.31 0.0032104 0.0133823 0.569343 147.063
27.32 0.00320479 0.0133582 0.568318 147.079
27.33 0.00319919 0.0133342 0.567295 147.095
27.34 0.00319361 0.0133102 0.566274 147.111
27.35 0.00318803 0.0132862 0.565255 147.128
27.36 0.00318246 0.0132624 0.564238 147.144
27.37 0.0031769 0.0132385 0.563223 147.16
27.38 0.00317136 0.0132147 0.562209 147.176
27.39 0.00316582 0.0131909 0.561197 147.193
27.4 0.00316029 0.0131672 0.560188 147.209
27.41 0.00315477 0.0131435 0.55918 147.225
27.42 0.00314927 0.0131199 0.558173 147.241
27.43 0.00314377 0.0130963 0.557169 147.257
27.44 0.00313828 0.0130727 0.556166 147.274
27.45 0.0031328 0.0130492 0.555166 147.29
27.46 0.00312733 0.0130258 0.554167 147.306
27.47 0.00312187 0.0130024 0.55317 147.322
27.48 0.00311643 0.012979 0.552174 147.339
27.49 0.00311099 0.0129556 0.551181 147.355
27.5 0.00310556 0.0129323 0.550189 147.371
27.51 0.00310014 0.0129091 0.549199 147.387
27.52 0.00309473 0.0128859 0.548211 147.403
27.53 0.00308933 0.0128627 0.547225 147.42
27.54 0.00308393 0.0128396 0.546241 147.436
27.55 0.00307855 0.0128165 0.545258 147.452
27.56 0.00307318 0.0127935 0.544277 147.468
27.57 0.00306782 0.0127705 0.543298 147.484
27.58 0.00306247 0.0127475 0.542321 147.501
27.59 0.00305712 0.0127246 0.541345 147.517
27.6 0.00305179 0.0127017 0.540371 147.533
27.61 0.00304647 0.0126789 0.539399 147.549
27.62 0.00304115 0.0126561 0.538429 147.566
27.63 0.00303585 0.0126333 0.53746 147.582
27.64 0.00303055 0.0126106 0.536494 147.598
27.65 0.00302527 0.0125879 0.535529 147.614
27.66 0.00301999 0.0125653 0.534565 147.63
27.67 0.00301472 0.0125427 0.533604 147.647
27.68 0.00300946 0.0125202 0.532644 147.663
27.69 0.00300422 0.0124977 0.531686 147.679
27.7 0.00299898 0.0124752 0.53073 147.695
27.71 0.00299375 0.0124528 0.529775 147.711
27.72 0.00298853 0.0124304 0.528823 147.728
27.73 0.00298332 0.0124081 0.527872 147.744
27.74 0.00297811 0.0123858 0.526922 147.76
27.75 0.00297292 0.0123635 0.525975 147.776
27.76 0.00296774 0.0123413 0.525029 147.792
27.77 0.00296256 0.0123191 0.524085 147.809
27.78 0.0029574 0.012297 0.523142 147.825
27.79 0.00295224 0.0122749 0.522201 147.841
27.8 0.0029471 0.0122528 0.521262 147.857
27.81 0.00294196 0.0122308 0.520325 147.873
27.82 0.00293683 0.0122088 0.519389 147.89
27.83 0.00293171 0.0121869 0.518455 147.906
27.84 0.0029266 0.012165 0.517523 147.922
27.85 0.0029215 0.0121431 0.516593 147.938
27.86 0.00291641 0.0121213 0.515664 147.954
27.87 0.00291133 0.0120995 0.514737 147.971
27.88 0.00290625 0.0120778 0.513811 147.987
27.89 0.00290119 0.0120561 0.512887 148.003
27.9 0.00289613 0.0120344 0.511965 148.019
27.91 0.00289109 0.0120128 0.511045 148.035
27.92 0.00288605 0.0119912 0.510126 148.051
27.93 0.00288102 0.0119697 0.509209 148.068
27.94 0.002876 0.0119482 0.508293 148.084
27.95 0.00287099 0.0119267 0.50738 148.1
27.96 0.00286599 0.0119053 0.506467 148.116
27.97 0.002861 0.0118839 0.505557 148.132
27.98 0.00285601 0.0118625 0.504648 148.149
27.99 0.00285104 0.0118412 0.503741 148.165
28 0.00284607 0.0118199 0.502835 148.181
28.01 0.00284112 0.0117987 0.501932 148.197
28.02 0.00283617 0.0117775 0.501029 148.213
28.03 0.00283123 0.0117564 0.500129 148.229
28.04 0.0028263 0.0117352 0.49923 148.246
28.05 0.00282137 0.0117142 0.498332 148.262
28.06 0.00281646 0.0116931 0.497437 148.278
28.07 0.00281156 0.0116721 0.496543 148.294
28.08 0.00280666 0.0116512 0.49565 148.31
28.09 0.00280177 0.0116302 0.494759 148.327
28.1 0.0027969 0.0116093 0.49387 148.343
28.11 0.00279203 0.0115885 0.492982 148.359
28.12 0.00278716 0.0115677 0.492096 148.375
28.13 0.00278231 0.0115469 0.491212 148.391
28.14 0.00277747 0.0115262 0.490329 148.407
28.15 0.00277263 0.0115055 0.489448 148.424
28.16 0.00276781 0.0114848 0.488569 148.44
28.17 0.00276299 0.0114642 0.487691 148.456
28.18 0.00275818 0.0114436 0.486814 148.472
28.19 0.00275338 0.011423 0.485939 148.488
28.2 0.00274859 0.0114025 0.485066 148.504
28.21 0.0027438 0.011382 0.484195 148.521
28.22 0.00273903 0.0113616 0.483325 148.537
28.23 0.00273426 0.0113412 0.482456 148.553
28.24 0.0027295 0.0113208 0.481589 148.569
28.25 0.00272475 0.0113005 0.480724 148.585
28.26 0.00272001 0.0112802 0.47986 148.601
28.27 0.00271528 0.01126 0.478998 148.618
28.28 0.00271055 0.0112397 0.478137 148.634
28.29 0.00270584 0.0112196 0.477278 148.65
28.3 0.00270113 0.0111994 0.476421 148.666
28.31 0.00269643 0.0111793 0.475565 148.682
28.32 0.00269174 0.0111592 0.47471 148.698
28.33 0.00268705 0.0111392 0.473858 148.714
28.34 0.00268238 0.0111192 0.473006 148.731
28.35 0.00267771 0.0110993 0.472157 148.747
28.36 0.00267306 0.0110793 0.471308 148.763
28.37 0.00266841 0.0110594 0.470462 148.779
28.38 0.00266377 0.0110396 0.469617 148.795
28.39 0.00265913 0.0110198 0.468773 148.811
28.4 0.00265451 0.011 0.467931 148.828
28.41 0.00264989 0.0109802 0.46709 148.844
28.42 0.00264528 0.0109605 0.466251 148.86
28.43 0.00264068 0.0109409 0.465414 148.876
28.44 0.00263609 0.0109212 0.464578 148.892
28.45 0.00263151 0.0109016 0.463744 148.908
28.46 0.00262693 0.010882 0.462911 148.924
28.47 0.00262236 0.0108625 0.462079 148.941
28.48 0.0026178 0.010843 0.461249 148.957
28.49 0.00261325 0.0108236 0.460421 148.973
28.5 0.00260871 0.0108041 0.459594 148.989
28.51 0.00260417 0.0107847 0.458769 149.005
28.52 0.00259965 0.0107654 0.457945 149.021
28.53 0.00259513 0.0107461 0.457122 149.037
28.54 0.00259061 0.0107268 0.456301 149.054
28.55 0.00258611 0.0107075 0.455482 149.07
28.56 0.00258162 0.0106883 0.454664 149.086
28.57 0.00257713 0.0106691 0.453848 149.102
28.58 0.00257265 0.01065 0.453033 149.118
28.59 0.00256818 0.0106309 0.452219 149.134
28.6 0.00256372 0.0106118 0.451407 149.15
28.61 0.00255926 0.0105928 0.450596 149.167
28.62 0.00255481 0.0105737 0.449787 149.183
28.63 0.00255037 0.0105548 0.44898 149.199
28.64 0.00254594 0.0105358 0.448174 149.215
28.65 0.00254152 0.0105169 0.447369 149.231
28.66 0.0025371 0.0104981 0.446566 149.247
28.67 0.00253269 0.0104792 0.445764 149.263
28.68 0.00252829 0.0104604 0.444964 149.279
28.69 0.0025239 0.0104417 0.444165 149.296
28.7 0.00251951 0.0104229 0.443367 149.312
28.71 0.00251514 0.0104042 0.442571 149.328
28.72 0.00251077 0.0103856 0.441777 149.344
28.73 0.00250641 0.0103669 0.440984 149.36
28.74 0.00250205 0.0103483 0.440192 149.376
28.75 0.00249771 0.0103298 0.439402 149.392
28.76 0.00249337 0.0103112 0.438613 149.408
28.77 0.00248904 0.0102927 0.437826 149.425
28.78 0.00248471 0.0102743 0.43704 149.441
28.79 0.0024804 0.0102558 0.436255 149.457
28.8 0.00247609 0.0102375 0.435472 149.473
28.81 0.00247179 0.0102191 0.434691 149.489
28.82 0.0024675 0.0102008 0.433911 149.505
28.83 0.00246321 0.0101825 0.433132 149.521
28.84 0.00245894 0.0101642 0.432354 149.537
28.85 0.00245467 0.010146 0.431578 149.554
28.86 0.00245041 0.0101278 0.430804 149.57
28.87 0.00244615 0.0101096 0.430031 149.586
28.88 0.0024419 0.0100915 0.429259 149.602
28.89 0.00243766 0.0100734 0.428488 149.618
28.9 0.00243343 0.0100553 0.427719 149.634
28.91 0.00242921 0.0100373 0.426952 149.65
28.92 0.00242499 0.0100193 0.426186 149.666
28.93 0.00242078 0.0100013 0.425421 149.682
28.94 0.00241658 0.00998338 0.424657 149.699
28.95 0.00241238 0.00996548 0.423895 149.715
28.96 0.0024082 0.00994761 0.423135 149.731
28.97 0.00240402 0.00992977 0.422376 149.747
28.98 0.00239985 0.00991196 0.421618 149.763
28.99 0.00239568 0.00989419 0.420861 149.779
29 0.00239152 0.00987645 0.420106 149.795
29.01 0.00238737 0.00985874 0.419352 149.811
29.02 0.00238323 0.00984106 0.4186 149.827
29.03 0.00237909 0.00982342 0.417849 149.844
29.04 0.00237497 0.00980581 0.417099 149.86
29.05 0.00237084 0.00978823 0.416351 149.876
29.06 0.00236673 0.00977068 0.415604 149.892
29.07 0.00236262 0.00975316 0.414858 149.908
29.08 0.00235853 0.00973568 0.414114 149.924
29.09 0.00235443 0.00971822 0.413371 149.94
29.1 0.00235035 0.0097008 0.412629 149.956
29.11 0.00234627 0.00968341 0.411889 149.972
29.12 0.0023422 0.00966605 0.41115 149.988
29.13 0.00233814 0.00964872 0.410413 150.005
29.14 0.00233408 0.00963143 0.409677 150.021
29.15 0.00233003 0.00961416 0.408942 150.037
29.16 0.00232599 0.00959693 0.408208 150.053
29.17 0.00232196 0.00957973 0.407476 150.069
29.18 0.00231793 0.00956256 0.406745 150.085
29.19 0.00231391 0.00954542 0.406016 150.101
29.2 0.0023099 0.00952831 0.405287 150.117
29.21 0.00230589 0.00951123 0.40456 150.133
29.22 0.00230189 0.00949419 0.403835 150.149
29.23 0.0022979 0.00947717 0.403111 150.165
29.24 0.00229392 0.00946018 0.402388 150.182
29.25 0.00228994 0.00944323 0.401666 150.198
29.26 0.00228597 0.00942631 0.400946 150.214
29.27 0.00228201 0.00940941 0.400227 150.23
29.28 0.00227805 0.00939255 0.399509 150.246
29.29 0.0022741 0.00937572 0.398792 150.262
29.3 0.00227016 0.00935892 0.398077 150.278
29.31 0.00226622 0.00934215 0.397363 150.294
29.32 0.00226229 0.00932541 0.396651 150.31
29.33 0.00225837 0.0093087 0.39594 150.326
29.34 0.00225446 0.00929202 0.39523 150.342
29.35 0.00225055 0.00927537 0.394521 150.359
29.36 0.00224665 0.00925875 0.393814 150.375
29.37 0.00224275 0.00924216 0.393107 150.391
29.38 0.00223887 0.0092256 0.392403 150.407
29.39 0.00223499 0.00920907 0.391699 150.423
29.4 0.00223111 0.00919257 0.390997 150.439
29.41 0.00222725 0.0091761 0.390296 150.455
29.42 0.00222339 0.00915966 0.389596 150.471
29.43 0.00221954 0.00914325 0.388898 150.487
29.44 0.00221569 0.00912687 0.3882 150.503
29.45 0.00221185 0.00911052 0.387504 150.519
29.46 0.00220802 0.0090942 0.38681 150.535
29.47 0.00220419 0.00907791 0.386116 150.551
29.48 0.00220037 0.00906165 0.385424 150.567
29.49 0.00219656 0.00904542 0.384733 150.584
29.5 0.00219276 0.00902921 0.384044 150.6
29.51 0.00218896 0.00901304 0.383355 150.616
29.52 0.00218516 0.00899689 0.382668 150.632
29.53 0.00218138 0.00898078 0.381982 150.648
29.54 0.0021776 0.00896469 0.381297 150.664
29.55 0.00217383 0.00894864 0.380614 150.68
29.56 0.00217006 0.00893261 0.379932 150.696
29.57 0.0021663 0.00891661 0.379251 150.712
29.58 0.00216255 0.00890064 0.378571 150.728
29.59 0.00215881 0.0088847 0.377893 150.744
29.6 0.00215507 0.00886879 0.377215 150.76
29.61 0.00215134 0.00885291 0.376539 150.776
29.62 0.00214761 0.00883705 0.375865 150.792
29.63 0.00214389 0.00882123 0.375191 150.808
29.64 0.00214018 0.00880543 0.374519 150.825
29.65 0.00213647 0.00878966 0.373847 150.841
29.66 0.00213277 0.00877392 0.373178 150.857
29.67 0.00212908 0.00875821 0.372509 150.873
29.68 0.00212539 0.00874253 0.371841 150.889
29.69 0.00212171 0.00872687 0.371175 150.905
29.7 0.00211804 0.00871125 0.37051 150.921
29.71 0.00211437 0.00869565 0.369846 150.937
29.72 0.00211071 0.00868008 0.369183 150.953
29.73 0.00210706 0.00866454 0.368522 150.969
29.74 0.00210341 0.00864902 0.367862 150.985
29.75 0.00209977 0.00863354 0.367203 151.001
29.76 0.00209614 0.00861808 0.366545 151.017
29.77 0.00209251 0.00860265 0.365888 151.033
29.78 0.00208889 0.00858725 0.365232 151.049
29.79 0.00208527 0.00857188 0.364578 151.065
29.8 0.00208166 0.00855653 0.363925 151.081
29.81 0.00207806 0.00854122 0.363273 151.097
29.82 0.00207446 0.00852593 0.362622 151.113
29.83 0.00207087 0.00851066 0.361973 151.13
29.84 0.00206729 0.00849543 0.361324 151.146
29.85 0.00206371 0.00848022 0.360677 151.162
29.86 0.00206014 0.00846504 0.360031 151.178
29.87 0.00205658 0.00844989 0.359386 151.194
29.88 0.00205302 0.00843477 0.358742 151.21
29.89 0.00204947 0.00841967 0.3581 151.226
29.9 0.00204592 0.0084046 0.357458 151.242
29.91 0.00204238 0.00838956 0.356818 151.258
29.92 0.00203885 0.00837454 0.356179 151.274
29.93 0.00203532 0.00835955 0.355541 151.29
29.94 0.0020318 0.00834459 0.354904 151.306
29.95 0.00202828 0.00832966 0.354269 151.322
29.96 0.00202478 0.00831475 0.353634 151.338
29.97 0.00202127 0.00829987 0.353001 151.354
29.98 0.00201778 0.00828502 0.352369 151.37
29.99 0.00201429 0.00827019 0.351738 151.386
30 0.0020108 0.00825539 0.351108 151.402
30.01 0.00200733 0.00824062 0.350479 151.418
30.02 0.00200385 0.00822587 0.349851 151.434
30.03 0.00200039 0.00821115 0.349225 151.45
30.04 0.00199693 0.00819646 0.3486 151.466
30.05 0.00199348 0.0081818 0.347975 151.482
30.06 0.00199003 0.00816716 0.347352 151.498
30.07 0.00198659 0.00815254 0.34673 151.514
30.08 0.00198315 0.00813796 0.34611 151.53
30.09 0.00197972 0.0081234 0.34549 151.546
30.1 0.0019763 0.00810886 0.344871 151.562
30.11 0.00197288 0.00809436 0.344254 151.579
30.12 0.00196947 0.00807988 0.343638 151.595
30.13 0.00196607 0.00806542 0.343022 151.611
30.14 0.00196267 0.00805099 0.342408 151.627
30.15 0.00195928 0.00803659 0.341795 151.643
30.16 0.00195589 0.00802221 0.341183 151.659
30.17 0.00195251 0.00800786 0.340573 151.675
30.18 0.00194913 0.00799354 0.339963 151.691
30.19 0.00194576 0.00797924 0.339354 151.707
30.2 0.0019424 0.00796497 0.338747 151.723
30.21 0.00193904 0.00795072 0.33814 151.739
30.22 0.00193569 0.0079365 0.337535 151.755
30.23 0.00193235 0.0079223 0.336931 151.771
30.24 0.00192901 0.00790813 0.336328 151.787
30.25 0.00192567 0.00789399 0.335726 151.803
30.26 0.00192235 0.00787987 0.335125 151.819
30.27 0.00191902 0.00786578 0.334525 151.835
30.28 0.00191571 0.00785171 0.333927 151.851
30.29 0.0019124 0.00783767 0.333329 151.867
30.3 0.00190909 0.00782365 0.332732 151.883
30.31 0.00190579 0.00780966 0.332137 151.899
30.32 0.0019025 0.00779569 0.331542 151.915
30.33 0.00189921 0.00778175 0.330949 151.931
30.34 0.00189593 0.00776784 0.330357 151.947
30.35 0.00189266 0.00775395 0.329766 151.963
30.36 0.00188939 0.00774008 0.329176 151.979
30.37 0.00188612 0.00772624 0.328587 151.995
30.38 0.00188287 0.00771243 0.327999 152.011
30.39 0.00187961 0.00769863 0.327412 152.027
30.4 0.00187637 0.00768487 0.326826 152.043
30.41 0.00187313 0.00767113 0.326241 152.059
30.42 0.00186989 0.00765741 0.325657 152.075
30.43 0.00186666 0.00764372 0.325075 152.091
30.44 0.00186344 0.00763006 0.324493 152.107
30.45 0.00186022 0.00761642 0.323912 152.123
30.46 0.00185701 0.0076028 0.323333 152.139
30.47 0.0018538 0.00758921 0.322755 152.155
30.48 0.0018506 0.00757564 0.322177 152.171
30.49 0.0018474 0.0075621 0.321601 152.187
30.5 0.00184421 0.00754858 0.321025 152.203
30.51 0.00184103 0.00753509 0.320451 152.219
30.52 0.00183785 0.00752162 0.319878 152.235
30.53 0.00183467 0.00750817 0.319306 152.251
30.54 0.00183151 0.00749475 0.318734 152.267
30.55 0.00182834 0.00748135 0.318164 152.283
30.56 0.00182519 0.00746798 0.317595 152.299
30.57 0.00182204 0.00745463 0.317027 152.315
30.58 0.00181889 0.00744131 0.31646 152.331
30.59 0.00181575 0.00742801 0.315894 152.347
30.6 0.00181262 0.00741473 0.315329 152.363
30.61 0.00180949 0.00740148 0.314765 152.379
30.62 0.00180636 0.00738825 0.314202 152.395
30.63 0.00180325 0.00737505 0.31364 152.411
30.64 0.00180013 0.00736187 0.313079 152.427
30.65 0.00179703 0.00734871 0.312519 152.443
30.66 0.00179393 0.00733558 0.31196 152.459
30.67 0.00179083 0.00732247 0.311402 152.475
30.68 0.00178774 0.00730939 0.310846 152.491
30.69 0.00178465 0.00729633 0.31029 152.507
30.7 0.00178157 0.00728329 0.309735 152.523
30.71 0.0017785 0.00727027 0.309181 152.539
30.72 0.00177543 0.00725728 0.308628 152.555
30.73 0.00177237 0.00724432 0.308076 152.571
30.74 0.00176931 0.00723137 0.307525 152.587
30.75 0.00176626 0.00721845 0.306976 152.603
30.76 0.00176321 0.00720556 0.306427 152.619
30.77 0.00176017 0.00719268 0.305879 152.635
30.78 0.00175713 0.00717983 0.305332 152.651
30.79 0.0017541 0.007167 0.304786 152.667
30.8 0.00175107 0.0071542 0.304241 152.682
30.81 0.00174805 0.00714142 0.303697 152.698
30.82 0.00174504 0.00712866 0.303154 152.714
30.83 0.00174202 0.00711593 0.302612 152.73
30.84 0.00173902 0.00710322 0.302071 152.746
30.85 0.00173602 0.00709053 0.301531 152.762
30.86 0.00173303 0.00707786 0.300992 152.778
30.87 0.00173004 0.00706522 0.300454 152.794
30.88 0.00172705 0.0070526 0.299917 152.81
30.89 0.00172407 0.00704 0.299381 152.826
30.9 0.0017211 0.00702743 0.298846 152.842
30.91 0.00171813 0.00701487 0.298312 152.858
30.92 0.00171517 0.00700235 0.297778 152.874
30.93 0.00171221 0.00698984 0.297246 152.89
30.94 0.00170926 0.00697736 0.296715 152.906
30.95 0.00170631 0.00696489 0.296185 152.922
30.96 0.00170337 0.00695246 0.295655 152.938
30.97 0.00170043 0.00694004 0.295127 152.954
30.98 0.0016975 0.00692765 0.294599 152.97
30.99 0.00169457 0.00691527 0.294073 152.986
31 0.00169165 0.00690292 0.293547 153.002
31.01 0.00168873 0.0068906 0.293023 153.018
31.02 0.00168582 0.00687829 0.292499 153.034
31.03 0.00168292 0.00686601 0.291976 153.05
31.04 0.00168002 0.00685375 0.291455 153.066
31.05 0.00167712 0.00684151 0.290934 153.082
31.06 0.00167423 0.0068293 0.290414 153.098
31.07 0.00167134 0.0068171 0.289895 153.114
31.08 0.00166846 0.00680493 0.289377 153.129
31.09 0.00166559 0.00679278 0.28886 153.145
31.1 0.00166272 0.00678065 0.288344 153.161
31.11 0.00165985 0.00676855 0.287829 153.177
31.12 0.00165699 0.00675647 0.287314 153.193
31.13 0.00165413 0.0067444 0.286801 153.209
31.14 0.00165128 0.00673236 0.286289 153.225
31.15 0.00164844 0.00672034 0.285777 153.241
31.16 0.0016456 0.00670835 0.285267 153.257
31.17 0.00164276 0.00669637 0.284757 153.273
31.18 0.00163993 0.00668442 0.284248 153.289
31.19 0.0016371 0.00667249 0.283741 153.305
31.2 0.00163428 0.00666058 0.283234 153.321
31.21 0.00163147 0.00664869 0.282728 153.337
31.22 0.00162866 0.00663682 0.282223 153.353
31.23 0.00162585 0.00662497 0.281719 153.369
31.24 0.00162305 0.00661315 0.281215 153.385
31.25 0.00162025 0.00660135 0.280713 153.401
31.26 0.00161746 0.00658956 0.280212 153.417
31.27 0.00161467 0.0065778 0.279711 153.432
31.28 0.00161189 0.00656606 0.279212 153.448
31.29 0.00160912 0.00655435 0.278713 153.464
31.3 0.00160634 0.00654265 0.278215 153.48
31.31 0.00160358 0.00653097 0.277718 153.496
31.32 0.00160081 0.00651932 0.277222 153.512
31.33 0.00159806 0.00650768 0.276727 153.528
31.34 0.0015953 0.00649607 0.276233 153.544
31.35 0.00159256 0.00648448 0.27574 153.56
31.36 0.00158981 0.00647291 0.275247 153.576
31.37 0.00158708 0.00646136 0.274756 153.592
31.38 0.00158434 0.00644983 0.274265 153.608
31.39 0.00158161 0.00643832 0.273775 153.624
31.4 0.00157889 0.00642683 0.273287 153.64
31.41 0.00157617 0.00641537 0.272799 153.656
31.42 0.00157346 0.00640392 0.272312 153.671
31.43 0.00157075 0.00639249 0.271825 153.687
31.44 0.00156804 0.00638109 0.27134 153.703
31.45 0.00156534 0.00636971 0.270856 153.719
31.46 0.00156265 0.00635834 0.270372 153.735
31.47 0.00155996 0.006347 0.269889 153.751
31.48 0.00155727 0.00633568 0.269407 153.767
31.49 0.00155459 0.00632437 0.268926 153.783
31.5 0.00155192 0.00631309 0.268446 153.799
31.51 0.00154924 0.00630183 0.267967 153.815
31.52 0.00154658 0.00629059 0.267489 153.831
31.53 0.00154391 0.00627937 0.267011 153.847
31.54 0.00154126 0.00626817 0.266535 153.863
31.55 0.0015386 0.00625699 0.266059 153.879
31.56 0.00153596 0.00624583 0.265584 153.894
31.57 0.00153331 0.00623469 0.26511 153.91
31.58 0.00153067 0.00622357 0.264637 153.926
31.59 0.00152804 0.00621247 0.264164 153.942
31.6 0.00152541 0.00620139 0.263693 153.958
31.61 0.00152278 0.00619033 0.263222 153.974
31.62 0.00152016 0.00617929 0.262752 153.99
31.63 0.00151755 0.00616827 0.262283 154.006
31.64 0.00151494 0.00615727 0.261815 154.022
31.65 0.00151233 0.00614629 0.261348 154.038
31.66 0.00150973 0.00613533 0.260882 154.054
31.67 0.00150713 0.00612439 0.260416 154.069
31.68 0.00150454 0.00611347 0.259951 154.085
31.69 0.00150195 0.00610257 0.259488 154.101
31.7 0.00149936 0.00609168 0.259024 154.117
31.71 0.00149678 0.00608082 0.258562 154.133
31.72 0.00149421 0.00606998 0.258101 154.149
31.73 0.00149164 0.00605916 0.25764 154.165
31.74 0.00148907 0.00604835 0.257181 154.181
31.75 0.00148651 0.00603757 0.256722 154.197
31.76 0.00148395 0.00602681 0.256264 154.213
31.77 0.0014814 0.00601606 0.255806 154.229
31.78 0.00147885 0.00600534 0.25535 154.244
31.79 0.00147631 0.00599463 0.254894 154.26
31.8 0.00147377 0.00598394 0.25444 154.276
31.81 0.00147123 0.00597328 0.253986 154.292
31.82 0.0014687 0.00596263 0.253533 154.308
31.83 0.00146618 0.005952 0.25308 154.324
31.84 0.00146365 0.00594139 0.252629 154.34
31.85 0.00146114 0.0059308 0.252178 154.356
31.86 0.00145862 0.00592023 0.251728 154.372
31.87 0.00145612 0.00590967 0.251279 154.388
31.88 0.00145361 0.00589914 0.250831 154.403
31.89 0.00145111 0.00588863 0.250384 154.419
31.9 0.00144862 0.00587813 0.249937 154.435
31.91 0.00144613 0.00586765 0.249491 154.451
31.92 0.00144364 0.0058572 0.249046 154.467
31.93 0.00144116 0.00584676 0.248602 154.483
31.94 0.00143868 0.00583634 0.248159 154.499
31.95 0.00143621 0.00582594 0.247716 154.515
31.96 0.00143374 0.00581555 0.247274 154.531
31.97 0.00143127 0.00580519 0.246833 154.546
31.98 0.00142881 0.00579485 0.246393 154.562
31.99 0.00142636 0.00578452 0.245954 154.578
32 0.0014239 0.00577421 0.245515 154.594
32.01 0.00142146 0.00576392 0.245077 154.61
32.02 0.00141901 0.00575365 0.24464 154.626
32.03 0.00141657 0.0057434 0.244204 154.642
32.04 0.00141414 0.00573317 0.243769 154.658
32.05 0.00141171 0.00572295 0.243334 154.674
32.06 0.00140928 0.00571276 0.2429 154.689
32.07 0.00140686 0.00570258 0.242467 154.705
32.08 0.00140444 0.00569242 0.242035 154.721
32.09 0.00140203 0.00568228 0.241603 154.737
32.1 0.00139962 0.00567215 0.241172 154.753
32.11 0.00139721 0.00566205 0.240742 154.769
32.12 0.00139481 0.00565196 0.240313 154.785
32.13 0.00139241 0.00564189 0.239885 154.801
32.14 0.00139002 0.00563184 0.239457 154.817
32.15 0.00138763 0.00562181 0.23903 154.832
32.16 0.00138525 0.0056118 0.238604 154.848
32.17 0.00138287 0.0056018 0.238179 154.864
32.18 0.00138049 0.00559182 0.237754 154.88
32.19 0.00137812 0.00558186 0.23733 154.896
32.2 0.00137575 0.00557192 0.236907 154.912
32.21 0.00137339 0.00556199 0.236485 154.928
32.22 0.00137103 0.00555209 0.236063 154.943
32.23 0.00136867 0.0055422 0.235643 154.959
32.24 0.00136632 0.00553233 0.235223 154.975
32.25 0.00136398 0.00552248 0.234803 154.991
32.26 0.00136163 0.00551264 0.234385 155.007
32.27 0.00135929 0.00550282 0.233967 155.023
32.28 0.00135696 0.00549302 0.23355 155.039
32.29 0.00135463 0.00548324 0.233134 155.055
32.3 0.0013523 0.00547348 0.232718 155.07
32.31 0.00134998 0.00546373 0.232304 155.086
32.32 0.00134766 0.005454 0.23189 155.102
32.33 0.00134535 0.00544429 0.231476 155.118
32.34 0.00134304 0.0054346 0.231064 155.134
32.35 0.00134073 0.00542492 0.230652 155.15
32.36 0.00133843 0.00541526 0.230241 155.166
32.37 0.00133613 0.00540562 0.229831 155.181
32.38 0.00133383 0.00539599 0.229421 155.197
32.39 0.00133154 0.00538639 0.229013 155.213
32.4 0.00132926 0.0053768 0.228604 155.229
32.41 0.00132697 0.00536722 0.228197 155.245
32.42 0.0013247 0.00535767 0.227791 155.261
32.43 0.00132242 0.00534813 0.227385 155.277
32.44 0.00132015 0.00533861 0.22698 155.292
32.45 0.00131788 0.00532911 0.226575 155.308
32.46 0.00131562 0.00531962 0.226172 155.324
32.47 0.00131336 0.00531015 0.225769 155.34
32.48 0.00131111 0.0053007 0.225366 155.356
32.49 0.00130886 0.00529126 0.224965 155.372
32.5 0.00130661 0.00528184 0.224564 155.388
32.51 0.00130437 0.00527244 0.224164 155.403
32.52 0.00130213 0.00526306 0.223765 155.419
32.53 0.00129989 0.00525369 0.223366 155.435
32.54 0.00129766 0.00524434 0.222968 155.451
32.55 0.00129543 0.00523501 0.222571 155.467
32.56 0.00129321 0.00522569 0.222175 155.483
32.57 0.00129099 0.00521639 0.221779 155.499
32.58 0.00128878 0.0052071 0.221384 155.514
32.59 0.00128656 0.00519784 0.22099 155.53
32.6 0.00128436 0.00518859 0.220596 155.546
32.61 0.00128215 0.00517935 0.220203 155.562
32.62 0.00127995 0.00517014 0.219811 155.578
32.63 0.00127776 0.00516094 0.21942 155.594
32.64 0.00127556 0.00515175 0.219029 155.609
32.65 0.00127337 0.00514259 0.218639 155.625
32.66 0.00127119 0.00513344 0.21825 155.641
32.67 0.00126901 0.0051243 0.217861 155.657
32.68 0.00126683 0.00511519 0.217473 155.673
32.69 0.00126466 0.00510608 0.217086 155.689
32.7 0.00126249 0.005097 0.216699 155.704
32.71 0.00126032 0.00508793 0.216313 155.72
32.72 0.00125816 0.00507888 0.215928 155.736
32.73 0.001256 0.00506984 0.215544 155.752
32.74 0.00125385 0.00506082 0.21516 155.768
32.75 0.00125169 0.00505182 0.214777 155.784
32.76 0.00124955 0.00504283 0.214395 155.799
32.77 0.0012474 0.00503386 0.214013 155.815
32.78 0.00124526 0.00502491 0.213632 155.831
32.79 0.00124313 0.00501597 0.213252 155.847
32.8 0.001241 0.00500705 0.212872 155.863
32.81 0.00123887 0.00499814 0.212493 155.879
32.82 0.00123674 0.00498925 0.212115 155.894
32.83 0.00123462 0.00498038 0.211737 155.91
32.84 0.0012325 0.00497152 0.21136 155.926
32.85 0.00123039 0.00496267 0.210984 155.942
32.86 0.00122828 0.00495385 0.210608 155.958
32.87 0.00122617 0.00494504 0.210234 155.974
32.88 0.00122407 0.00493624 0.209859 155.989
32.89 0.00122197 0.00492746 0.209486 156.005
32.9 0.00121988 0.0049187 0.209113 156.021
32.91 0.00121779 0.00490995 0.208741 156.037
32.92 0.0012157 0.00490122 0.208369 156.053
32.93 0.00121361 0.00489251 0.207998 156.068
32.94 0.00121153 0.00488381 0.207628 156.084
32.95 0.00120945 0.00487512 0.207259 156.1
32.96 0.00120738 0.00486645 0.20689 156.116
32.97 0.00120531 0.0048578 0.206522 156.132
32.98 0.00120324 0.00484916 0.206154 156.148
32.99 0.00120118 0.00484054 0.205787 156.163
33 0.00119912 0.00483193 0.205421 156.179
33.01 0.00119707 0.00482334 0.205056 156.195
33.02 0.00119501 0.00481477 0.204691 156.211
33.03 0.00119297 0.00480621 0.204327 156.227
33.04 0.00119092 0.00479766 0.203963 156.242
33.05 0.00118888 0.00478913 0.2036 156.258
33.06 0.00118684 0.00478062 0.203238 156.274
33.07 0.00118481 0.00477212 0.202876 156.29
33.08 0.00118278 0.00476364 0.202515 156.306
33.09 0.00118075 0.00475517 0.202155 156.322
33.1 0.00117873 0.00474671 0.201795 156.337
33.11 0.00117671 0.00473828 0.201436 156.353
33.12 0.00117469 0.00472985 0.201078 156.369
33.13 0.00117268 0.00472145 0.20072 156.385
33.14 0.00117067 0.00471306 0.200363 156.401
33.15 0.00116866 0.00470468 0.200007 156.416
33.16 0.00116666 0.00469632 0.199651 156.432
33.17 0.00116466 0.00468797 0.199296 156.448
33.18 0.00116266 0.00467964 0.198941 156.464
33.19 0.00116067 0.00467132 0.198588 156.48
33.2 0.00115868 0.00466302 0.198234 156.495
33.21 0.0011567 0.00465473 0.197882 156.511
33.22 0.00115472 0.00464646 0.19753 156.527
33.23 0.00115274 0.0046382 0.197179 156.543
33.24 0.00115076 0.00462996 0.196828 156.559
33.25 0.00114879 0.00462173 0.196478 156.574
33.26 0.00114682 0.00461352 0.196128 156.59
33.27 0.00114486 0.00460532 0.19578 156.606
33.28 0.0011429 0.00459714 0.195431 156.622
33.29 0.00114094 0.00458897 0.195084 156.638
33.3 0.00113899 0.00458082 0.194737 156.653
33.31 0.00113703 0.00457268 0.194391 156.669
33.32 0.00113509 0.00456455 0.194045 156.685
33.33 0.00113314 0.00455644 0.1937 156.701
33.34 0.0011312 0.00454835 0.193356 156.716
33.35 0.00112926 0.00454027 0.193012 156.732
33.36 0.00112733 0.0045322 0.192669 156.748
33.37 0.0011254 0.00452415 0.192326 156.764
33.38 0.00112347 0.00451611 0.191984 156.78
33.39 0.00112155 0.00450809 0.191643 156.795
33.4 0.00111963 0.00450008 0.191302 156.811
33.41 0.00111771 0.00449209 0.190962 156.827
33.42 0.0011158 0.00448411 0.190623 156.843
33.43 0.00111389 0.00447614 0.190284 156.859
33.44 0.00111198 0.00446819 0.189945 156.874
33.45 0.00111007 0.00446025 0.189608 156.89
33.46 0.00110817 0.00445233 0.189271 156.906
33.47 0.00110628 0.00444442 0.188934 156.922
33.48 0.00110438 0.00443653 0.188598 156.937
33.49 0.00110249 0.00442865 0.188263 156.953
33.5 0.0011006 0.00442078 0.187929 156.969
33.51 0.00109872 0.00441293 0.187594 156.985
33.52 0.00109684 0.0044051 0.187261 157.001
33.53 0.00109496 0.00439727 0.186928 157.016
33.54 0.00109309 0.00438946 0.186596 157.032
33.55 0.00109122 0.00438167 0.186264 157.048
33.56 0.00108935 0.00437389 0.185933 157.064
33.57 0.00108748 0.00436612 0.185603 157.079
33.58 0.00108562 0.00435837 0.185273 157.095
33.59 0.00108376 0.00435063 0.184944 157.111
33.6 0.00108191 0.0043429 0.184615 157.127
33.61 0.00108006 0.00433519 0.184287 157.143
33.62 0.00107821 0.00432749 0.18396 157.158
33.63 0.00107636 0.00431981 0.183633 157.174
33.64 0.00107452 0.00431214 0.183306 157.19
33.65 0.00107268 0.00430449 0.182981 157.206
33.66 0.00107085 0.00429684 0.182656 157.221
33.67 0.00106901 0.00428921 0.182331 157.237
33.68 0.00106718 0.0042816 0.182007 157.253
33.69 0.00106536 0.004274 0.181684 157.269
33.7 0.00106354 0.00426641 0.181361 157.284
33.71 0.00106172 0.00425884 0.181039 157.3
33.72 0.0010599 0.00425128 0.180717 157.316
33.73 0.00105809 0.00424373 0.180396 157.332
33.74 0.00105628 0.0042362 0.180076 157.347
33.75 0.00105447 0.00422868 0.179756 157.363
33.76 0.00105266 0.00422117 0.179436 157.379
33.77 0.00105086 0.00421368 0.179118 157.395
33.78 0.00104907 0.0042062 0.178799 157.411
33.79 0.00104727 0.00419874 0.178482 157.426
33.8 0.00104548 0.00419128 0.178165 157.442
33.81 0.00104369 0.00418385 0.177848 157.458
33.82 0.00104191 0.00417642 0.177532 157.474
33.83 0.00104012 0.00416901 0.177217 157.489
33.84 0.00103834 0.00416161 0.176902 157.505
33.85 0.00103657 0.00415422 0.176588 157.521
33.86 0.00103479 0.00414685 0.176274 157.537
33.87 0.00103302 0.00413949 0.175961 157.552
33.88 0.00103126 0.00413215 0.175649 157.568
33.89 0.00102949 0.00412481 0.175337 157.584
33.9 0.00102773 0.0041175 0.175026 157.6
33.91 0.00102598 0.00411019 0.174715 157.615
33.92 0.00102422 0.0041029 0.174405 157.631
33.93 0.00102247 0.00409562 0.174095 157.647
33.94 0.00102072 0.00408835 0.173786 157.663
33.95 0.00101898 0.0040811 0.173477 157.678
33.96 0.00101723 0.00407386 0.173169 157.694
33.97 0.00101549 0.00406663 0.172862 157.71
33.98 0.00101376 0.00405941 0.172555 157.726
33.99 0.00101202 0.00405221 0.172248 157.741
34 0.00101029 0.00404502 0.171942 157.757
34.01 0.00100857 0.00403785 0.171637 157.773
34.02 0.00100684 0.00403068 0.171332 157.788
34.03 0.00100512 0.00402353 0.171028 157.804
34.04 0.0010034 0.0040164 0.170725 157.82
34.05 0.00100169 0.00400927 0.170422 157.836
34.06 0.000999974 0.00400216 0.170119 157.851
34.07 0.000998265 0.00399506 0.169817 157.867
34.08 0.000996558 0.00398798 0.169516 157.883
34.09 0.000994855 0.0039809 0.169215 157.899
34.1 0.000993154 0.00397384 0.168914 157.914
34.11 0.000991457 0.00396679 0.168614 157.93
34.12 0.000989762 0.00395976 0.168315 157.946
34.13 0.00098807 0.00395274 0.168016 157.962
34.14 0.000986381 0.00394573 0.167718 157.977
34.15 0.000984695 0.00393873 0.167421 157.993
34.16 0.000983012 0.00393174 0.167123 158.009
34.17 0.000981332 0.00392477 0.166827 158.025
34.18 0.000979655 0.00391781 0.166531 158.04
34.19 0.000977981 0.00391086 0.166235 158.056
34.2 0.00097631 0.00390393 0.16594 158.072
34.21 0.000974641 0.00389701 0.165646 158.087
34.22 0.000972976 0.0038901 0.165352 158.103
34.23 0.000971313 0.0038832 0.165058 158.119
34.24 0.000969653 0.00387631 0.164765 158.135
34.25 0.000967996 0.00386944 0.164473 158.15
34.26 0.000966342 0.00386258 0.164181 158.166
34.27 0.000964691 0.00385573 0.16389 158.182
34.28 0.000963043 0.0038489 0.163599 158.198
34.29 0.000961398 0.00384207 0.163309 158.213
34.3 0.000959755 0.00383526 0.163019 158.229
34.31 0.000958115 0.00382846 0.16273 158.245
34.32 0.000956478 0.00382167 0.162441 158.26
34.33 0.000954844 0.0038149 0.162153 158.276
34.34 0.000953213 0.00380814 0.161865 158.292
34.35 0.000951585 0.00380139 0.161578 158.308
34.36 0.000949959 0.00379465 0.161291 158.323
34.37 0.000948337 0.00378792 0.161005 158.339
34.38 0.000946717 0.00378121 0.16072 158.355
34.39 0.0009451 0.00377451 0.160435 158.37
34.4 0.000943485 0.00376782 0.16015 158.386
34.41 0.000941874 0.00376114 0.159866 158.402
34.42 0.000940265 0.00375447 0.159582 158.418
34.43 0.000938659 0.00374782 0.159299 158.433
34.44 0.000937056 0.00374118 0.159017 158.449
34.45 0.000935456 0.00373455 0.158735 158.465
34.46 0.000933858 0.00372793 0.158453 158.48
34.47 0.000932263 0.00372132 0.158172 158.496
34.48 0.000930671 0.00371473 0.157892 158.512
34.49 0.000929082 0.00370814 0.157611 158.527
34.5 0.000927495 0.00370157 0.157332 158.543
34.51 0.000925911 0.00369501 0.157053 158.559
34.52 0.00092433 0.00368847 0.156774 158.575
34.53 0.000922752 0.00368193 0.156496 158.59
34.54 0.000921176 0.00367541 0.156219 158.606
34.55 0.000919604 0.00366889 0.155942 158.622
34.56 0.000918033 0.00366239 0.155665 158.637
34.57 0.000916466 0.00365591 0.155389 158.653
34.58 0.000914901 0.00364943 0.155114 158.669
34.59 0.000913339 0.00364296 0.154839 158.685
34.6 0.00091178 0.00363651 0.154564 158.7
34.61 0.000910224 0.00363007 0.15429 158.716
34.62 0.00090867 0.00362364 0.154017 158.732
34.63 0.000907118 0.00361722 0.153744 158.747
34.64 0.00090557 0.00361081 0.153471 158.763
34.65 0.000904024 0.00360441 0.153199 158.779
34.66 0.000902481 0.00359803 0.152927 158.794
34.67 0.00090094 0.00359165 0.152656 158.81
34.68 0.000899403 0.00358529 0.152386 158.826
34.69 0.000897868 0.00357894 0.152115 158.841
34.7 0.000896335 0.0035726 0.151846 158.857
34.71 0.000894805 0.00356627 0.151577 158.873
34.72 0.000893278 0.00355996 0.151308 158.889
34.73 0.000891753 0.00355365 0.15104 158.904
34.74 0.000890232 0.00354736 0.150772 158.92
34.75 0.000888712 0.00354108 0.150505 158.936
34.76 0.000887196 0.00353481 0.150238 158.951
34.77 0.000885682 0.00352855 0.149972 158.967
34.78 0.00088417 0.0035223 0.149706 158.983
34.79 0.000882662 0.00351606 0.149441 158.998
34.8 0.000881155 0.00350983 0.149176 159.014
34.81 0.000879652 0.00350362 0.148911 159.03
34.82 0.000878151 0.00349741 0.148647 159.045
34.83 0.000876652 0.00349122 0.148384 159.061
34.84 0.000875157 0.00348504 0.148121 159.077
34.85 0.000873664 0.00347887 0.147859 159.092
34.86 0.000872173 0.00347271 0.147597 159.108
34.87 0.000870685 0.00346656 0.147335 159.124
34.88 0.0008692 0.00346042 0.147074 159.14
34.89 0.000867717 0.0034543 0.146813 159.155
34.9 0.000866236 0.00344818 0.146553 159.171
34.91 0.000864759 0.00344208 0.146294 159.187
34.92 0.000863283 0.00343598 0.146034 159.202
34.93 0.000861811 0.0034299 0.145776 159.218
34.94 0.000860341 0.00342383 0.145517 159.234
34.95 0.000858873 0.00341777 0.14526 159.249
34.96 0.000857408 0.00341172 0.145002 159.265
34.97 0.000855946 0.00340568 0.144745 159.281
34.98 0.000854486 0.00339965 0.144489 159.296
34.99 0.000853028 0.00339363 0.144233 159.312
35 0.000851574 0.00338763 0.143977 159.328
35.01 0.000850121 0.00338163 0.143722 159.343
35.02 0.000848671 0.00337564 0.143468 159.359
35.03 0.000847224 0.00336967 0.143214 159.375
35.04 0.000845779 0.00336371 0.14296 159.39
35.05 0.000844337 0.00335775 0.142707 159.406
35.06 0.000842897 0.00335181 0.142454 159.422
35.07 0.00084146 0.00334588 0.142202 159.437
35.08 0.000840025 0.00333996 0.14195 159.453
35.09 0.000838592 0.00333405 0.141698 159.469
35.1 0.000837162 0.00332815 0.141448 159.484
35.11 0.000835735 0.00332226 0.141197 159.5
35.12 0.00083431 0.00331638 0.140947 159.516
35.13 0.000832888 0.00331051 0.140697 159.531
35.14 0.000831468 0.00330465 0.140448 159.547
35.15 0.00083005 0.00329881 0.140199 159.563
35.16 0.000828635 0.00329297 0.139951 159.578
35.17 0.000827222 0.00328714 0.139703 159.594
35.18 0.000825812 0.00328133 0.139456 159.61
35.19 0.000824404 0.00327552 0.139209 159.625
35.2 0.000822999 0.00326973 0.138963 159.641
35.21 0.000821596 0.00326394 0.138717 159.657
35.22 0.000820195 0.00325817 0.138471 159.672
35.23 0.000818797 0.0032524 0.138226 159.688
35.24 0.000817401 0.00324665 0.137981 159.703
35.25 0.000816008 0.00324091 0.137737 159.719
35.26 0.000814617 0.00323517 0.137493 159.735
35.27 0.000813229 0.00322945 0.137249 159.75
35.28 0.000811843 0.00322374 0.137006 159.766
35.29 0.000810459 0.00321804 0.136764 159.782
35.3 0.000809078 0.00321234 0.136522 159.797
35.31 0.000807699 0.00320666 0.13628 159.813
35.32 0.000806323 0.00320099 0.136039 159.829
35.33 0.000804948 0.00319533 0.135798 159.844
35.34 0.000803577 0.00318968 0.135558 159.86
35.35 0.000802207 0.00318404 0.135318 159.876
35.36 0.00080084 0.00317841 0.135078 159.891
35.37 0.000799476 0.00317278 0.134839 159.907
35.38 0.000798113 0.00316717 0.134601 159.923
35.39 0.000796753 0.00316157 0.134362 159.938
35.4 0.000795396 0.00315598 0.134125 159.954
35.41 0.000794041 0.0031504 0.133887 159.969
35.42 0.000792688 0.00314483 0.13365 159.985
35.43 0.000791337 0.00313927 0.133414 160.001
35.44 0.000789989 0.00313372 0.133178 160.016
35.45 0.000788643 0.00312818 0.132942 160.032
35.46 0.000787299 0.00312265 0.132707 160.048
35.47 0.000785958 0.00311712 0.132472 160.063
35.48 0.000784619 0.00311161 0.132237 160.079
35.49 0.000783283 0.00310611 0.132003 160.095
35.5 0.000781948 0.00310062 0.13177 160.11
35.51 0.000780616 0.00309514 0.131537 160.126
35.52 0.000779287 0.00308967 0.131304 160.141
35.53 0.000777959 0.00308421 0.131072 160.157
35.54 0.000776634 0.00307875 0.13084 160.173
35.55 0.000775311 0.00307331 0.130608 160.188
35.56 0.000773991 0.00306788 0.130377 160.204
35.57 0.000772672 0.00306245 0.130147 160.22
35.58 0.000771357 0.00305704 0.129916 160.235
35.59 0.000770043 0.00305164 0.129686 160.251
35.6 0.000768731 0.00304624 0.129457 160.266
35.61 0.000767422 0.00304086 0.129228 160.282
35.62 0.000766115 0.00303548 0.128999 160.298
35.63 0.000764811 0.00303012 0.128771 160.313
35.64 0.000763508 0.00302476 0.128543 160.329
35.65 0.000762208 0.00301942 0.128316 160.345
35.66 0.00076091 0.00301408 0.128089 160.36
35.67 0.000759614 0.00300875 0.127863 160.376
35.68 0.000758321 0.00300344 0.127636 160.391
35.69 0.00075703 0.00299813 0.127411 160.407
35.7 0.000755741 0.00299283 0.127185 160.423
35.71 0.000754454 0.00298754 0.12696 160.438
35.72 0.00075317 0.00298226 0.126736 160.454
35.73 0.000751887 0.00297699 0.126512 160.47
35.74 0.000750607 0.00297173 0.126288 160.485
35.75 0.000749329 0.00296648 0.126065 160.501
35.76 0.000748054 0.00296124 0.125842 160.516
35.77 0.00074678 0.00295601 0.125619 160.532
35.78 0.000745509 0.00295079 0.125397 160.548
35.79 0.00074424 0.00294557 0.125175 160.563
35.8 0.000742973 0.00294037 0.124954 160.579
35.81 0.000741708 0.00293517 0.124733 160.594
35.82 0.000740446 0.00292999 0.124512 160.61
35.83 0.000739185 0.00292481 0.124292 160.626
35.84 0.000737927 0.00291965 0.124073 160.641
35.85 0.000736671 0.00291449 0.123853 160.657
35.86 0.000735417 0.00290934 0.123634 160.673
35.87 0.000734166 0.0029042 0.123416 160.688
35.88 0.000732916 0.00289907 0.123197 160.704
35.89 0.000731669 0.00289395 0.12298 160.719
35.9 0.000730424 0.00288884 0.122762 160.735
35.91 0.000729181 0.00288373 0.122545 160.751
35.92 0.00072794 0.00287864 0.122329 160.766
35.93 0.000726701 0.00287356 0.122112 160.782
35.94 0.000725464 0.00286848 0.121897 160.797
35.95 0.00072423 0.00286342 0.121681 160.813
35.96 0.000722997 0.00285836 0.121466 160.829
35.97 0.000721767 0.00285331 0.121251 160.844
35.98 0.000720539 0.00284827 0.121037 160.86
35.99 0.000719313 0.00284324 0.120823 160.875
36 0.000718089 0.00283822 0.12061 160.891
36.01 0.000716867 0.00283321 0.120396 160.907
36.02 0.000715648 0.00282821 0.120184 160.922
36.03 0.00071443 0.00282321 0.119971 160.938
36.04 0.000713215 0.00281823 0.119759 160.953
36.05 0.000712001 0.00281325 0.119548 160.969
36.06 0.00071079 0.00280828 0.119336 160.985
36.07 0.000709581 0.00280332 0.119125 161
36.08 0.000708374 0.00279837 0.118915 161.016
36.09 0.000707169 0.00279343 0.118705 161.031
36.1 0.000705966 0.0027885 0.118495 161.047
36.11 0.000704765 0.00278358 0.118286 161.063
36.12 0.000703566 0.00277866 0.118077 161.078
36.13 0.000702369 0.00277376 0.117868 161.094
36.14 0.000701175 0.00276886 0.11766 161.109
36.15 0.000699982 0.00276397 0.117452 161.125
36.16 0.000698792 0.00275909 0.117244 161.14
36.17 0.000697603 0.00275422 0.117037 161.156
36.18 0.000696417 0.00274936 0.11683 161.172
36.19 0.000695232 0.00274451 0.116624 161.187
36.2 0.00069405 0.00273967 0.116418 161.203
36.21 0.00069287 0.00273483 0.116212 161.218
36.22 0.000691691 0.00273 0.116007 161.234
36.23 0.000690515 0.00272518 0.115802 161.25
36.24 0.000689341 0.00272037 0.115598 161.265
36.25 0.000688169 0.00271557 0.115393 161.281
36.26 0.000686998 0.00271078 0.11519 161.296
36.27 0.00068583 0.002706 0.114986 161.312
36.28 0.000684664 0.00270122 0.114783 161.327
36.29 0.0006835 0.00269645 0.11458 161.343
36.3 0.000682338 0.00269169 0.114378 161.359
36.31 0.000681178 0.00268694 0.114176 161.374
36.32 0.00068002 0.0026822 0.113974 161.39
36.33 0.000678863 0.00267747 0.113773 161.405
36.34 0.000677709 0.00267275 0.113572 161.421
36.35 0.000676557 0.00266803 0.113371 161.436
36.36 0.000675407 0.00266332 0.113171 161.452
36.37 0.000674259 0.00265862 0.112971 161.468
36.38 0.000673113 0.00265393 0.112772 161.483
36.39 0.000671968 0.00264925 0.112573 161.499
36.4 0.000670826 0.00264458 0.112374 161.514
36.41 0.000669686 0.00263991 0.112176 161.53
36.42 0.000668547 0.00263525 0.111978 161.545
36.43 0.000667411 0.0026306 0.11178 161.561
36.44 0.000666277 0.00262596 0.111582 161.577
36.45 0.000665144 0.00262133 0.111385 161.592
36.46 0.000664014 0.00261671 0.111189 161.608
36.47 0.000662885 0.00261209 0.110992 161.623
36.48 0.000661759 0.00260748 0.110797 161.639
36.49 0.000660634 0.00260288 0.110601 161.654
36.5 0.000659511 0.00259829 0.110406 161.67
36.51 0.00065839 0.00259371 0.110211 161.686
36.52 0.000657271 0.00258913 0.110016 161.701
36.53 0.000656155 0.00258457 0.109822 161.717
36.54 0.000655039 0.00258001 0.109628 161.732
36.55 0.000653926 0.00257546 0.109435 161.748
36.56 0.000652815 0.00257092 0.109241 161.763
36.57 0.000651706 0.00256638 0.109049 161.779
36.58 0.000650599 0.00256186 0.108856 161.794
36.59 0.000649493 0.00255734 0.108664 161.81
36.6 0.00064839 0.00255283 0.108472 161.826
36.61 0.000647288 0.00254833 0.108281 161.841
36.62 0.000646188 0.00254383 0.10809 161.857
36.63 0.00064509 0.00253935 0.107899 161.872
36.64 0.000643994 0.00253487 0.107709 161.888
36.65 0.0006429 0.0025304 0.107518 161.903
36.66 0.000641808 0.00252594 0.107329 161.919
36.67 0.000640718 0.00252148 0.107139 161.934
36.68 0.000639629 0.00251704 0.10695 161.95
36.69 0.000638543 0.0025126 0.106762 161.966
36.7 0.000637458 0.00250817 0.106573 161.981
36.71 0.000636375 0.00250375 0.106385 161.997
36.72 0.000635294 0.00249933 0.106197 162.012
36.73 0.000634215 0.00249493 0.10601 162.028
36.74 0.000633138 0.00249053 0.105823 162.043
36.75 0.000632063 0.00248614 0.105636 162.059
36.76 0.000630989 0.00248176 0.10545 162.074
36.77 0.000629917 0.00247738 0.105264 162.09
36.78 0.000628847 0.00247301 0.105078 162.105
36.79 0.000627779 0.00246866 0.104893 162.121
36.8 0.000626713 0.0024643 0.104708 162.137
36.81 0.000625649 0.00245996 0.104523 162.152
36.82 0.000624586 0.00245562 0.104339 162.168
36.83 0.000623526 0.0024513 0.104155 162.183
36.84 0.000622467 0.00244698 0.103971 162.199
36.85 0.00062141 0.00244266 0.103787 162.214
36.86 0.000620355 0.00243836 0.103604 162.23
36.87 0.000619301 0.00243406 0.103422 162.245
36.88 0.00061825 0.00242977 0.103239 162.261
36.89 0.0006172 0.00242549 0.103057 162.276
36.9 0.000616152 0.00242121 0.102875 162.292
36.91 0.000615106 0.00241695 0.102694 162.307
36.92 0.000614062 0.00241269 0.102513 162.323
36.93 0.000613019 0.00240844 0.102332 162.339
36.94 0.000611978 0.00240419 0.102151 162.354
36.95 0.000610939 0.00239996 0.101971 162.37
36.96 0.000609902 0.00239573 0.101792 162.385
36.97 0.000608867 0.00239151 0.101612 162.401
36.98 0.000607833 0.00238729 0.101433 162.416
36.99 0.000606801 0.00238309 0.101254 162.432
37 0.000605771 0.00237889 0.101075 162.447
37.01 0.000604743 0.0023747 0.100897 162.463
37.02 0.000603716 0.00237051 0.100719 162.478
37.03 0.000602692 0.00236634 0.100542 162.494
37.04 0.000601669 0.00236217 0.100364 162.509
37.05 0.000600647 0.00235801 0.100187 162.525
37.06 0.000599628 0.00235385 0.100011 162.54
37.07 0.00059861 0.00234971 0.0998345 162.556
37.08 0.000597594 0.00234557 0.0996585 162.571
37.09 0.00059658 0.00234144 0.0994828 162.587
37.1 0.000595567 0.00233731 0.0993074 162.602
37.11 0.000594557 0.0023332 0.0991324 162.618
37.12 0.000593548 0.00232909 0.0989576 162.633
37.13 0.00059254 0.00232498 0.0987832 162.649
37.14 0.000591535 0.00232089 0.098609 162.665
37.15 0.000590531 0.0023168 0.0984352 162.68
37.16 0.000589529 0.00231272 0.0982617 162.696
37.17 0.000588529 0.00230865 0.0980885 162.711
37.18 0.00058753 0.00230458 0.0979156 162.727
37.19 0.000586533 0.00230052 0.097743 162.742
37.2 0.000585538 0.00229647 0.0975708 162.758
37.21 0.000584544 0.00229243 0.0973988 162.773
37.22 0.000583553 0.00228839 0.0972271 162.789
37.23 0.000582562 0.00228436 0.0970558 162.804
37.24 0.000581574 0.00228034 0.0968847 162.82
37.25 0.000580587 0.00227632 0.096714 162.835
37.26 0.000579602 0.00227232 0.0965436 162.851
37.27 0.000578619 0.00226831 0.0963734 162.866
37.28 0.000577637 0.00226432 0.0962036 162.882
37.29 0.000576658 0.00226033 0.0960341 162.897
37.3 0.000575679 0.00225635 0.0958649 162.913
37.31 0.000574703 0.00225238 0.0956959 162.928
37.32 0.000573728 0.00224842 0.0955273 162.944
37.33 0.000572755 0.00224446 0.095359 162.959
37.34 0.000571783 0.00224051 0.095191 162.975
37.35 0.000570813 0.00223656 0.0950233 162.99
37.36 0.000569845 0.00223263 0.0948559 163.006
37.37 0.000568879 0.00222869 0.0946887 163.021
37.38 0.000567914 0.00222477 0.0945219 163.037
37.39 0.000566951 0.00222086 0.0943554 163.052
37.4 0.000565989 0.00221695 0.0941892 163.068
37.41 0.000565029 0.00221304 0.0940232 163.083
37.42 0.000564071 0.00220915 0.0938576 163.099
37.43 0.000563114 0.00220526 0.0936923 163.114
37.44 0.000562159 0.00220138 0.0935272 163.13
37.45 0.000561206 0.0021975 0.0933625 163.145
37.46 0.000560254 0.00219364 0.093198 163.161
37.47 0.000559304 0.00218978 0.0930339 163.176
37.48 0.000558356 0.00218592 0.09287 163.192
37.49 0.000557409 0.00218208 0.0927064 163.207
37.5 0.000556464 0.00217824 0.0925432 163.223
37.51 0.00055552 0.0021744 0.0923802 163.238
37.52 0.000554578 0.00217058 0.0922175 163.254
37.53 0.000553638 0.00216676 0.0920551 163.269
37.54 0.000552699 0.00216294 0.0918929 163.285
37.55 0.000551762 0.00215914 0.0917311 163.3
37.56 0.000550827 0.00215534 0.0915696 163.316
37.57 0.000549893 0.00215155 0.0914083 163.331
37.58 0.000548961 0.00214776 0.0912473 163.347
37.59 0.00054803 0.00214398 0.0910867 163.362
37.6 0.000547101 0.00214021 0.0909263 163.378
37.61 0.000546174 0.00213644 0.0907662 163.393
37.62 0.000545248 0.00213269 0.0906063 163.409
37.63 0.000544324 0.00212893 0.0904468 163.424
37.64 0.000543401 0.00212519 0.0902876 163.439
37.65 0.00054248 0.00212145 0.0901286 163.455
37.66 0.00054156 0.00211772 0.0899699 163.47
37.67 0.000540642 0.00211399 0.0898115 163.486
37.68 0.000539726 0.00211027 0.0896534 163.501
37.69 0.000538811 0.00210656 0.0894956 163.517
37.7 0.000537898 0.00210286 0.089338 163.532
37.71 0.000536986 0.00209916 0.0891807 163.548
37.72 0.000536076 0.00209547 0.0890237 163.563
37.73 0.000535168 0.00209178 0.088867 163.579
37.74 0.000534261 0.0020881 0.0887106 163.594
37.75 0.000533355 0.00208443 0.0885544 163.61
37.76 0.000532452 0.00208076 0.0883986 163.625
37.77 0.000531549 0.0020771 0.088243 163.641
37.78 0.000530648 0.00207345 0.0880876 163.656
37.79 0.000529749 0.0020698 0.0879326 163.672
37.8 0.000528852 0.00206616 0.0877778 163.687
37.81 0.000527955 0.00206253 0.0876233 163.703
37.82 0.000527061 0.0020589 0.0874691 163.718
37.83 0.000526168 0.00205528 0.0873152 163.733
37.84 0.000525276 0.00205167 0.0871615 163.749
37.85 0.000524386 0.00204806 0.0870081 163.764
37.86 0.000523498 0.00204446 0.086855 163.78
37.87 0.000522611 0.00204087 0.0867022 163.795
37.88 0.000521726 0.00203728 0.0865496 163.811
37.89 0.000520842 0.0020337 0.0863973 163.826
37.9 0.000519959 0.00203012 0.0862453 163.842
37.91 0.000519078 0.00202655 0.0860935 163.857
37.92 0.000518199 0.00202299 0.085942 163.873
37.93 0.000517321 0.00201943 0.0857908 163.888
37.94 0.000516445 0.00201588 0.0856399 163.904
37.95 0.00051557 0.00201234 0.0854892 163.919
37.96 0.000514697 0.0020088 0.0853388 163.934
37.97 0.000513825 0.00200527 0.0851886 163.95
37.98 0.000512955 0.00200174 0.0850388 163.965
37.99 0.000512086 0.00199822 0.0848892 163.981
38 0.000511219 0.00199471 0.0847398 163.996
38.01 0.000510353 0.00199121 0.0845907 164.012
38.02 0.000509488 0.00198771 0.0844419 164.027
38.03 0.000508625 0.00198421 0.0842934 164.043
38.04 0.000507764 0.00198073 0.0841451 164.058
38.05 0.000506904 0.00197724 0.0839971 164.074
38.06 0.000506046 0.00197377 0.0838493 164.089
38.07 0.000505189 0.0019703 0.0837019 164.104
38.08 0.000504333 0.00196684 0.0835546 164.12
38.09 0.000503479 0.00196338 0.0834077 164.135
38.1 0.000502627 0.00195993 0.083261 164.151
38.11 0.000501775 0.00195649 0.0831145 164.166
38.12 0.000500926 0.00195305 0.0829684 164.182
38.13 0.000500078 0.00194962 0.0828224 164.197
38.14 0.000499231 0.00194619 0.0826768 164.213
38.15 0.000498386 0.00194277 0.0825314 164.228
38.16 0.000497542 0.00193936 0.0823863 164.244
38.17 0.000496699 0.00193595 0.0822414 164.259
38.18 0.000495858 0.00193255 0.0820968 164.274
38.19 0.000495019 0.00192915 0.0819524 164.29
38.2 0.000494181 0.00192576 0.0818083 164.305
38.21 0.000493344 0.00192238 0.0816644 164.321
38.22 0.000492509 0.001919 0.0815208 164.336
38.23 0.000491675 0.00191563 0.0813775 164.352
38.24 0.000490843 0.00191227 0.0812344 164.367
38.25 0.000490012 0.00190891 0.0810916 164.382
38.26 0.000489182 0.00190555 0.080949 164.398
38.27 0.000488354 0.00190221 0.0808067 164.413
38.28 0.000487528 0.00189886 0.0806646 164.429
38.29 0.000486703 0.00189553 0.0805228 164.444
38.3 0.000485879 0.0018922 0.0803813 164.46
38.31 0.000485056 0.00188888 0.08024 164.475
38.32 0.000484235 0.00188556 0.0800989 164.491
38.33 0.000483416 0.00188225 0.0799581 164.506
38.34 0.000482598 0.00187894 0.0798175 164.521
38.35 0.000481781 0.00187564 0.0796772 164.537
38.36 0.000480965 0.00187235 0.0795372 164.552
38.37 0.000480151 0.00186906 0.0793974 164.568
38.38 0.000479339 0.00186578 0.0792578 164.583
38.39 0.000478528 0.0018625 0.0791185 164.599
38.4 0.000477718 0.00185923 0.0789795 164.614
38.41 0.000476909 0.00185596 0.0788407 164.629
38.42 0.000476102 0.0018527 0.0787021 164.645
38.43 0.000475297 0.00184945 0.0785638 164.66
38.44 0.000474493 0.0018462 0.0784257 164.676
38.45 0.00047369 0.00184296 0.0782879 164.691
38.46 0.000472888 0.00183973 0.0781503 164.707
38.47 0.000472088 0.0018365 0.078013 164.722
38.48 0.000471289 0.00183327 0.0778759 164.737
38.49 0.000470492 0.00183005 0.077739 164.753
38.5 0.000469696 0.00182684 0.0776024 164.768
38.51 0.000468901 0.00182363 0.0774661 164.784
38.52 0.000468108 0.00182043 0.07733 164.799
38.53 0.000467316 0.00181723 0.0771941 164.814
38.54 0.000466525 0.00181404 0.0770585 164.83
38.55 0.000465736 0.00181086 0.0769231 164.845
38.56 0.000464948 0.00180768 0.0767879 164.861
38.57 0.000464162 0.00180451 0.076653 164.876
38.58 0.000463377 0.00180134 0.0765183 164.892
38.59 0.000462593 0.00179818 0.0763839 164.907
38.6 0.00046181 0.00179502 0.0762497 164.922
38.61 0.000461029 0.00179187 0.0761158 164.938
38.62 0.000460249 0.00178873 0.0759821 164.953
38.63 0.000459471 0.00178559 0.0758486 164.969
38.64 0.000458694 0.00178245 0.0757153 164.984
38.65 0.000457918 0.00177932 0.0755823 164.999
38.66 0.000457143 0.0017762 0.0754496 165.015
38.67 0.00045637 0.00177308 0.0753171 165.03
38.68 0.000455598 0.00176997 0.0751848 165.046
38.69 0.000454828 0.00176687 0.0750527 165.061
38.7 0.000454059 0.00176376 0.0749209 165.076
38.71 0.000453291 0.00176067 0.0747893 165.092
38.72 0.000452524 0.00175758 0.074658 165.107
38.73 0.000451759 0.0017545 0.0745268 165.123
38.74 0.000450995 0.00175142 0.074396 165.138
38.75 0.000450233 0.00174834 0.0742653 165.153
38.76 0.000449471 0.00174528 0.0741349 165.169
38.77 0.000448711 0.00174221 0.0740047 165.184
38.78 0.000447953 0.00173916 0.0738747 165.2
38.79 0.000447195 0.00173611 0.073745 165.215
38.8 0.000446439 0.00173306 0.0736155 165.23
38.81 0.000445684 0.00173002 0.0734863 165.246
38.82 0.000444931 0.00172698 0.0733572 165.261
38.83 0.000444178 0.00172395 0.0732284 165.277
38.84 0.000443427 0.00172093 0.0730999 165.292
38.85 0.000442678 0.00171791 0.0729715 165.307
38.86 0.000441929 0.0017149 0.0728434 165.323
38.87 0.000441182 0.00171189 0.0727155 165.338
38.88 0.000440436 0.00170889 0.0725878 165.354
38.89 0.000439692 0.00170589 0.0724604 165.369
38.9 0.000438949 0.0017029 0.0723332 165.384
38.91 0.000438207 0.00169991 0.0722062 165.4
38.92 0.000437466 0.00169693 0.0720795 165.415
38.93 0.000436727 0.00169395 0.0719529 165.431
38.94 0.000435988 0.00169098 0.0718266 165.446
38.95 0.000435251 0.00168802 0.0717006 165.461
38.96 0.000434516 0.00168505 0.0715747 165.477
38.97 0.000433781 0.0016821 0.0714491 165.492
38.98 0.000433048 0.00167915 0.0713237 165.508
38.99 0.000432316 0.0016762 0.0711985 165.523
39 0.000431586 0.00167327 0.0710735 165.538
39.01 0.000430856 0.00167033 0.0709488 165.554
39.02 0.000430128 0.0016674 0.0708242 165.569
39.03 0.000429401 0.00166448 0.0707 165.584
39.04 0.000428676 0.00166156 0.0705759 165.6
39.05 0.000427951 0.00165865 0.070452 165.615
39.06 0.000427228 0.00165574 0.0703284 165.631
39.07 0.000426506 0.00165283 0.070205 165.646
39.08 0.000425785 0.00164994 0.0700818 165.661
39.09 0.000425066 0.00164704 0.0699588 165.677
39.1 0.000424348 0.00164416 0.069836 165.692
39.11 0.000423631 0.00164127 0.0697135 165.708
39.12 0.000422915 0.0016384 0.0695912 165.723
39.13 0.0004222 0.00163552 0.0694691 165.738
39.14 0.000421487 0.00163266 0.0693472 165.754
39.15 0.000420775 0.00162979 0.0692255 165.769
39.16 0.000420064 0.00162694 0.0691041 165.784
39.17 0.000419354 0.00162409 0.0689828 165.8
39.18 0.000418646 0.00162124 0.0688618 165.815
39.19 0.000417939 0.0016184 0.068741 165.831
39.2 0.000417232 0.00161556 0.0686204 165.846
39.21 0.000416528 0.00161273 0.0685 165.861
39.22 0.000415824 0.0016099 0.0683799 165.877
39.23 0.000415122 0.00160708 0.0682599 165.892
39.24 0.00041442 0.00160426 0.0681402 165.907
39.25 0.00041372 0.00160145 0.0680206 165.923
39.26 0.000413022 0.00159864 0.0679013 165.938
39.27 0.000412324 0.00159584 0.0677822 165.953
39.28 0.000411627 0.00159305 0.0676633 165.969
39.29 0.000410932 0.00159025 0.0675447 165.984
39.3 0.000410238 0.00158747 0.0674262 166
39.31 0.000409545 0.00158469 0.0673079 166.015
39.32 0.000408854 0.00158191 0.0671899 166.03
39.33 0.000408163 0.00157914 0.067072 166.046
39.34 0.000407474 0.00157637 0.0669544 166.061
39.35 0.000406786 0.00157361 0.066837 166.076
39.36 0.000406099 0.00157085 0.0667198 166.092
39.37 0.000405413 0.0015681 0.0666028 166.107
39.38 0.000404728 0.00156535 0.066486 166.122
39.39 0.000404045 0.00156261 0.0663694 166.138
39.4 0.000403363 0.00155987 0.066253 166.153
39.41 0.000402681 0.00155714 0.0661369 166.169
39.42 0.000402001 0.00155441 0.0660209 166.184
39.43 0.000401323 0.00155169 0.0659051 166.199
39.44 0.000400645 0.00154897 0.0657896 166.215
39.45 0.000399969 0.00154625 0.0656742 166.23
39.46 0.000399293 0.00154355 0.0655591 166.245
39.47 0.000398619 0.00154084 0.0654442 166.261
39.48 0.000397946 0.00153814 0.0653294 166.276
39.49 0.000397274 0.00153545 0.0652149 166.291
39.5 0.000396604 0.00153276 0.0651006 166.307
39.51 0.000395934 0.00153007 0.0649864 166.322
39.52 0.000395266 0.00152739 0.0648725 166.337
39.53 0.000394598 0.00152472 0.0647588 166.353
39.54 0.000393932 0.00152205 0.0646453 166.368
39.55 0.000393267 0.00151938 0.064532 166.383
39.56 0.000392603 0.00151672 0.0644189 166.399
39.57 0.000391941 0.00151407 0.0643059 166.414
39.58 0.000391279 0.00151141 0.0641932 166.429
39.59 0.000390619 0.00150877 0.0640807 166.445
39.6 0.000389959 0.00150613 0.0639684 166.46
39.61 0.000389301 0.00150349 0.0638563 166.475
39.62 0.000388644 0.00150086 0.0637444 166.491
39.63 0.000387988 0.00149823 0.0636327 166.506
39.64 0.000387333 0.0014956 0.0635211 166.522
39.65 0.000386679 0.00149298 0.0634098 166.537
39.66 0.000386027 0.00149037 0.0632987 166.552
39.67 0.000385375 0.00148776 0.0631878 166.568
39.68 0.000384725 0.00148516 0.0630771 166.583
39.69 0.000384076 0.00148256 0.0629665 166.598
39.7 0.000383428 0.00147996 0.0628562 166.614
39.71 0.000382781 0.00147737 0.0627461 166.629
39.72 0.000382135 0.00147478 0.0626361 166.644
39.73 0.00038149 0.0014722 0.0625264 166.66
39.74 0.000380846 0.00146962 0.0624168 166.675
39.75 0.000380203 0.00146705 0.0623075 166.69
39.76 0.000379562 0.00146448 0.0621983 166.706
39.77 0.000378921 0.00146192 0.0620893 166.721
39.78 0.000378282 0.00145936 0.0619805 166.736
39.79 0.000377644 0.00145681 0.061872 166.752
39.8 0.000377007 0.00145426 0.0617636 166.767
39.81 0.000376371 0.00145171 0.0616554 166.782
39.82 0.000375736 0.00144917 0.0615474 166.798
39.83 0.000375102 0.00144663 0.0614396 166.813
39.84 0.000374469 0.0014441 0.0613319 166.828
39.85 0.000373837 0.00144157 0.0612245 166.843
39.86 0.000373207 0.00143905 0.0611173 166.859
39.87 0.000372577 0.00143653 0.0610102 166.874
39.88 0.000371948 0.00143402 0.0609033 166.889
39.89 0.000371321 0.00143151 0.0607967 166.905
39.9 0.000370695 0.001429 0.0606902 166.92
39.91 0.000370069 0.0014265 0.0605839 166.935
39.92 0.000369445 0.00142401 0.0604778 166.951
39.93 0.000368822 0.00142152 0.0603719 166.966
39.94 0.0003682 0.00141903 0.0602661 166.981
39.95 0.000367579 0.00141654 0.0601606 166.997
39.96 0.000366959 0.00141407 0.0600553 167.012
39.97 0.00036634 0.00141159 0.0599501 167.027
39.98 0.000365722 0.00140912 0.0598451 167.043
39.99 0.000365105 0.00140666 0.0597403 167.058
40 0.00036449 0.0014042 0.0596357 167.073
40.01 0.000363875 0.00140174 0.0595313 167.089
40.02 0.000363261 0.00139929 0.059427 167.104
40.03 0.000362649 0.00139684 0.059323 167.119
40.04 0.000362037 0.0013944 0.0592191 167.135
40.05 0.000361427 0.00139196 0.0591154 167.15
40.06 0.000360817 0.00138952 0.059012 167.165
40.07 0.000360209 0.00138709 0.0589086 167.18
40.08 0.000359601 0.00138466 0.0588055 167.196
40.09 0.000358995 0.00138224 0.0587026 167.211
40.1 0.00035839 0.00137982 0.0585998 167.226
40.11 0.000357785 0.00137741 0.0584972 167.242
40.12 0.000357182 0.001375 0.0583948 167.257
40.13 0.00035658 0.0013726 0.0582926 167.272
40.14 0.000355979 0.0013702 0.0581905 167.288
40.15 0.000355379 0.0013678 0.0580887 167.303
40.16 0.000354779 0.00136541 0.057987 167.318
40.17 0.000354181 0.00136302 0.0578855 167.334
40.18 0.000353584 0.00136064 0.0577842 167.349
40.19 0.000352988 0.00135826 0.0576831 167.364
40.2 0.000352393 0.00135588 0.0575821 167.379
40.21 0.000351799 0.00135351 0.0574813 167.395
40.22 0.000351206 0.00135114 0.0573807 167.41
40.23 0.000350614 0.00134878 0.0572803 167.425
40.24 0.000350023 0.00134642 0.0571801 167.441
40.25 0.000349433 0.00134407 0.05708 167.456
40.26 0.000348844 0.00134172 0.0569801 167.471
40.27 0.000348256 0.00133937 0.0568804 167.486
40.28 0.000347669 0.00133703 0.0567809 167.502
40.29 0.000347083 0.00133469 0.0566815 167.517
40.3 0.000346498 0.00133236 0.0565823 167.532
40.31 0.000345914 0.00133003 0.0564833 167.548
40.32 0.000345331 0.0013277 0.0563845 167.563
40.33 0.000344749 0.00132538 0.0562858 167.578
40.34 0.000344168 0.00132307 0.0561873 167.594
40.35 0.000343588 0.00132075 0.056089 167.609
40.36 0.000343009 0.00131844 0.0559909 167.624
40.37 0.000342431 0.00131614 0.055893 167.639
40.38 0.000341854 0.00131384 0.0557952 167.655
40.39 0.000341278 0.00131154 0.0556976 167.67
40.4 0.000340703 0.00130925 0.0556001 167.685
40.41 0.000340129 0.00130696 0.0555029 167.701
40.42 0.000339556 0.00130468 0.0554058 167.716
40.43 0.000338983 0.0013024 0.0553088 167.731
40.44 0.000338412 0.00130012 0.0552121 167.746
40.45 0.000337842 0.00129785 0.0551155 167.762
40.46 0.000337273 0.00129558 0.0550191 167.777
40.47 0.000336705 0.00129332 0.0549229 167.792
40.48 0.000336137 0.00129106 0.0548268 167.808
40.49 0.000335571 0.0012888 0.0547309 167.823
40.5 0.000335006 0.00128655 0.0546352 167.838
40.51 0.000334441 0.0012843 0.0545396 167.853
40.52 0.000333878 0.00128206 0.0544443 167.869
40.53 0.000333315 0.00127982 0.054349 167.884
40.54 0.000332754 0.00127758 0.054254 167.899
40.55 0.000332193 0.00127535 0.0541591 167.914
40.56 0.000331634 0.00127312 0.0540644 167.93
40.57 0.000331075 0.00127089 0.0539699 167.945
40.58 0.000330518 0.00126867 0.0538755 167.96
40.59 0.000329961 0.00126646 0.0537813 167.976
40.6 0.000329405 0.00126424 0.0536872 167.991
40.61 0.00032885 0.00126204 0.0535934 168.006
40.62 0.000328296 0.00125983 0.0534997 168.021
40.63 0.000327743 0.00125763 0.0534061 168.037
40.64 0.000327191 0.00125543 0.0533127 168.052
40.65 0.00032664 0.00125324 0.0532195 168.067
40.66 0.00032609 0.00125105 0.0531265 168.082
40.67 0.000325541 0.00124886 0.0530336 168.098
40.68 0.000324993 0.00124668 0.0529409 168.113
40.69 0.000324445 0.00124451 0.0528483 168.128
40.7 0.000323899 0.00124233 0.052756 168.144
40.71 0.000323354 0.00124016 0.0526637 168.159
40.72 0.000322809 0.001238 0.0525717 168.174
40.73 0.000322266 0.00123583 0.0524798 168.189
40.74 0.000321723 0.00123368 0.052388 168.205
40.75 0.000321181 0.00123152 0.0522965 168.22
40.76 0.00032064 0.00122937 0.0522051 168.235
40.77 0.0003201 0.00122722 0.0521138 168.25
40.78 0.000319561 0.00122508 0.0520227 168.266
40.79 0.000319023 0.00122294 0.0519318 168.281
40.8 0.000318486 0.0012208 0.051841 168.296
40.81 0.00031795 0.00121867 0.0517504 168.311
40.82 0.000317415 0.00121654 0.05166 168.327
40.83 0.00031688 0.00121442 0.0515697 168.342
40.84 0.000316347 0.0012123 0.0514796 168.357
40.85 0.000315814 0.00121018 0.0513896 168.372
40.86 0.000315283 0.00120807 0.0512998 168.388
40.87 0.000314752 0.00120596 0.0512102 168.403
40.88 0.000314222 0.00120386 0.0511207 168.418
40.89 0.000313693 0.00120175 0.0510313 168.433
40.9 0.000313165 0.00119966 0.0509422 168.449
40.91 0.000312638 0.00119756 0.0508532 168.464
40.92 0.000312112 0.00119547 0.0507643 168.479
40.93 0.000311586 0.00119338 0.0506756 168.494
40.94 0.000311062 0.0011913 0.0505871 168.51
40.95 0.000310538 0.00118922 0.0504987 168.525
40.96 0.000310016 0.00118714 0.0504105 168.54
40.97 0.000309494 0.00118507 0.0503224 168.555
40.98 0.000308973 0.001183 0.0502345 168.571
40.99 0.000308453 0.00118094 0.0501467 168.586
41 0.000307934 0.00117888 0.0500591 168.601
41.01 0.000307416 0.00117682 0.0499717 168.616
41.02 0.000306898 0.00117477 0.0498844 168.632
41.03 0.000306382 0.00117272 0.0497972 168.647
41.04 0.000305866 0.00117067 0.0497103 168.662
41.05 0.000305351 0.00116863 0.0496234 168.677
41.06 0.000304838 0.00116659 0.0495367 168.693
41.07 0.000304325 0.00116455 0.0494502 168.708
41.08 0.000303812 0.00116252 0.0493638 168.723
41.09 0.000303301 0.00116049 0.0492776 168.738
41.1 0.000302791 0.00115846 0.0491916 168.754
41.11 0.000302281 0.00115644 0.0491057 168.769
41.12 0.000301773 0.00115442 0.0490199 168.784
41.13 0.000301265 0.00115241 0.0489343 168.799
41.14 0.000300758 0.0011504 0.0488488 168.815
41.15 0.000300252 0.00114839 0.0487635 168.83
41.16 0.000299747 0.00114639 0.0486784 168.845
41.17 0.000299243 0.00114439 0.0485934 168.86
41.18 0.000298739 0.00114239 0.0485085 168.875
41.19 0.000298237 0.0011404 0.0484238 168.891
41.2 0.000297735 0.00113841 0.0483392 168.906
41.21 0.000297234 0.00113642 0.0482548 168.921
41.22 0.000296734 0.00113444 0.0481706 168.936
41.23 0.000296235 0.00113246 0.0480865 168.952
41.24 0.000295737 0.00113049 0.0480025 168.967
41.25 0.000295239 0.00112851 0.0479187 168.982
41.26 0.000294743 0.00112654 0.0478351 168.997
41.27 0.000294247 0.00112458 0.0477515 169.013
41.28 0.000293752 0.00112262 0.0476682 169.028
41.29 0.000293258 0.00112066 0.047585 169.043
41.3 0.000292765 0.0011187 0.0475019 169.058
41.31 0.000292272 0.00111675 0.047419 169.073
41.32 0.000291781 0.00111481 0.0473362 169.089
41.33 0.00029129 0.00111286 0.0472536 169.104
41.34 0.0002908 0.00111092 0.0471711 169.119
41.35 0.000290311 0.00110898 0.0470887 169.134
41.36 0.000289823 0.00110705 0.0470065 169.15
41.37 0.000289335 0.00110512 0.0469245 169.165
41.38 0.000288849 0.00110319 0.0468426 169.18
41.39 0.000288363 0.00110127 0.0467608 169.195
41.4 0.000287878 0.00109935 0.0466792 169.21
41.41 0.000287394 0.00109743 0.0465978 169.226
41.42 0.000286911 0.00109552 0.0465164 169.241
41.43 0.000286428 0.00109361 0.0464353 169.256
41.44 0.000285947 0.0010917 0.0463542 169.271
41.45 0.000285466 0.0010898 0.0462733 169.286
41.46 0.000284986 0.0010879 0.0461926 169.302
41.47 0.000284507 0.001086 0.046112 169.317
41.48 0.000284028 0.0010841 0.0460315 169.332
41.49 0.000283551 0.00108221 0.0459512 169.347
41.5 0.000283074 0.00108033 0.045871 169.362
41.51 0.000282598 0.00107844 0.045791 169.378
41.52 0.000282123 0.00107656 0.0457111 169.393
41.53 0.000281649 0.00107469 0.0456313 169.408
41.54 0.000281175 0.00107281 0.0455517 169.423
41.55 0.000280703 0.00107094 0.0454722 169.439
41.56 0.000280231 0.00106908 0.0453929 169.454
41.57 0.00027976 0.00106721 0.0453137 169.469
41.58 0.000279289 0.00106535 0.0452346 169.484
41.59 0.00027882 0.0010635 0.0451557 169.499
41.6 0.000278351 0.00106164 0.045077 169.515
41.61 0.000277883 0.00105979 0.0449983 169.53
41.62 0.000277416 0.00105795 0.0449198 169.545
41.63 0.00027695 0.0010561 0.0448415 169.56
41.64 0.000276484 0.00105426 0.0447633 169.575
41.65 0.00027602 0.00105242 0.0446852 169.591
41.66 0.000275556 0.00105059 0.0446072 169.606
41.67 0.000275093 0.00104876 0.0445294 169.621
41.68 0.00027463 0.00104693 0.0444518 169.636
41.69 0.000274169 0.00104511 0.0443742 169.651
41.7 0.000273708 0.00104328 0.0442968 169.667
41.71 0.000273248 0.00104147 0.0442196 169.682
41.72 0.000272789 0.00103965 0.0441425 169.697
41.73 0.00027233 0.00103784 0.0440655 169.712
41.74 0.000271873 0.00103603 0.0439886 169.727
41.75 0.000271416 0.00103423 0.0439119 169.743
41.76 0.00027096 0.00103242 0.0438353 169.758
41.77 0.000270505 0.00103063 0.0437589 169.773
41.78 0.00027005 0.00102883 0.0436826 169.788
41.79 0.000269596 0.00102704 0.0436064 169.803
41.8 0.000269143 0.00102525 0.0435304 169.818
41.81 0.000268691 0.00102346 0.0434545 169.834
41.82 0.00026824 0.00102168 0.0433787 169.849
41.83 0.000267789 0.0010199 0.0433031 169.864
41.84 0.000267339 0.00101812 0.0432276 169.879
41.85 0.00026689 0.00101635 0.0431522 169.894
41.86 0.000266442 0.00101458 0.043077 169.91
41.87 0.000265994 0.00101281 0.0430019 169.925
41.88 0.000265547 0.00101105 0.0429269 169.94
41.89 0.000265101 0.00100929 0.0428521 169.955
41.9 0.000264656 0.00100753 0.0427774 169.97
41.91 0.000264211 0.00100577 0.0427028 169.985
41.92 0.000263767 0.00100402 0.0426284 170.001
41.93 0.000263324 0.00100227 0.0425541 170.016
41.94 0.000262882 0.00100053 0.0424799 170.031
41.95 0.00026244 0.000998785 0.0424058 170.046
41.96 0.000261999 0.000997045 0.0423319 170.061
41.97 0.000261559 0.000995309 0.0422581 170.077
41.98 0.00026112 0.000993576 0.0421845 170.092
41.99 0.000260681 0.000991845 0.042111 170.107
42 0.000260244 0.000990118 0.0420376 170.122
42.01 0.000259806 0.000988394 0.0419643 170.137
42.02 0.00025937 0.000986673 0.0418912 170.152
42.03 0.000258935 0.000984955 0.0418182 170.168
42.04 0.0002585 0.00098324 0.0417453 170.183
42.05 0.000258066 0.000981528 0.0416725 170.198
42.06 0.000257632 0.000979819 0.0415999 170.213
42.07 0.0002572 0.000978113 0.0415274 170.228
42.08 0.000256768 0.00097641 0.0414551 170.243
42.09 0.000256336 0.00097471 0.0413828 170.259
42.1 0.000255906 0.000973013 0.0413107 170.274
42.11 0.000255476 0.000971319 0.0412388 170.289
42.12 0.000255047 0.000969628 0.0411669 170.304
42.13 0.000254619 0.00096794 0.0410952 170.319
42.14 0.000254192 0.000966255 0.0410236 170.334
42.15 0.000253765 0.000964573 0.0409521 170.35
42.16 0.000253339 0.000962894 0.0408808 170.365
42.17 0.000252913 0.000961218 0.0408095 170.38
42.18 0.000252489 0.000959544 0.0407384 170.395
42.19 0.000252065 0.000957874 0.0406675 170.41
42.2 0.000251642 0.000956207 0.0405966 170.425
42.21 0.000251219 0.000954543 0.0405259 170.441
42.22 0.000250797 0.000952881 0.0404553 170.456
42.23 0.000250376 0.000951223 0.0403848 170.471
42.24 0.000249956 0.000949567 0.0403145 170.486
42.25 0.000249536 0.000947915 0.0402443 170.501
42.26 0.000249118 0.000946265 0.0401742 170.516
42.27 0.000248699 0.000944618 0.0401042 170.532
42.28 0.000248282 0.000942974 0.0400343 170.547
42.29 0.000247865 0.000941333 0.0399646 170.562
42.3 0.000247449 0.000939695 0.039895 170.577
42.31 0.000247034 0.00093806 0.0398255 170.592
42.32 0.000246619 0.000936428 0.0397562 170.607
42.33 0.000246205 0.000934798 0.0396869 170.622
42.34 0.000245792 0.000933172 0.0396178 170.638
42.35 0.000245379 0.000931548 0.0395488 170.653
42.36 0.000244968 0.000929927 0.03948 170.668
42.37 0.000244556 0.000928309 0.0394112 170.683
42.38 0.000244146 0.000926694 0.0393426 170.698
42.39 0.000243736 0.000925082 0.0392741 170.713
42.4 0.000243327 0.000923472 0.0392057 170.728
42.41 0.000242919 0.000921866 0.0391374 170.744
42.42 0.000242511 0.000920262 0.0390693 170.759
42.43 0.000242104 0.000918661 0.0390013 170.774
42.44 0.000241698 0.000917063 0.0389334 170.789
42.45 0.000241292 0.000915468 0.0388656 170.804
42.46 0.000240887 0.000913875 0.0387979 170.819
42.47 0.000240483 0.000912285 0.0387304 170.834
42.48 0.00024008 0.000910699 0.0386629 170.85
42.49 0.000239677 0.000909115 0.0385956 170.865
42.5 0.000239275 0.000907533 0.0385284 170.88
42.51 0.000238873 0.000905955 0.0384614 170.895
42.52 0.000238473 0.000904379 0.0383944 170.91
42.53 0.000238072 0.000902806 0.0383276 170.925
42.54 0.000237673 0.000901236 0.0382609 170.94
42.55 0.000237274 0.000899669 0.0381943 170.956
42.56 0.000236876 0.000898104 0.0381278 170.971
42.57 0.000236479 0.000896542 0.0380614 170.986
42.58 0.000236082 0.000894983 0.0379952 171.001
42.59 0.000235686 0.000893426 0.037929 171.016
42.6 0.000235291 0.000891873 0.037863 171.031
42.61 0.000234896 0.000890322 0.0377971 171.046
42.62 0.000234502 0.000888774 0.0377314 171.062
42.63 0.000234109 0.000887228 0.0376657 171.077
42.64 0.000233716 0.000885686 0.0376001 171.092
42.65 0.000233324 0.000884146 0.0375347 171.107
42.66 0.000232933 0.000882608 0.0374694 171.122
42.67 0.000232542 0.000881074 0.0374042 171.137
42.68 0.000232152 0.000879542 0.0373391 171.152
42.69 0.000231762 0.000878013 0.0372741 171.167
42.7 0.000231374 0.000876486 0.0372093 171.183
42.71 0.000230986 0.000874962 0.0371445 171.198
42.72 0.000230598 0.000873441 0.0370799 171.213
42.73 0.000230212 0.000871923 0.0370154 171.228
42.74 0.000229825 0.000870407 0.036951 171.243
42.75 0.00022944 0.000868894 0.0368867 171.258
42.76 0.000229055 0.000867384 0.0368225 171.273
42.77 0.000228671 0.000865876 0.0367585 171.288
42.78 0.000228288 0.000864371 0.0366945 171.304
42.79 0.000227905 0.000862868 0.0366307 171.319
42.8 0.000227523 0.000861369 0.036567 171.334
42.81 0.000227141 0.000859871 0.0365033 171.349
42.82 0.00022676 0.000858377 0.0364398 171.364
42.83 0.00022638 0.000856885 0.0363765 171.379
42.84 0.000226 0.000855396 0.0363132 171.394
42.85 0.000225622 0.000853909 0.03625 171.409
42.86 0.000225243 0.000852425 0.036187 171.424
42.87 0.000224866 0.000850944 0.036124 171.44
42.88 0.000224489 0.000849465 0.0360612 171.455
42.89 0.000224112 0.000847989 0.0359985 171.47
42.9 0.000223737 0.000846515 0.0359359 171.485
42.91 0.000223361 0.000845044 0.0358734 171.5
42.92 0.000222987 0.000843576 0.035811 171.515
42.93 0.000222613 0.00084211 0.0357487 171.53
42.94 0.00022224 0.000840647 0.0356865 171.545
42.95 0.000221867 0.000839186 0.0356245 171.56
42.96 0.000221495 0.000837728 0.0355625 171.576
42.97 0.000221124 0.000836272 0.0355007 171.591
42.98 0.000220754 0.000834819 0.035439 171.606
42.99 0.000220383 0.000833369 0.0353773 171.621
43 0.000220014 0.000831921 0.0353158 171.636
43.01 0.000219645 0.000830476 0.0352544 171.651
43.02 0.000219277 0.000829033 0.0351931 171.666
43.03 0.00021891 0.000827593 0.0351319 171.681
43.04 0.000218543 0.000826155 0.0350708 171.696
43.05 0.000218176 0.00082472 0.0350099 171.712
43.06 0.000217811 0.000823287 0.034949 171.727
43.07 0.000217446 0.000821857 0.0348882 171.742
43.08 0.000217081 0.00082043 0.0348276 171.757
43.09 0.000216718 0.000819005 0.034767 171.772
43.1 0.000216354 0.000817582 0.0347066 171.787
43.11 0.000215992 0.000816162 0.0346463 171.802
43.12 0.00021563 0.000814744 0.034586 171.817
43.13 0.000215268 0.000813329 0.0345259 171.832
43.14 0.000214908 0.000811917 0.0344659 171.847
43.15 0.000214548 0.000810507 0.034406 171.862
43.16 0.000214188 0.000809099 0.0343462 171.878
43.17 0.000213829 0.000807694 0.0342865 171.893
43.18 0.000213471 0.000806291 0.0342269 171.908
43.19 0.000213113 0.000804891 0.0341674 171.923
43.2 0.000212756 0.000803493 0.034108 171.938
43.21 0.0002124 0.000802098 0.0340488 171.953
43.22 0.000212044 0.000800705 0.0339896 171.968
43.23 0.000211689 0.000799315 0.0339305 171.983
43.24 0.000211334 0.000797927 0.0338715 171.998
43.25 0.00021098 0.000796542 0.0338127 172.013
43.26 0.000210626 0.000795159 0.0337539 172.028
43.27 0.000210273 0.000793778 0.0336953 172.044
43.28 0.000209921 0.0007924 0.0336367 172.059
43.29 0.00020957 0.000791024 0.0335783 172.074
43.3 0.000209218 0.000789651 0.0335199 172.089
43.31 0.000208868 0.00078828 0.0334617 172.104
43.32 0.000208518 0.000786911 0.0334035 172.119
43.33 0.000208169 0.000785545 0.0333455 172.134
43.34 0.00020782 0.000784182 0.0332876 172.149
43.35 0.000207472 0.00078282 0.0332297 172.164
43.36 0.000207125 0.000781461 0.033172 172.179
43.37 0.000206778 0.000780105 0.0331144 172.194
43.38 0.000206431 0.000778751 0.0330569 172.209
43.39 0.000206086 0.000777399 0.0329994 172.225
43.4 0.00020574 0.00077605 0.0329421 172.24
43.41 0.000205396 0.000774703 0.0328849 172.255
43.42 0.000205052 0.000773358 0.0328277 172.27
43.43 0.000204708 0.000772016 0.0327707 172.285
43.44 0.000204366 0.000770676 0.0327138 172.3
43.45 0.000204023 0.000769338 0.032657 172.315
43.46 0.000203682 0.000768003 0.0326003 172.33
43.47 0.000203341 0.00076667 0.0325436 172.345
43.48 0.000203 0.00076534 0.0324871 172.36
43.49 0.00020266 0.000764012 0.0324307 172.375
43.5 0.000202321 0.000762686 0.0323744 172.39
43.51 0.000201982 0.000761362 0.0323181 172.405
43.52 0.000201644 0.000760041 0.032262 172.42
43.53 0.000201306 0.000758723 0.032206 172.436
43.54 0.000200969 0.000757406 0.03215 172.451
43.55 0.000200633 0.000756092 0.0320942 172.466
43.56 0.000200297 0.00075478 0.0320385 172.481
43.57 0.000199961 0.00075347 0.0319828 172.496
43.58 0.000199626 0.000752163 0.0319273 172.511
43.59 0.000199292 0.000750858 0.0318719 172.526
43.6 0.000198959 0.000749555 0.0318165 172.541
43.61 0.000198625 0.000748255 0.0317613 172.556
43.62 0.000198293 0.000746957 0.0317061 172.571
43.63 0.000197961 0.000745661 0.0316511 172.586
43.64 0.00019763 0.000744368 0.0315961 172.601
43.65 0.000197299 0.000743076 0.0315413 172.616
43.66 0.000196968 0.000741787 0.0314865 172.631
43.67 0.000196639 0.000740501 0.0314319 172.646
43.68 0.00019631 0.000739216 0.0313773 172.661
43.69 0.000195981 0.000737934 0.0313228 172.677
43.7 0.000195653 0.000736654 0.0312684 172.692
43.71 0.000195325 0.000735376 0.0312142 172.707
43.72 0.000194999 0.000734101 0.03116 172.722
43.73 0.000194672 0.000732827 0.0311059 172.737
43.74 0.000194346 0.000731556 0.0310519 172.752
43.75 0.000194021 0.000730288 0.030998 172.767
43.76 0.000193696 0.000729021 0.0309442 172.782
43.77 0.000193372 0.000727757 0.0308905 172.797
43.78 0.000193048 0.000726495 0.0308369 172.812
43.79 0.000192725 0.000725235 0.0307833 172.827
43.8 0.000192403 0.000723977 0.0307299 172.842
43.81 0.000192081 0.000722722 0.0306766 172.857
43.82 0.000191759 0.000721469 0.0306233 172.872
43.83 0.000191439 0.000720218 0.0305702 172.887
43.84 0.000191118 0.000718969 0.0305171 172.902
43.85 0.000190798 0.000717722 0.0304642 172.917
43.86 0.000190479 0.000716478 0.0304113 172.932
43.87 0.00019016 0.000715235 0.0303586 172.947
43.88 0.000189842 0.000713995 0.0303059 172.962
43.89 0.000189525 0.000712758 0.0302533 172.978
43.9 0.000189207 0.000711522 0.0302008 172.993
43.91 0.000188891 0.000710288 0.0301484 173.008
43.92 0.000188575 0.000709057 0.0300961 173.023
43.93 0.000188259 0.000707828 0.0300439 173.038
43.94 0.000187944 0.000706601 0.0299917 173.053
43.95 0.00018763 0.000705376 0.0299397 173.068
43.96 0.000187316 0.000704153 0.0298878 173.083
43.97 0.000187003 0.000702932 0.0298359 173.098
43.98 0.00018669 0.000701714 0.0297841 173.113
43.99 0.000186377 0.000700498 0.0297325 173.128
44 0.000186066 0.000699283 0.0296809 173.143
44.01 0.000185754 0.000698071 0.0296294 173.158
44.02 0.000185444 0.000696861 0.029578 173.173
44.03 0.000185133 0.000695654 0.0295267 173.188
44.04 0.000184824 0.000694448 0.0294755 173.203
44.05 0.000184515 0.000693244 0.0294244 173.218
44.06 0.000184206 0.000692043 0.0293733 173.233
44.07 0.000183898 0.000690844 0.0293224 173.248
44.08 0.00018359 0.000689646 0.0292715 173.263
44.09 0.000183283 0.000688451 0.0292207 173.278
44.1 0.000182977 0.000687258 0.0291701 173.293
44.11 0.000182671 0.000686067 0.0291195 173.308
44.12 0.000182365 0.000684878 0.029069 173.323
44.13 0.00018206 0.000683692 0.0290186 173.338
44.14 0.000181756 0.000682507 0.0289682 173.353
44.15 0.000181452 0.000681324 0.028918 173.368
44.16 0.000181148 0.000680144 0.0288679 173.383
44.17 0.000180845 0.000678965 0.0288178 173.398
44.18 0.000180543 0.000677789 0.0287678 173.413
44.19 0.000180241 0.000676615 0.0287179 173.429
44.2 0.00017994 0.000675443 0.0286681 173.444
44.21 0.000179639 0.000674272 0.0286184 173.459
44.22 0.000179338 0.000673104 0.0285688 173.474
44.23 0.000179038 0.000671938 0.0285193 173.489
44.24 0.000178739 0.000670774 0.0284698 173.504
44.25 0.00017844 0.000669612 0.0284205 173.519
44.26 0.000178142 0.000668452 0.0283712 173.534
44.27 0.000177844 0.000667294 0.028322 173.549
44.28 0.000177547 0.000666138 0.0282729 173.564
44.29 0.00017725 0.000664985 0.0282239 173.579
44.3 0.000176953 0.000663833 0.028175 173.594
44.31 0.000176658 0.000662683 0.0281261 173.609
44.32 0.000176362 0.000661535 0.0280774 173.624
44.33 0.000176067 0.000660389 0.0280287 173.639
44.34 0.000175773 0.000659246 0.0279801 173.654
44.35 0.000175479 0.000658104 0.0279316 173.669
44.36 0.000175186 0.000656964 0.0278832 173.684
44.37 0.000174893 0.000655826 0.0278349 173.699
44.38 0.000174601 0.000654691 0.0277866 173.714
44.39 0.000174309 0.000653557 0.0277385 173.729
44.4 0.000174017 0.000652425 0.0276904 173.744
44.41 0.000173727 0.000651295 0.0276424 173.759
44.42 0.000173436 0.000650167 0.0275945 173.774
44.43 0.000173146 0.000649042 0.0275467 173.789
44.44 0.000172857 0.000647918 0.0274989 173.804
44.45 0.000172568 0.000646796 0.0274513 173.819
44.46 0.00017228 0.000645676 0.0274037 173.834
44.47 0.000171992 0.000644558 0.0273562 173.849
44.48 0.000171704 0.000643442 0.0273088 173.864
44.49 0.000171417 0.000642328 0.0272615 173.879
44.5 0.000171131 0.000641216 0.0272143 173.894
44.51 0.000170845 0.000640106 0.0271671 173.909
44.52 0.000170559 0.000638998 0.02712 173.924
44.53 0.000170274 0.000637891 0.0270731 173.939
44.54 0.00016999 0.000636787 0.0270261 173.954
44.55 0.000169706 0.000635685 0.0269793 173.969
44.56 0.000169422 0.000634584 0.0269326 173.984
44.57 0.000169139 0.000633486 0.0268859 173.999
44.58 0.000168856 0.000632389 0.0268393 174.014
44.59 0.000168574 0.000631295 0.0267928 174.029
44.6 0.000168292 0.000630202 0.0267464 174.044
44.61 0.000168011 0.000629111 0.0267001 174.059
44.62 0.00016773 0.000628022 0.0266538 174.074
44.63 0.00016745 0.000626935 0.0266077 174.089
44.64 0.00016717 0.00062585 0.0265616 174.104
44.65 0.000166891 0.000624767 0.0265156 174.119
44.66 0.000166612 0.000623686 0.0264696 174.134
44.67 0.000166334 0.000622607 0.0264238 174.149
44.68 0.000166056 0.000621529 0.026378 174.164
44.69 0.000165779 0.000620453 0.0263323 174.179
44.7 0.000165502 0.00061938 0.0262867 174.194
44.71 0.000165225 0.000618308 0.0262412 174.209
44.72 0.000164949 0.000617238 0.0261958 174.224
44.73 0.000164674 0.00061617 0.0261504 174.239
44.74 0.000164399 0.000615104 0.0261051 174.254
44.75 0.000164124 0.000614039 0.0260599 174.269
44.76 0.00016385 0.000612977 0.0260148 174.284
44.77 0.000163576 0.000611916 0.0259697 174.299
44.78 0.000163303 0.000610858 0.0259248 174.314
44.79 0.00016303 0.000609801 0.0258799 174.329
44.8 0.000162758 0.000608746 0.0258351 174.344
44.81 0.000162486 0.000607693 0.0257903 174.359
44.82 0.000162215 0.000606641 0.0257457 174.374
44.83 0.000161944 0.000605592 0.0257011 174.389
44.84 0.000161673 0.000604544 0.0256566 174.403
44.85 0.000161403 0.000603498 0.0256122 174.418
44.86 0.000161134 0.000602454 0.0255678 174.433
44.87 0.000160865 0.000601412 0.0255236 174.448
44.88 0.000160596 0.000600372 0.0254794 174.463
44.89 0.000160328 0.000599333 0.0254353 174.478
44.9 0.00016006 0.000598297 0.0253912 174.493
44.91 0.000159793 0.000597262 0.0253473 174.508
44.92 0.000159526 0.000596229 0.0253034 174.523
44.93 0.000159259 0.000595198 0.0252596 174.538
44.94 0.000158994 0.000594168 0.0252159 174.553
44.95 0.000158728 0.000593141 0.0251722 174.568
44.96 0.000158463 0.000592115 0.0251287 174.583
44.97 0.000158198 0.000591091 0.0250852 174.598
44.98 0.000157934 0.000590069 0.0250417 174.613
44.99 0.000157671 0.000589048 0.0249984 174.628
45 0.000157407 0.000588029 0.0249551 174.643
45.01 0.000157145 0.000587013 0.0249119 174.658
45.02 0.000156882 0.000585998 0.0248688 174.673
45.03 0.00015662 0.000584984 0.0248258 174.688
45.04 0.000156359 0.000583973 0.0247828 174.703
45.05 0.000156098 0.000582963 0.0247399 174.718
45.06 0.000155837 0.000581955 0.0246971 174.733
45.07 0.000155577 0.000580949 0.0246544 174.748
45.08 0.000155317 0.000579944 0.0246117 174.763
45.09 0.000155058 0.000578942 0.0245691 174.778
45.1 0.000154799 0.000577941 0.0245266 174.793
45.11 0.000154541 0.000576942 0.0244842 174.808
45.12 0.000154283 0.000575944 0.0244418 174.823
45.13 0.000154025 0.000574948 0.0243995 174.838
45.14 0.000153768 0.000573954 0.0243573 174.852
45.15 0.000153512 0.000572962 0.0243152 174.867
45.16 0.000153255 0.000571972 0.0242731 174.882
45.17 0.000153 0.000570983 0.0242311 174.897
45.18 0.000152744 0.000569996 0.0241892 174.912
45.19 0.000152489 0.000569011 0.0241474 174.927
45.2 0.000152235 0.000568027 0.0241056 174.942
45.21 0.000151981 0.000567045 0.0240639 174.957
45.22 0.000151727 0.000566065 0.0240222 174.972
45.23 0.000151474 0.000565087 0.0239807 174.987
45.24 0.000151221 0.00056411 0.0239392 175.002
45.25 0.000150969 0.000563135 0.0238978 175.017
45.26 0.000150717 0.000562162 0.0238565 175.032
45.27 0.000150465 0.000561191 0.0238152 175.047
45.28 0.000150214 0.000560221 0.023774 175.062
45.29 0.000149964 0.000559253 0.0237329 175.077
45.3 0.000149713 0.000558286 0.0236918 175.092
45.31 0.000149463 0.000557321 0.0236509 175.107
45.32 0.000149214 0.000556358 0.02361 175.122
45.33 0.000148965 0.000555397 0.0235691 175.137
45.34 0.000148717 0.000554437 0.0235284 175.151
45.35 0.000148468 0.000553479 0.0234877 175.166
45.36 0.000148221 0.000552523 0.0234471 175.181
45.37 0.000147973 0.000551568 0.0234065 175.196
45.38 0.000147727 0.000550615 0.023366 175.211
45.39 0.00014748 0.000549664 0.0233256 175.226
45.4 0.000147234 0.000548714 0.0232853 175.241
45.41 0.000146988 0.000547766 0.023245 175.256
45.42 0.000146743 0.00054682 0.0232049 175.271
45.43 0.000146498 0.000545875 0.0231647 175.286
45.44 0.000146254 0.000544932 0.0231247 175.301
45.45 0.00014601 0.000543991 0.0230847 175.316
45.46 0.000145766 0.000543051 0.0230448 175.331
45.47 0.000145523 0.000542113 0.0230049 175.346
45.48 0.000145281 0.000541177 0.0229652 175.361
45.49 0.000145038 0.000540242 0.0229255 175.376
45.5 0.000144796 0.000539309 0.0228858 175.39
45.51 0.000144555 0.000538377 0.0228463 175.405
45.52 0.000144314 0.000537447 0.0228068 175.42
45.53 0.000144073 0.000536519 0.0227674 175.435
45.54 0.000143833 0.000535592 0.022728 175.45
45.55 0.000143593 0.000534667 0.0226887 175.465
45.56 0.000143353 0.000533744 0.0226495 175.48
45.57 0.000143114 0.000532822 0.0226104 175.495
45.58 0.000142876 0.000531902 0.0225713 175.51
45.59 0.000142637 0.000530983 0.0225323 175.525
45.6 0.000142399 0.000530066 0.0224933 175.54
45.61 0.000142162 0.000529151 0.0224544 175.555
45.62 0.000141925 0.000528237 0.0224156 175.57
45.63 0.000141688 0.000527325 0.0223769 175.585
45.64 0.000141452 0.000526414 0.0223382 175.599
45.65 0.000141216 0.000525505 0.0222996 175.614
45.66 0.000140981 0.000524598 0.0222611 175.629
45.67 0.000140746 0.000523692 0.0222226 175.644
45.68 0.000140511 0.000522788 0.0221842 175.659
45.69 0.000140277 0.000521885 0.0221459 175.674
45.7 0.000140043 0.000520984 0.0221076 175.689
45.71 0.000139809 0.000520085 0.0220694 175.704
45.72 0.000139576 0.000519187 0.0220313 175.719
45.73 0.000139343 0.000518291 0.0219932 175.734
45.74 0.000139111 0.000517396 0.0219552 175.749
45.75 0.000138879 0.000516503 0.0219173 175.764
45.76 0.000138648 0.000515611 0.0218794 175.778
45.77 0.000138416 0.000514721 0.0218416 175.793
45.78 0.000138186 0.000513833 0.0218039 175.808
45.79 0.000137955 0.000512946 0.0217662 175.823
45.8 0.000137725 0.00051206 0.0217286 175.838
45.81 0.000137496 0.000511176 0.0216911 175.853
45.82 0.000137267 0.000510294 0.0216536 175.868
45.83 0.000137038 0.000509413 0.0216162 175.883
45.84 0.000136809 0.000508534 0.0215789 175.898
45.85 0.000136581 0.000507656 0.0215416 175.913
45.86 0.000136354 0.00050678 0.0215044 175.928
45.87 0.000136126 0.000505906 0.0214672 175.942
45.88 0.000135899 0.000505032 0.0214301 175.957
45.89 0.000135673 0.000504161 0.0213931 175.972
45.9 0.000135447 0.000503291 0.0213562 175.987
45.91 0.000135221 0.000502422 0.0213193 176.002
45.92 0.000134996 0.000501555 0.0212825 176.017
45.93 0.000134771 0.00050069 0.0212457 176.032
45.94 0.000134546 0.000499826 0.021209 176.047
45.95 0.000134322 0.000498963 0.0211724 176.062
45.96 0.000134098 0.000498102 0.0211358 176.077
45.97 0.000133875 0.000497243 0.0210993 176.092
45.98 0.000133651 0.000496385 0.0210629 176.106
45.99 0.000133429 0.000495529 0.0210265 176.121
46 0.000133206 0.000494674 0.0209902 176.136
46.01 0.000132984 0.00049382 0.020954 176.151
46.02 0.000132763 0.000492968 0.0209178 176.166
46.03 0.000132542 0.000492118 0.0208817 176.181
46.04 0.000132321 0.000491269 0.0208456 176.196
46.05 0.0001321 0.000490421 0.0208096 176.211
46.06 0.00013188 0.000489575 0.0207737 176.226
46.07 0.00013166 0.000488731 0.0207378 176.24
46.08 0.000131441 0.000487888 0.020702 176.255
46.09 0.000131222 0.000487046 0.0206663 176.27
46.1 0.000131003 0.000486206 0.0206306 176.285
46.11 0.000130785 0.000485367 0.020595 176.3
46.12 0.000130567 0.00048453 0.0205595 176.315
46.13 0.00013035 0.000483694 0.020524 176.33
46.14 0.000130133 0.00048286 0.0204885 176.345
46.15 0.000129916 0.000482027 0.0204532 176.36
46.16 0.000129699 0.000481196 0.0204179 176.374
46.17 0.000129483 0.000480366 0.0203826 176.389
46.18 0.000129268 0.000479538 0.0203474 176.404
46.19 0.000129052 0.000478711 0.0203123 176.419
46.2 0.000128837 0.000477885 0.0202773 176.434
46.21 0.000128623 0.000477061 0.0202423 176.449
46.22 0.000128409 0.000476238 0.0202073 176.464
46.23 0.000128195 0.000475417 0.0201725 176.479
46.24 0.000127981 0.000474597 0.0201376 176.494
46.25 0.000127768 0.000473779 0.0201029 176.508
46.26 0.000127555 0.000472962 0.0200682 176.523
46.27 0.000127343 0.000472146 0.0200336 176.538
46.28 0.000127131 0.000471332 0.019999 176.553
46.29 0.000126919 0.00047052 0.0199645 176.568
46.3 0.000126708 0.000469708 0.01993 176.583
46.31 0.000126496 0.000468899 0.0198956 176.598
46.32 0.000126286 0.00046809 0.0198613 176.613
46.33 0.000126076 0.000467283 0.019827 176.627
46.34 0.000125866 0.000466478 0.0197928 176.642
46.35 0.000125656 0.000465673 0.0197587 176.657
46.36 0.000125447 0.000464871 0.0197246 176.672
46.37 0.000125238 0.000464069 0.0196906 176.687
46.38 0.000125029 0.000463269 0.0196566 176.702
46.39 0.000124821 0.000462471 0.0196227 176.717
46.4 0.000124613 0.000461674 0.0195888 176.732
46.41 0.000124406 0.000460878 0.019555 176.746
46.42 0.000124199 0.000460083 0.0195213 176.761
46.43 0.000123992 0.00045929 0.0194876 176.776
46.44 0.000123785 0.000458499 0.019454 176.791
46.45 0.000123579 0.000457709 0.0194205 176.806
46.46 0.000123374 0.00045692 0.019387 176.821
46.47 0.000123168 0.000456132 0.0193535 176.836
46.48 0.000122963 0.000455346 0.0193201 176.851
46.49 0.000122758 0.000454561 0.0192868 176.865
46.5 0.000122554 0.000453778 0.0192535 176.88
46.51 0.00012235 0.000452996 0.0192203 176.895
46.52 0.000122146 0.000452215 0.0191872 176.91
46.53 0.000121943 0.000451436 0.0191541 176.925
46.54 0.00012174 0.000450658 0.0191211 176.94
46.55 0.000121537 0.000449882 0.0190881 176.955
46.56 0.000121335 0.000449106 0.0190552 176.969
46.57 0.000121133 0.000448333 0.0190223 176.984
46.58 0.000120931 0.00044756 0.0189895 176.999
46.59 0.00012073 0.000446789 0.0189568 177.014
46.6 0.000120529 0.000446019 0.0189241 177.029
46.61 0.000120329 0.000445251 0.0188914 177.044
46.62 0.000120128 0.000444484 0.0188589 177.059
46.63 0.000119928 0.000443718 0.0188263 177.073
46.64 0.000119729 0.000442953 0.0187939 177.088
46.65 0.000119529 0.00044219 0.0187615 177.103
46.66 0.000119331 0.000441429 0.0187291 177.118
46.67 0.000119132 0.000440668 0.0186968 177.133
46.68 0.000118934 0.000439909 0.0186646 177.148
46.69 0.000118736 0.000439151 0.0186324 177.163
46.7 0.000118538 0.000438395 0.0186003 177.177
46.71 0.000118341 0.00043764 0.0185682 177.192
46.72 0.000118144 0.000436886 0.0185362 177.207
46.73 0.000117947 0.000436133 0.0185043 177.222
46.74 0.000117751 0.000435382 0.0184724 177.237
46.75 0.000117555 0.000434632 0.0184405 177.252
46.76 0.00011736 0.000433884 0.0184088 177.266
46.77 0.000117164 0.000433136 0.018377 177.281
46.78 0.000116969 0.00043239 0.0183453 177.296
46.79 0.000116775 0.000431646 0.0183137 177.311
46.8 0.00011658 0.000430902 0.0182822 177.326
46.81 0.000116386 0.00043016 0.0182507 177.341
46.82 0.000116193 0.000429419 0.0182192 177.356
46.83 0.000115999 0.00042868 0.0181878 177.37
46.84 0.000115807 0.000427942 0.0181565 177.385
46.85 0.000115614 0.000427205 0.0181252 177.4
46.86 0.000115422 0.000426469 0.0180939 177.415
46.87 0.000115229 0.000425735 0.0180627 177.43
46.88 0.000115038 0.000425002 0.0180316 177.445
46.89 0.000114846 0.00042427 0.0180005 177.459
46.9 0.000114655 0.00042354 0.0179695 177.474
46.91 0.000114465 0.00042281 0.0179386 177.489
46.92 0.000114274 0.000422083 0.0179077 177.504
46.93 0.000114084 0.000421356 0.0178768 177.519
46.94 0.000113894 0.00042063 0.017846 177.534
46.95 0.000113705 0.000419906 0.0178152 177.548
46.96 0.000113516 0.000419183 0.0177845 177.563
46.97 0.000113327 0.000418462 0.0177539 177.578
46.98 0.000113139 0.000417741 0.0177233 177.593
46.99 0.00011295 0.000417022 0.0176928 177.608
47 0.000112762 0.000416304 0.0176623 177.623
47.01 0.000112575 0.000415588 0.0176319 177.637
47.02 0.000112388 0.000414873 0.0176015 177.652
47.03 0.000112201 0.000414158 0.0175712 177.667
47.04 0.000112014 0.000413446 0.0175409 177.682
47.05 0.000111828 0.000412734 0.0175107 177.697
47.06 0.000111642 0.000412024 0.0174805 177.712
47.07 0.000111456 0.000411314 0.0174504 177.726
47.08 0.000111271 0.000410607 0.0174204 177.741
47.09 0.000111086 0.0004099 0.0173904 177.756
47.1 0.000110901 0.000409194 0.0173604 177.771
47.11 0.000110717 0.00040849 0.0173305 177.786
47.12 0.000110533 0.000407787 0.0173007 177.8
47.13 0.000110349 0.000407086 0.0172709 177.815
47.14 0.000110165 0.000406385 0.0172411 177.83
47.15 0.000109982 0.000405686 0.0172114 177.845
47.16 0.000109799 0.000404988 0.0171818 177.86
47.17 0.000109617 0.000404291 0.0171522 177.875
47.18 0.000109435 0.000403595 0.0171227 177.889
47.19 0.000109253 0.000402901 0.0170932 177.904
47.2 0.000109071 0.000402207 0.0170637 177.919
47.21 0.00010889 0.000401515 0.0170344 177.934
47.22 0.000108709 0.000400825 0.017005 177.949
47.23 0.000108528 0.000400135 0.0169757 177.963
47.24 0.000108347 0.000399447 0.0169465 177.978
47.25 0.000108167 0.000398759 0.0169173 177.993
47.26 0.000107988 0.000398073 0.0168882 178.008
47.27 0.000107808 0.000397389 0.0168591 178.023
47.28 0.000107629 0.000396705 0.0168301 178.038
47.29 0.00010745 0.000396023 0.0168011 178.052
47.3 0.000107271 0.000395341 0.0167722 178.067
47.31 0.000107093 0.000394661 0.0167433 178.082
47.32 0.000106915 0.000393982 0.0167145 178.097
47.33 0.000106737 0.000393305 0.0166857 178.112
47.34 0.00010656 0.000392628 0.016657 178.126
47.35 0.000106383 0.000391953 0.0166283 178.141
47.36 0.000106206 0.000391279 0.0165997 178.156
47.37 0.000106029 0.000390606 0.0165711 178.171
47.38 0.000105853 0.000389934 0.0165426 178.186
47.39 0.000105677 0.000389263 0.0165141 178.2
47.4 0.000105502 0.000388594 0.0164857 178.215
47.41 0.000105326 0.000387926 0.0164573 178.23
47.42 0.000105151 0.000387259 0.016429 178.245
47.43 0.000104977 0.000386593 0.0164007 178.26
47.44 0.000104802 0.000385928 0.0163725 178.274
47.45 0.000104628 0.000385264 0.0163443 178.289
47.46 0.000104454 0.000384602 0.0163162 178.304
47.47 0.00010428 0.00038394 0.0162881 178.319
47.48 0.000104107 0.00038328 0.0162601 178.334
47.49 0.000103934 0.000382621 0.0162321 178.348
47.5 0.000103761 0.000381963 0.0162042 178.363
47.51 0.000103589 0.000381306 0.0161763 178.378
47.52 0.000103417 0.000380651 0.0161485 178.393
47.53 0.000103245 0.000379996 0.0161207 178.408
47.54 0.000103074 0.000379343 0.0160929 178.422
47.55 0.000102902 0.000378691 0.0160652 178.437
47.56 0.000102731 0.00037804 0.0160376 178.452
47.57 0.000102561 0.00037739 0.01601 178.467
47.58 0.00010239 0.000376741 0.0159825 178.482
47.59 0.00010222 0.000376094 0.015955 178.496
47.6 0.00010205 0.000375447 0.0159275 178.511
47.61 0.000101881 0.000374802 0.0159001 178.526
47.62 0.000101712 0.000374157 0.0158728 178.541
47.63 0.000101543 0.000373514 0.0158455 178.555
47.64 0.000101374 0.000372872 0.0158182 178.57
47.65 0.000101206 0.000372231 0.015791 178.585
47.66 0.000101037 0.000371592 0.0157638 178.6
47.67 0.00010087 0.000370953 0.0157367 178.615
47.68 0.000100702 0.000370315 0.0157096 178.629
47.69 0.000100535 0.000369679 0.0156826 178.644
47.7 0.000100368 0.000369044 0.0156556 178.659
47.71 0.000100201 0.000368409 0.0156287 178.674
47.72 0.000100035 0.000367776 0.0156018 178.688
47.73 9.98685e-05 0.000367144 0.015575 178.703
47.74 9.97027e-05 0.000366513 0.0155482 178.718
47.75 9.95371e-05 0.000365883 0.0155215 178.733
47.76 9.93718e-05 0.000365255 0.0154948 178.748
47.77 9.92067e-05 0.000364627 0.0154681 178.762
47.78 9.9042e-05 0.000364001 0.0154415 178.777
47.79 9.88775e-05 0.000363375 0.015415 178.792
47.8 9.87133e-05 0.000362751 0.0153885 178.807
47.81 9.85494e-05 0.000362127 0.015362 178.821
47.82 9.83857e-05 0.000361505 0.0153356 178.836
47.83 9.82223e-05 0.000360884 0.0153092 178.851
47.84 9.80592e-05 0.000360264 0.0152829 178.866
47.85 9.78964e-05 0.000359645 0.0152566 178.881
47.86 9.77339e-05 0.000359027 0.0152304 178.895
47.87 9.75716e-05 0.000358411 0.0152042 178.91
47.88 9.74096e-05 0.000357795 0.0151781 178.925
47.89 9.72478e-05 0.00035718 0.015152 178.94
47.9 9.70864e-05 0.000356567 0.0151259 178.954
47.91 9.69252e-05 0.000355954 0.0150999 178.969
47.92 9.67642e-05 0.000355343 0.0150739 178.984
47.93 9.66036e-05 0.000354732 0.015048 178.999
47.94 9.64432e-05 0.000354123 0.0150222 179.013
47.95 9.62831e-05 0.000353515 0.0149963 179.028
47.96 9.61232e-05 0.000352907 0.0149706 179.043
47.97 9.59637e-05 0.000352301 0.0149448 179.058
47.98 9.58044e-05 0.000351696 0.0149191 179.073
47.99 9.56453e-05 0.000351092 0.0148935 179.087
48 9.54865e-05 0.000350489 0.0148679 179.102
48.01 9.5328e-05 0.000349887 0.0148423 179.117
48.02 9.51698e-05 0.000349286 0.0148168 179.132
48.03 9.50118e-05 0.000348687 0.0147914 179.146
48.04 9.48541e-05 0.000348088 0.0147659 179.161
48.05 9.46967e-05 0.00034749 0.0147406 179.176
48.06 9.45395e-05 0.000346893 0.0147152 179.191
48.07 9.43826e-05 0.000346298 0.0146899 179.205
48.08 9.42259e-05 0.000345703 0.0146647 179.22
48.09 9.40695e-05 0.000345109 0.0146395 179.235
48.1 9.39134e-05 0.000344517 0.0146143 179.25
48.11 9.37575e-05 0.000343925 0.0145892 179.264
48.12 9.36019e-05 0.000343335 0.0145642 179.279
48.13 9.34466e-05 0.000342745 0.0145391 179.294
48.14 9.32915e-05 0.000342157 0.0145141 179.309
48.15 9.31366e-05 0.000341569 0.0144892 179.323
48.16 9.29821e-05 0.000340983 0.0144643 179.338
48.17 9.28278e-05 0.000340398 0.0144395 179.353
48.18 9.26737e-05 0.000339813 0.0144146 179.368
48.19 9.25199e-05 0.00033923 0.0143899 179.382
48.2 9.23664e-05 0.000338647 0.0143652 179.397
48.21 9.22131e-05 0.000338066 0.0143405 179.412
48.22 9.20601e-05 0.000337486 0.0143158 179.427
48.23 9.19074e-05 0.000336907 0.0142912 179.441
48.24 9.17549e-05 0.000336328 0.0142667 179.456
48.25 9.16026e-05 0.000335751 0.0142422 179.471
48.26 9.14506e-05 0.000335175 0.0142177 179.486
48.27 9.12989e-05 0.000334599 0.0141933 179.5
48.28 9.11474e-05 0.000334025 0.0141689 179.515
48.29 9.09962e-05 0.000333452 0.0141446 179.53
48.3 9.08452e-05 0.000332879 0.0141203 179.545
48.31 9.06945e-05 0.000332308 0.014096 179.559
48.32 9.0544e-05 0.000331738 0.0140718 179.574
48.33 9.03938e-05 0.000331169 0.0140476 179.589
48.34 9.02439e-05 0.0003306 0.0140235 179.604
48.35 9.00942e-05 0.000330033 0.0139994 179.618
48.36 8.99447e-05 0.000329467 0.0139754 179.633
48.37 8.97955e-05 0.000328901 0.0139514 179.648
48.38 8.96465e-05 0.000328337 0.0139274 179.663
48.39 8.94978e-05 0.000327773 0.0139035 179.677
48.4 8.93494e-05 0.000327211 0.0138796 179.692
48.41 8.92012e-05 0.00032665 0.0138558 179.707
48.42 8.90532e-05 0.000326089 0.013832 179.721
48.43 8.89055e-05 0.00032553 0.0138083 179.736
48.44 8.8758e-05 0.000324971 0.0137845 179.751
48.45 8.86108e-05 0.000324413 0.0137609 179.766
48.46 8.84638e-05 0.000323857 0.0137372 179.78
48.47 8.83171e-05 0.000323301 0.0137137 179.795
48.48 8.81706e-05 0.000322747 0.0136901 179.81
48.49 8.80244e-05 0.000322193 0.0136666 179.825
48.5 8.78784e-05 0.00032164 0.0136431 179.839
48.51 8.77327e-05 0.000321088 0.0136197 179.854
48.52 8.75872e-05 0.000320538 0.0135963 179.869
48.53 8.74419e-05 0.000319988 0.013573 179.883
48.54 8.72969e-05 0.000319439 0.0135497 179.898
48.55 8.71522e-05 0.000318891 0.0135264 179.913
48.56 8.70076e-05 0.000318344 0.0135032 179.928
48.57 8.68634e-05 0.000317798 0.01348 179.942
48.58 8.67193e-05 0.000317253 0.0134569 179.957
48.59 8.65755e-05 0.000316709 0.0134338 179.972
48.6 8.6432e-05 0.000316166 0.0134107 179.987
48.61 8.62886e-05 0.000315623 0.0133877 180.001
48.62 8.61456e-05 0.000315082 0.0133647 180.016
48.63 8.60027e-05 0.000314542 0.0133418 180.031
48.64 8.58601e-05 0.000314002 0.0133189 180.045
48.65 8.57178e-05 0.000313464 0.013296 180.06
48.66 8.55757e-05 0.000312926 0.0132732 180.075
48.67 8.54338e-05 0.00031239 0.0132504 180.09
48.68 8.52921e-05 0.000311854 0.0132277 180.104
48.69 8.51507e-05 0.000311319 0.013205 180.119
48.7 8.50096e-05 0.000310785 0.0131823 180.134
48.71 8.48686e-05 0.000310252 0.0131597 180.148
48.72 8.47279e-05 0.00030972 0.0131371 180.163
48.73 8.45875e-05 0.000309189 0.0131146 180.178
48.74 8.44473e-05 0.000308659 0.0130921 180.193
48.75 8.43073e-05 0.00030813 0.0130696 180.207
48.76 8.41675e-05 0.000307602 0.0130472 180.222
48.77 8.4028e-05 0.000307074 0.0130248 180.237
48.78 8.38887e-05 0.000306548 0.0130025 180.251
48.79 8.37497e-05 0.000306022 0.0129801 180.266
48.8 8.36109e-05 0.000305498 0.0129579 180.281
48.81 8.34723e-05 0.000304974 0.0129356 180.296
48.82 8.33339e-05 0.000304451 0.0129135 180.31
48.83 8.31958e-05 0.000303929 0.0128913 180.325
48.84 8.30579e-05 0.000303408 0.0128692 180.34
48.85 8.29202e-05 0.000302888 0.0128471 180.354
48.86 8.27828e-05 0.000302369 0.0128251 180.369
48.87 8.26456e-05 0.000301851 0.0128031 180.384
48.88 8.25086e-05 0.000301334 0.0127811 180.398
48.89 8.23719e-05 0.000300817 0.0127592 180.413
48.9 8.22354e-05 0.000300301 0.0127373 180.428
48.91 8.20991e-05 0.000299787 0.0127154 180.443
48.92 8.19631e-05 0.000299273 0.0126936 180.457
48.93 8.18272e-05 0.00029876 0.0126719 180.472
48.94 8.16917e-05 0.000298248 0.0126501 180.487
48.95 8.15563e-05 0.000297737 0.0126284 180.501
48.96 8.14211e-05 0.000297227 0.0126068 180.516
48.97 8.12862e-05 0.000296717 0.0125851 180.531
48.98 8.11515e-05 0.000296209 0.0125636 180.545
48.99 8.10171e-05 0.000295701 0.012542 180.56
49 8.08828e-05 0.000295195 0.0125205 180.575
49.01 8.07488e-05 0.000294689 0.012499 180.589
49.02 8.0615e-05 0.000294184 0.0124776 180.604
49.03 8.04815e-05 0.00029368 0.0124562 180.619
49.04 8.03481e-05 0.000293177 0.0124348 180.634
49.05 8.0215e-05 0.000292674 0.0124135 180.648
49.06 8.00821e-05 0.000292173 0.0123922 180.663
49.07 7.99494e-05 0.000291672 0.012371 180.678
49.08 7.9817e-05 0.000291173 0.0123498 180.692
49.09 7.96848e-05 0.000290674 0.0123286 180.707
49.1 7.95528e-05 0.000290176 0.0123075 180.722
49.11 7.9421e-05 0.000289679 0.0122864 180.736
49.12 7.92894e-05 0.000289182 0.0122653 180.751
49.13 7.91581e-05 0.000288687 0.0122443 180.766
49.14 7.90269e-05 0.000288192 0.0122233 180.78
49.15 7.8896e-05 0.000287699 0.0122023 180.795
49.16 7.87654e-05 0.000287206 0.0121814 180.81
49.17 7.86349e-05 0.000286714 0.0121605 180.824
49.18 7.85046e-05 0.000286223 0.0121397 180.839
49.19 7.83746e-05 0.000285733 0.0121189 180.854
49.2 7.82448e-05 0.000285243 0.0120981 180.869
49.21 7.81152e-05 0.000284755 0.0120774 180.883
49.22 7.79858e-05 0.000284267 0.0120567 180.898
49.23 7.78567e-05 0.00028378 0.012036 180.913
49.24 7.77277e-05 0.000283294 0.0120154 180.927
49.25 7.7599e-05 0.000282809 0.0119948 180.942
49.26 7.74705e-05 0.000282325 0.0119742 180.957
49.27 7.73422e-05 0.000281841 0.0119537 180.971
49.28 7.72141e-05 0.000281359 0.0119332 180.986
49.29 7.70862e-05 0.000280877 0.0119127 181.001
49.3 7.69586e-05 0.000280396 0.0118923 181.015
49.31 7.68311e-05 0.000279916 0.0118719 181.03
49.32 7.67039e-05 0.000279436 0.0118516 181.045
49.33 7.65769e-05 0.000278958 0.0118313 181.059
49.34 7.64501e-05 0.00027848 0.011811 181.074
49.35 7.63235e-05 0.000278003 0.0117908 181.089
49.36 7.61971e-05 0.000277527 0.0117706 181.103
49.37 7.6071e-05 0.000277052 0.0117504 181.118
49.38 7.5945e-05 0.000276578 0.0117303 181.133
49.39 7.58193e-05 0.000276104 0.0117102 181.147
49.4 7.56937e-05 0.000275632 0.0116901 181.162
49.41 7.55684e-05 0.00027516 0.0116701 181.177
49.42 7.54433e-05 0.000274689 0.0116501 181.191
49.43 7.53184e-05 0.000274219 0.0116301 181.206
49.44 7.51937e-05 0.000273749 0.0116102 181.221
49.45 7.50692e-05 0.000273281 0.0115903 181.235
49.46 7.4945e-05 0.000272813 0.0115705 181.25
49.47 7.48209e-05 0.000272346 0.0115506 181.265
49.48 7.4697e-05 0.00027188 0.0115308 181.279
49.49 7.45734e-05 0.000271414 0.0115111 181.294
49.5 7.44499e-05 0.00027095 0.0114914 181.309
49.51 7.43267e-05 0.000270486 0.0114717 181.323
49.52 7.42037e-05 0.000270023 0.011452 181.338
49.53 7.40808e-05 0.000269561 0.0114324 181.353
49.54 7.39582e-05 0.000269099 0.0114128 181.367
49.55 7.38358e-05 0.000268639 0.0113933 181.382
49.56 7.37136e-05 0.000268179 0.0113738 181.397
49.57 7.35916e-05 0.00026772 0.0113543 181.411
49.58 7.34698e-05 0.000267262 0.0113348 181.426
49.59 7.33482e-05 0.000266805 0.0113154 181.441
49.6 7.32268e-05 0.000266348 0.0112961 181.455
49.61 7.31056e-05 0.000265892 0.0112767 181.47
49.62 7.29846e-05 0.000265437 0.0112574 181.485
49.63 7.28638e-05 0.000264983 0.0112381 181.499
49.64 7.27432e-05 0.00026453 0.0112189 181.514
49.65 7.26228e-05 0.000264077 0.0111997 181.528
49.66 7.25027e-05 0.000263625 0.0111805 181.543
49.67 7.23827e-05 0.000263174 0.0111613 181.558
49.68 7.22629e-05 0.000262724 0.0111422 181.572
49.69 7.21433e-05 0.000262275 0.0111232 181.587
49.7 7.20239e-05 0.000261826 0.0111041 181.602
49.71 7.19048e-05 0.000261378 0.0110851 181.616
49.72 7.17858e-05 0.000260931 0.0110661 181.631
49.73 7.1667e-05 0.000260484 0.0110472 181.646
49.74 7.15484e-05 0.000260039 0.0110283 181.66
49.75 7.143e-05 0.000259594 0.0110094 181.675
49.76 7.13119e-05 0.00025915 0.0109905 181.69
49.77 7.11939e-05 0.000258707 0.0109717 181.704
49.78 7.10761e-05 0.000258264 0.0109529 181.719
49.79 7.09585e-05 0.000257822 0.0109342 181.733
49.8 7.08411e-05 0.000257381 0.0109155 181.748
49.81 7.07239e-05 0.000256941 0.0108968 181.763
49.82 7.06069e-05 0.000256502 0.0108781 181.777
49.83 7.04901e-05 0.000256063 0.0108595 181.792
49.84 7.03735e-05 0.000255625 0.0108409 181.807
49.85 7.02571e-05 0.000255188 0.0108224 181.821
49.86 7.01408e-05 0.000254751 0.0108038 181.836
49.87 7.00248e-05 0.000254316 0.0107853 181.851
49.88 6.9909e-05 0.000253881 0.0107669 181.865
49.89 6.97933e-05 0.000253447 0.0107485 181.88
49.9 6.96779e-05 0.000253013 0.0107301 181.894
49.91 6.95626e-05 0.00025258 0.0107117 181.909
49.92 6.94476e-05 0.000252149 0.0106934 181.924
49.93 6.93327e-05 0.000251717 0.0106751 181.938
49.94 6.9218e-05 0.000251287 0.0106568 181.953
49.95 6.91035e-05 0.000250857 0.0106386 181.968
49.96 6.89892e-05 0.000250428 0.0106204 181.982
49.97 6.88751e-05 0.00025 0.0106022 181.997
49.98 6.87612e-05 0.000249573 0.010584 182.012
49.99 6.86475e-05 0.000249146 0.0105659 182.026
50 6.8534e-05 0.00024872 0.0105478 182.041
50.01 6.84206e-05 0.000248295 0.0105298 182.055
50.02 6.83075e-05 0.00024787 0.0105118 182.07
50.03 6.81945e-05 0.000247447 0.0104938 182.085
50.04 6.80818e-05 0.000247024 0.0104758 182.099
50.05 6.79692e-05 0.000246601 0.0104579 182.114
50.06 6.78568e-05 0.00024618 0.01044 182.129
50.07 6.77446e-05 0.000245759 0.0104222 182.143
50.08 6.76325e-05 0.000245339 0.0104043 182.158
50.09 6.75207e-05 0.000244919 0.0103865 182.172
50.1 6.74091e-05 0.000244501 0.0103688 182.187
50.11 6.72976e-05 0.000244083 0.010351 182.202
50.12 6.71863e-05 0.000243666 0.0103333 182.216
50.13 6.70753e-05 0.000243249 0.0103157 182.231
50.14 6.69643e-05 0.000242834 0.010298 182.245
50.15 6.68536e-05 0.000242418 0.0102804 182.26
50.16 6.67431e-05 0.000242004 0.0102628 182.275
50.17 6.66328e-05 0.000241591 0.0102453 182.289
50.18 6.65226e-05 0.000241178 0.0102277 182.304
50.19 6.64126e-05 0.000240766 0.0102102 182.319
50.2 6.63028e-05 0.000240354 0.0101928 182.333
50.21 6.61932e-05 0.000239943 0.0101753 182.348
50.22 6.60838e-05 0.000239533 0.0101579 182.362
50.23 6.59745e-05 0.000239124 0.0101406 182.377
50.24 6.58655e-05 0.000238715 0.0101232 182.392
50.25 6.57566e-05 0.000238308 0.0101059 182.406
50.26 6.56479e-05 0.0002379 0.0100886 182.421
50.27 6.55394e-05 0.000237494 0.0100714 182.435
50.28 6.54311e-05 0.000237088 0.0100542 182.45
50.29 6.53229e-05 0.000236683 0.010037 182.465
50.3 6.52149e-05 0.000236279 0.0100198 182.479
50.31 6.51071e-05 0.000235875 0.0100027 182.494
50.32 6.49995e-05 0.000235472 0.00998557 182.508
50.33 6.48921e-05 0.00023507 0.00996849 182.523
50.34 6.47849e-05 0.000234668 0.00995145 182.538
50.35 6.46778e-05 0.000234267 0.00993444 182.552
50.36 6.45709e-05 0.000233867 0.00991745 182.567
50.37 6.44642e-05 0.000233467 0.00990049 182.581
50.38 6.43576e-05 0.000233069 0.00988357 182.596
50.39 6.42513e-05 0.00023267 0.00986667 182.611
50.4 6.41451e-05 0.000232273 0.0098498 182.625
50.41 6.40391e-05 0.000231876 0.00983297 182.64
50.42 6.39333e-05 0.00023148 0.00981616 182.654
50.43 6.38276e-05 0.000231085 0.00979938 182.669
50.44 6.37221e-05 0.00023069 0.00978263 182.684
50.45 6.36169e-05 0.000230296 0.0097659 182.698
50.46 6.35117e-05 0.000229903 0.00974921 182.713
50.47 6.34068e-05 0.00022951 0.00973255 182.727
50.48 6.3302e-05 0.000229118 0.00971591 182.742
50.49 6.31974e-05 0.000228727 0.00969931 182.757
50.5 6.3093e-05 0.000228336 0.00968273 182.771
50.51 6.29888e-05 0.000227946 0.00966618 182.786
50.52 6.28847e-05 0.000227557 0.00964966 182.8
50.53 6.27808e-05 0.000227169 0.00963317 182.815
50.54 6.26771e-05 0.000226781 0.0096167 182.83
50.55 6.25735e-05 0.000226393 0.00960027 182.844
50.56 6.24701e-05 0.000226007 0.00958386 182.859
50.57 6.23669e-05 0.000225621 0.00956749 182.873
50.58 6.22639e-05 0.000225236 0.00955114 182.888
50.59 6.2161e-05 0.000224851 0.00953482 182.903
50.6 6.20584e-05 0.000224467 0.00951852 182.917
50.61 6.19558e-05 0.000224084 0.00950226 182.932
50.62 6.18535e-05 0.000223701 0.00948602 182.946
50.63 6.17513e-05 0.000223319 0.00946981 182.961
50.64 6.16493e-05 0.000222938 0.00945363 182.975
50.65 6.15475e-05 0.000222558 0.00943748 182.99
50.66 6.14458e-05 0.000222178 0.00942136 183.005
50.67 6.13443e-05 0.000221798 0.00940526 183.019
50.68 6.1243e-05 0.00022142 0.00938919 183.034
50.69 6.11418e-05 0.000221042 0.00937315 183.048
50.7 6.10409e-05 0.000220664 0.00935714 183.063
50.71 6.094e-05 0.000220288 0.00934115 183.078
50.72 6.08394e-05 0.000219912 0.0093252 183.092
50.73 6.07389e-05 0.000219536 0.00930927 183.107
50.74 6.06386e-05 0.000219162 0.00929336 183.121
50.75 6.05385e-05 0.000218788 0.00927749 183.136
50.76 6.04385e-05 0.000218414 0.00926164 183.15
50.77 6.03387e-05 0.000218041 0.00924582 183.165
50.78 6.0239e-05 0.000217669 0.00923003 183.18
50.79 6.01395e-05 0.000217298 0.00921426 183.194
50.8 6.00402e-05 0.000216927 0.00919853 183.209
50.81 5.99411e-05 0.000216557 0.00918281 183.223
50.82 5.98421e-05 0.000216187 0.00916713 183.238
50.83 5.97433e-05 0.000215818 0.00915147 183.252
50.84 5.96446e-05 0.00021545 0.00913585 183.267
50.85 5.95462e-05 0.000215082 0.00912024 183.282
50.86 5.94478e-05 0.000214715 0.00910467 183.296
50.87 5.93497e-05 0.000214349 0.00908912 183.311
50.88 5.92517e-05 0.000213983 0.0090736 183.325
50.89 5.91539e-05 0.000213618 0.0090581 183.34
50.9 5.90562e-05 0.000213254 0.00904264 183.354
50.91 5.89587e-05 0.00021289 0.00902719 183.369
50.92 5.88614e-05 0.000212526 0.00901178 183.384
50.93 5.87642e-05 0.000212164 0.00899639 183.398
50.94 5.86672e-05 0.000211802 0.00898103 183.413
50.95 5.85703e-05 0.000211441 0.0089657 183.427
50.96 5.84736e-05 0.00021108 0.00895039 183.442
50.97 5.83771e-05 0.00021072 0.00893511 183.456
50.98 5.82807e-05 0.00021036 0.00891985 183.471
50.99 5.81845e-05 0.000210001 0.00890462 183.485
51 5.80885e-05 0.000209643 0.00888942 183.5
51.01 5.79926e-05 0.000209286 0.00887425 183.515
51.02 5.78968e-05 0.000208929 0.0088591 183.529
51.03 5.78013e-05 0.000208572 0.00884397 183.544
51.04 5.77059e-05 0.000208216 0.00882888 183.558
51.05 5.76106e-05 0.000207861 0.0088138 183.573
51.06 5.75155e-05 0.000207507 0.00879876 183.587
51.07 5.74206e-05 0.000207153 0.00878374 183.602
51.08 5.73258e-05 0.0002068 0.00876875 183.616
51.09 5.72312e-05 0.000206447 0.00875378 183.631
51.1 5.71368e-05 0.000206095 0.00873884 183.646
51.11 5.70425e-05 0.000205743 0.00872392 183.66
51.12 5.69483e-05 0.000205392 0.00870903 183.675
51.13 5.68543e-05 0.000205042 0.00869417 183.689
51.14 5.67605e-05 0.000204692 0.00867933 183.704
51.15 5.66668e-05 0.000204343 0.00866452 183.718
51.16 5.65733e-05 0.000203995 0.00864973 183.733
51.17 5.648e-05 0.000203647 0.00863497 183.747
51.18 5.63868e-05 0.0002033 0.00862023 183.762
51.19 5.62937e-05 0.000202953 0.00860552 183.777
51.2 5.62008e-05 0.000202607 0.00859084 183.791
51.21 5.61081e-05 0.000202262 0.00857618 183.806
51.22 5.60155e-05 0.000201917 0.00856154 183.82
51.23 5.59231e-05 0.000201573 0.00854693 183.835
51.24 5.58308e-05 0.000201229 0.00853235 183.849
51.25 5.57387e-05 0.000200886 0.00851779 183.864
51.26 5.56467e-05 0.000200543 0.00850326 183.878
51.27 5.55549e-05 0.000200201 0.00848875 183.893
51.28 5.54632e-05 0.00019986 0.00847427 183.907
51.29 5.53717e-05 0.000199519 0.00845981 183.922
51.3 5.52804e-05 0.000199179 0.00844538 183.936
51.31 5.51892e-05 0.00019884 0.00843097 183.951
51.32 5.50981e-05 0.000198501 0.00841658 183.966
51.33 5.50072e-05 0.000198162 0.00840223 183.98
51.34 5.49165e-05 0.000197825 0.00838789 183.995
51.35 5.48259e-05 0.000197487 0.00837358 184.009
51.36 5.47355e-05 0.000197151 0.0083593 184.024
51.37 5.46452e-05 0.000196815 0.00834504 184.038
51.38 5.4555e-05 0.000196479 0.00833081 184.053
51.39 5.4465e-05 0.000196145 0.0083166 184.067
51.4 5.43752e-05 0.00019581 0.00830241 184.082
51.41 5.42855e-05 0.000195476 0.00828825 184.096
51.42 5.4196e-05 0.000195143 0.00827411 184.111
51.43 5.41066e-05 0.000194811 0.00826 184.125
51.44 5.40173e-05 0.000194479 0.00824591 184.14
51.45 5.39282e-05 0.000194147 0.00823185 184.154
51.46 5.38393e-05 0.000193817 0.00821781 184.169
51.47 5.37505e-05 0.000193486 0.00820379 184.184
51.48 5.36618e-05 0.000193157 0.0081898 184.198
51.49 5.35733e-05 0.000192827 0.00817584 184.213
51.5 5.3485e-05 0.000192499 0.00816189 184.227
51.51 5.33968e-05 0.000192171 0.00814798 184.242
51.52 5.33087e-05 0.000191843 0.00813408 184.256
51.53 5.32208e-05 0.000191517 0.00812021 184.271
51.54 5.3133e-05 0.00019119 0.00810636 184.285
51.55 5.30454e-05 0.000190864 0.00809254 184.3
51.56 5.29579e-05 0.000190539 0.00807874 184.314
51.57 5.28706e-05 0.000190215 0.00806497 184.329
51.58 5.27834e-05 0.000189891 0.00805122 184.343
51.59 5.26964e-05 0.000189567 0.00803749 184.358
51.6 5.26095e-05 0.000189244 0.00802379 184.372
51.61 5.25228e-05 0.000188922 0.00801011 184.387
51.62 5.24362e-05 0.0001886 0.00799645 184.401
51.63 5.23497e-05 0.000188279 0.00798282 184.416
51.64 5.22634e-05 0.000187958 0.00796921 184.43
51.65 5.21772e-05 0.000187638 0.00795562 184.445
51.66 5.20912e-05 0.000187318 0.00794206 184.459
51.67 5.20053e-05 0.000186999 0.00792852 184.474
51.68 5.19196e-05 0.000186681 0.00791501 184.488
51.69 5.1834e-05 0.000186363 0.00790152 184.503
51.7 5.17485e-05 0.000186045 0.00788805 184.518
51.71 5.16632e-05 0.000185728 0.0078746 184.532
51.72 5.1578e-05 0.000185412 0.00786118 184.547
51.73 5.1493e-05 0.000185096 0.00784778 184.561
51.74 5.14081e-05 0.000184781 0.00783441 184.576
51.75 5.13234e-05 0.000184466 0.00782105 184.59
51.76 5.12388e-05 0.000184152 0.00780772 184.605
51.77 5.11543e-05 0.000183839 0.00779442 184.619
51.78 5.107e-05 0.000183526 0.00778113 184.634
51.79 5.09858e-05 0.000183213 0.00776787 184.648
51.8 5.09018e-05 0.000182901 0.00775463 184.663
51.81 5.08179e-05 0.00018259 0.00774142 184.677
51.82 5.07341e-05 0.000182279 0.00772823 184.692
51.83 5.06505e-05 0.000181968 0.00771506 184.706
51.84 5.0567e-05 0.000181659 0.00770191 184.721
51.85 5.04837e-05 0.000181349 0.00768879 184.735
51.86 5.04005e-05 0.000181041 0.00767569 184.75
51.87 5.03174e-05 0.000180732 0.00766261 184.764
51.88 5.02345e-05 0.000180425 0.00764955 184.779
51.89 5.01517e-05 0.000180117 0.00763652 184.793
51.9 5.0069e-05 0.000179811 0.00762351 184.808
51.91 4.99865e-05 0.000179505 0.00761052 184.822
51.92 4.99042e-05 0.000179199 0.00759755 184.837
51.93 4.98219e-05 0.000178894 0.00758461 184.851
51.94 4.97398e-05 0.00017859 0.00757169 184.866
51.95 4.96579e-05 0.000178286 0.00755879 184.88
51.96 4.9576e-05 0.000177982 0.00754591 184.895
51.97 4.94943e-05 0.000177679 0.00753305 184.909
51.98 4.94128e-05 0.000177377 0.00752022 184.924
51.99 4.93314e-05 0.000177075 0.00750741 184.938
52 4.92501e-05 0.000176773 0.00749462 184.953
52.01 4.91689e-05 0.000176472 0.00748186 184.967
52.02 4.90879e-05 0.000176172 0.00746911 184.982
52.03 4.9007e-05 0.000175872 0.00745639 184.996
52.04 4.89263e-05 0.000175573 0.00744369 185.011
52.05 4.88457e-05 0.000175274 0.00743101 185.025
52.06 4.87652e-05 0.000174976 0.00741836 185.04
52.07 4.86849e-05 0.000174678 0.00740572 185.054
52.08 4.86047e-05 0.000174381 0.00739311 185.068
52.09 4.85246e-05 0.000174084 0.00738052 185.083
52.1 4.84447e-05 0.000173788 0.00736795 185.097
52.11 4.83649e-05 0.000173492 0.0073554 185.112
52.12 4.82852e-05 0.000173197 0.00734287 185.126
52.13 4.82056e-05 0.000172902 0.00733037 185.141
52.14 4.81262e-05 0.000172608 0.00731789 185.155
52.15 4.8047e-05 0.000172314 0.00730543 185.17
52.16 4.79678e-05 0.000172021 0.00729299 185.184
52.17 4.78888e-05 0.000171728 0.00728057 185.199
52.18 4.78099e-05 0.000171436 0.00726817 185.213
52.19 4.77312e-05 0.000171145 0.0072558 185.228
52.2 4.76526e-05 0.000170853 0.00724344 185.242
52.21 4.75741e-05 0.000170563 0.00723111 185.257
52.22 4.74957e-05 0.000170273 0.0072188 185.271
52.23 4.74175e-05 0.000169983 0.00720651 185.286
52.24 4.73394e-05 0.000169694 0.00719424 185.3
52.25 4.72614e-05 0.000169405 0.00718199 185.315
52.26 4.71836e-05 0.000169117 0.00716976 185.329
52.27 4.71059e-05 0.000168829 0.00715756 185.344
52.28 4.70283e-05 0.000168542 0.00714537 185.358
52.29 4.69509e-05 0.000168255 0.00713321 185.373
52.3 4.68736e-05 0.000167969 0.00712107 185.387
52.31 4.67964e-05 0.000167684 0.00710894 185.402
52.32 4.67193e-05 0.000167398 0.00709684 185.416
52.33 4.66424e-05 0.000167114 0.00708476 185.43
52.34 4.65656e-05 0.000166829 0.0070727 185.445
52.35 4.64889e-05 0.000166546 0.00706067 185.459
52.36 4.64123e-05 0.000166262 0.00704865 185.474
52.37 4.63359e-05 0.00016598 0.00703665 185.488
52.38 4.62596e-05 0.000165697 0.00702467 185.503
52.39 4.61835e-05 0.000165416 0.00701272 185.517
52.4 4.61074e-05 0.000165134 0.00700078 185.532
52.41 4.60315e-05 0.000164854 0.00698887 185.546
52.42 4.59557e-05 0.000164573 0.00697698 185.561
52.43 4.58801e-05 0.000164293 0.0069651 185.575
52.44 4.58045e-05 0.000164014 0.00695325 185.59
52.45 4.57291e-05 0.000163735 0.00694142 185.604
52.46 4.56538e-05 0.000163457 0.00692961 185.619
52.47 4.55787e-05 0.000163179 0.00691781 185.633
52.48 4.55036e-05 0.000162901 0.00690604 185.647
52.49 4.54287e-05 0.000162624 0.00689429 185.662
52.5 4.5354e-05 0.000162348 0.00688256 185.676
52.51 4.52793e-05 0.000162072 0.00687085 185.691
52.52 4.52048e-05 0.000161796 0.00685916 185.705
52.53 4.51303e-05 0.000161521 0.00684749 185.72
52.54 4.50561e-05 0.000161247 0.00683584 185.734
52.55 4.49819e-05 0.000160973 0.00682421 185.749
52.56 4.49079e-05 0.000160699 0.0068126 185.763
52.57 4.48339e-05 0.000160426 0.00680101 185.778
52.58 4.47601e-05 0.000160153 0.00678944 185.792
52.59 4.46865e-05 0.000159881 0.00677789 185.806
52.6 4.46129e-05 0.000159609 0.00676636 185.821
52.61 4.45395e-05 0.000159338 0.00675485 185.835
52.62 4.44662e-05 0.000159067 0.00674336 185.85
52.63 4.4393e-05 0.000158797 0.00673189 185.864
52.64 4.432e-05 0.000158527 0.00672044 185.879
52.65 4.4247e-05 0.000158257 0.006709 185.893
52.66 4.41742e-05 0.000157988 0.00669759 185.908
52.67 4.41015e-05 0.00015772 0.0066862 185.922
52.68 4.40289e-05 0.000157452 0.00667483 185.936
52.69 4.39565e-05 0.000157184 0.00666348 185.951
52.7 4.38841e-05 0.000156917 0.00665214 185.965
52.71 4.38119e-05 0.00015665 0.00664083 185.98
52.72 4.37398e-05 0.000156384 0.00662954 185.994
52.73 4.36679e-05 0.000156118 0.00661826 186.009
52.74 4.3596e-05 0.000155853 0.00660701 186.023
52.75 4.35243e-05 0.000155588 0.00659577 186.038
52.76 4.34527e-05 0.000155324 0.00658455 186.052
52.77 4.33812e-05 0.00015506 0.00657336 186.066
52.78 4.33098e-05 0.000154797 0.00656218 186.081
52.79 4.32385e-05 0.000154534 0.00655102 186.095
52.8 4.31674e-05 0.000154271 0.00653988 186.11
52.81 4.30964e-05 0.000154009 0.00652876 186.124
52.82 4.30255e-05 0.000153747 0.00651766 186.139
52.83 4.29547e-05 0.000153486 0.00650658 186.153
52.84 4.2884e-05 0.000153225 0.00649552 186.168
52.85 4.28135e-05 0.000152965 0.00648447 186.182
52.86 4.2743e-05 0.000152705 0.00647345 186.196
52.87 4.26727e-05 0.000152446 0.00646244 186.211
52.88 4.26025e-05 0.000152187 0.00645146 186.225
52.89 4.25325e-05 0.000151928 0.00644049 186.24
52.9 4.24625e-05 0.00015167 0.00642954 186.254
52.91 4.23926e-05 0.000151412 0.00641861 186.269
52.92 4.23229e-05 0.000151155 0.0064077 186.283
52.93 4.22533e-05 0.000150899 0.0063968 186.297
52.94 4.21838e-05 0.000150642 0.00638593 186.312
52.95 4.21144e-05 0.000150386 0.00637508 186.326
52.96 4.20451e-05 0.000150131 0.00636424 186.341
52.97 4.1976e-05 0.000149876 0.00635342 186.355
52.98 4.19069e-05 0.000149621 0.00634262 186.37
52.99 4.1838e-05 0.000149367 0.00633184 186.384
53 4.17692e-05 0.000149114 0.00632108 186.398
53.01 4.17005e-05 0.00014886 0.00631034 186.413
53.02 4.16319e-05 0.000148608 0.00629961 186.427
53.03 4.15635e-05 0.000148355 0.00628891 186.442
53.04 4.14951e-05 0.000148103 0.00627822 186.456
53.05 4.14269e-05 0.000147852 0.00626755 186.471
53.06 4.13588e-05 0.000147601 0.0062569 186.485
53.07 4.12907e-05 0.00014735 0.00624626 186.499
53.08 4.12228e-05 0.0001471 0.00623565 186.514
53.09 4.11551e-05 0.00014685 0.00622505 186.528
53.1 4.10874e-05 0.000146601 0.00621448 186.543
53.11 4.10198e-05 0.000146352 0.00620392 186.557
53.12 4.09524e-05 0.000146103 0.00619337 186.572
53.13 4.0885e-05 0.000145855 0.00618285 186.586
53.14 4.08178e-05 0.000145608 0.00617235 186.6
53.15 4.07507e-05 0.000145361 0.00616186 186.615
53.16 4.06837e-05 0.000145114 0.00615139 186.629
53.17 4.06168e-05 0.000144867 0.00614094 186.644
53.18 4.055e-05 0.000144622 0.00613051 186.658
53.19 4.04834e-05 0.000144376 0.00612009 186.672
53.2 4.04168e-05 0.000144131 0.00610969 186.687
53.21 4.03504e-05 0.000143886 0.00609931 186.701
53.22 4.0284e-05 0.000143642 0.00608895 186.716
53.23 4.02178e-05 0.000143398 0.00607861 186.73
53.24 4.01517e-05 0.000143155 0.00606828 186.744
53.25 4.00857e-05 0.000142912 0.00605797 186.759
53.26 4.00198e-05 0.000142669 0.00604768 186.773
53.27 3.9954e-05 0.000142427 0.00603741 186.788
53.28 3.98883e-05 0.000142185 0.00602716 186.802
53.29 3.98227e-05 0.000141944 0.00601692 186.817
53.3 3.97573e-05 0.000141703 0.0060067 186.831
53.31 3.96919e-05 0.000141463 0.0059965 186.845
53.32 3.96267e-05 0.000141223 0.00598631 186.86
53.33 3.95616e-05 0.000140983 0.00597614 186.874
53.34 3.94965e-05 0.000140744 0.00596599 186.889
53.35 3.94316e-05 0.000140505 0.00595586 186.903
53.36 3.93668e-05 0.000140266 0.00594575 186.917
53.37 3.93021e-05 0.000140028 0.00593565 186.932
53.38 3.92375e-05 0.000139791 0.00592557 186.946
53.39 3.9173e-05 0.000139554 0.00591551 186.961
53.4 3.91086e-05 0.000139317 0.00590546 186.975
53.41 3.90444e-05 0.00013908 0.00589543 186.989
53.42 3.89802e-05 0.000138844 0.00588542 187.004
53.43 3.89162e-05 0.000138609 0.00587543 187.018
53.44 3.88522e-05 0.000138374 0.00586545 187.033
53.45 3.87884e-05 0.000138139 0.00585549 187.047
53.46 3.87246e-05 0.000137905 0.00584555 187.061
53.47 3.8661e-05 0.000137671 0.00583563 187.076
53.48 3.85975e-05 0.000137437 0.00582572 187.09
53.49 3.8534e-05 0.000137204 0.00581583 187.105
53.5 3.84707e-05 0.000136971 0.00580595 187.119
53.51 3.84075e-05 0.000136739 0.0057961 187.133
53.52 3.83444e-05 0.000136507 0.00578626 187.148
53.53 3.82814e-05 0.000136275 0.00577643 187.162
53.54 3.82185e-05 0.000136044 0.00576663 187.176
53.55 3.81557e-05 0.000135813 0.00575684 187.191
53.56 3.8093e-05 0.000135583 0.00574707 187.205
53.57 3.80304e-05 0.000135353 0.00573731 187.22
53.58 3.79679e-05 0.000135123 0.00572757 187.234
53.59 3.79056e-05 0.000134894 0.00571785 187.248
53.6 3.78433e-05 0.000134666 0.00570814 187.263
53.61 3.77811e-05 0.000134437 0.00569846 187.277
53.62 3.77191e-05 0.000134209 0.00568878 187.292
53.63 3.76571e-05 0.000133982 0.00567913 187.306
53.64 3.75952e-05 0.000133754 0.00566949 187.32
53.65 3.75335e-05 0.000133527 0.00565987 187.335
53.66 3.74718e-05 0.000133301 0.00565026 187.349
53.67 3.74103e-05 0.000133075 0.00564067 187.363
53.68 3.73488e-05 0.000132849 0.0056311 187.378
53.69 3.72875e-05 0.000132624 0.00562154 187.392
53.7 3.72262e-05 0.000132399 0.005612 187.407
53.71 3.71651e-05 0.000132175 0.00560248 187.421
53.72 3.7104e-05 0.000131951 0.00559297 187.435
53.73 3.70431e-05 0.000131727 0.00558348 187.45
53.74 3.69823e-05 0.000131503 0.00557401 187.464
53.75 3.69215e-05 0.000131281 0.00556455 187.479
53.76 3.68609e-05 0.000131058 0.00555511 187.493
53.77 3.68003e-05 0.000130836 0.00554568 187.507
53.78 3.67399e-05 0.000130614 0.00553627 187.522
53.79 3.66796e-05 0.000130392 0.00552688 187.536
53.8 3.66193e-05 0.000130171 0.0055175 187.55
53.81 3.65592e-05 0.000129951 0.00550814 187.565
53.82 3.64991e-05 0.00012973 0.0054988 187.579
53.83 3.64392e-05 0.000129511 0.00548947 187.593
53.84 3.63794e-05 0.000129291 0.00548016 187.608
53.85 3.63196e-05 0.000129072 0.00547086 187.622
53.86 3.626e-05 0.000128853 0.00546158 187.637
53.87 3.62005e-05 0.000128635 0.00545231 187.651
53.88 3.6141e-05 0.000128417 0.00544306 187.665
53.89 3.60817e-05 0.000128199 0.00543383 187.68
53.9 3.60224e-05 0.000127982 0.00542461 187.694
53.91 3.59633e-05 0.000127765 0.00541541 187.708
53.92 3.59042e-05 0.000127548 0.00540623 187.723
53.93 3.58453e-05 0.000127332 0.00539706 187.737
53.94 3.57864e-05 0.000127116 0.0053879 187.752
53.95 3.57277e-05 0.000126901 0.00537876 187.766
53.96 3.5669e-05 0.000126686 0.00536964 187.78
53.97 3.56105e-05 0.000126471 0.00536054 187.795
53.98 3.5552e-05 0.000126257 0.00535144 187.809
53.99 3.54936e-05 0.000126043 0.00534237 187.823
54 3.54354e-05 0.000125829 0.00533331 187.838
54.01 3.53772e-05 0.000125616 0.00532426 187.852
54.02 3.53191e-05 0.000125403 0.00531523 187.866
54.03 3.52611e-05 0.000125191 0.00530622 187.881
54.04 3.52033e-05 0.000124979 0.00529722 187.895
54.05 3.51455e-05 0.000124767 0.00528824 187.909
54.06 3.50878e-05 0.000124555 0.00527927 187.924
54.07 3.50302e-05 0.000124344 0.00527032 187.938
54.08 3.49727e-05 0.000124134 0.00526139 187.953
54.09 3.49153e-05 0.000123923 0.00525246 187.967
54.1 3.4858e-05 0.000123713 0.00524356 187.981
54.11 3.48008e-05 0.000123504 0.00523467 187.996
54.12 3.47436e-05 0.000123295 0.00522579 188.01
54.13 3.46866e-05 0.000123086 0.00521693 188.024
54.14 3.46297e-05 0.000122877 0.00520809 188.039
54.15 3.45729e-05 0.000122669 0.00519926 188.053
54.16 3.45161e-05 0.000122461 0.00519045 188.067
54.17 3.44595e-05 0.000122254 0.00518165 188.082
54.18 3.44029e-05 0.000122047 0.00517286 188.096
54.19 3.43465e-05 0.00012184 0.00516409 188.11
54.2 3.42901e-05 0.000121634 0.00515534 188.125
54.21 3.42338e-05 0.000121428 0.0051466 188.139
54.22 3.41776e-05 0.000121222 0.00513788 188.153
54.23 3.41216e-05 0.000121017 0.00512917 188.168
54.24 3.40656e-05 0.000120812 0.00512047 188.182
54.25 3.40097e-05 0.000120607 0.0051118 188.196
54.26 3.39539e-05 0.000120403 0.00510313 188.211
54.27 3.38982e-05 0.000120199 0.00509448 188.225
54.28 3.38425e-05 0.000119995 0.00508585 188.24
54.29 3.3787e-05 0.000119792 0.00507723 188.254
54.3 3.37316e-05 0.000119589 0.00506862 188.268
54.31 3.36762e-05 0.000119387 0.00506003 188.283
54.32 3.3621e-05 0.000119185 0.00505146 188.297
54.33 3.35658e-05 0.000118983 0.0050429 188.311
54.34 3.35107e-05 0.000118781 0.00503435 188.326
54.35 3.34558e-05 0.00011858 0.00502582 188.34
54.36 3.34009e-05 0.000118379 0.0050173 188.354
54.37 3.33461e-05 0.000118179 0.0050088 188.369
54.38 3.32914e-05 0.000117979 0.00500032 188.383
54.39 3.32368e-05 0.000117779 0.00499184 188.397
54.4 3.31822e-05 0.00011758 0.00498338 188.412
54.41 3.31278e-05 0.000117381 0.00497494 188.426
54.42 3.30735e-05 0.000117182 0.00496651 188.44
54.43 3.30192e-05 0.000116984 0.0049581 188.455
54.44 3.2965e-05 0.000116786 0.0049497 188.469
54.45 3.2911e-05 0.000116588 0.00494131 188.483
54.46 3.2857e-05 0.00011639 0.00493294 188.498
54.47 3.28031e-05 0.000116193 0.00492458 188.512
54.48 3.27493e-05 0.000115997 0.00491624 188.526
54.49 3.26956e-05 0.0001158 0.00490791 188.541
54.5 3.2642e-05 0.000115604 0.0048996 188.555
54.51 3.25884e-05 0.000115409 0.0048913 188.569
54.52 3.2535e-05 0.000115213 0.00488301 188.584
54.53 3.24816e-05 0.000115018 0.00487474 188.598
54.54 3.24283e-05 0.000114824 0.00486648 188.612
54.55 3.23752e-05 0.000114629 0.00485824 188.626
54.56 3.23221e-05 0.000114435 0.00485001 188.641
54.57 3.22691e-05 0.000114242 0.0048418 188.655
54.58 3.22161e-05 0.000114048 0.0048336 188.669
54.59 3.21633e-05 0.000113855 0.00482541 188.684
54.6 3.21106e-05 0.000113663 0.00481724 188.698
54.61 3.20579e-05 0.00011347 0.00480908 188.712
54.62 3.20053e-05 0.000113278 0.00480093 188.727
54.63 3.19529e-05 0.000113087 0.0047928 188.741
54.64 3.19005e-05 0.000112895 0.00478469 188.755
54.65 3.18482e-05 0.000112704 0.00477658 188.77
54.66 3.17959e-05 0.000112513 0.00476849 188.784
54.67 3.17438e-05 0.000112323 0.00476042 188.798
54.68 3.16918e-05 0.000112133 0.00475236 188.813
54.69 3.16398e-05 0.000111943 0.00474431 188.827
54.7 3.15879e-05 0.000111754 0.00473628 188.841
54.71 3.15361e-05 0.000111565 0.00472826 188.856
54.72 3.14844e-05 0.000111376 0.00472025 188.87
54.73 3.14328e-05 0.000111188 0.00471226 188.884
54.74 3.13813e-05 0.000111 0.00470428 188.898
54.75 3.13298e-05 0.000110812 0.00469632 188.913
54.76 3.12785e-05 0.000110624 0.00468837 188.927
54.77 3.12272e-05 0.000110437 0.00468043 188.941
54.78 3.1176e-05 0.00011025 0.0046725 188.956
54.79 3.11249e-05 0.000110064 0.00466459 188.97
54.8 3.10739e-05 0.000109878 0.0046567 188.984
54.81 3.10229e-05 0.000109692 0.00464881 188.999
54.82 3.09721e-05 0.000109506 0.00464094 189.013
54.83 3.09213e-05 0.000109321 0.00463309 189.027
54.84 3.08706e-05 0.000109136 0.00462525 189.042
54.85 3.082e-05 0.000108952 0.00461742 189.056
54.86 3.07695e-05 0.000108767 0.0046096 189.07
54.87 3.07191e-05 0.000108583 0.0046018 189.084
54.88 3.06687e-05 0.0001084 0.00459401 189.099
54.89 3.06185e-05 0.000108216 0.00458623 189.113
54.9 3.05683e-05 0.000108033 0.00457847 189.127
54.91 3.05182e-05 0.000107851 0.00457072 189.142
54.92 3.04682e-05 0.000107668 0.00456299 189.156
54.93 3.04182e-05 0.000107486 0.00455526 189.17
54.94 3.03684e-05 0.000107304 0.00454755 189.185
54.95 3.03186e-05 0.000107123 0.00453986 189.199
54.96 3.02689e-05 0.000106942 0.00453218 189.213
54.97 3.02193e-05 0.000106761 0.00452451 189.227
54.98 3.01698e-05 0.00010658 0.00451685 189.242
54.99 3.01204e-05 0.0001064 0.00450921 189.256
55 3.0071e-05 0.00010622 0.00450158 189.27
55.01 3.00217e-05 0.000106041 0.00449396 189.285
55.02 2.99725e-05 0.000105861 0.00448635 189.299
55.03 2.99234e-05 0.000105682 0.00447876 189.313
55.04 2.98744e-05 0.000105504 0.00447118 189.328
55.05 2.98254e-05 0.000105325 0.00446362 189.342
55.06 2.97766e-05 0.000105147 0.00445607 189.356
55.07 2.97278e-05 0.00010497 0.00444853 189.37
55.08 2.96791e-05 0.000104792 0.004441 189.385
55.09 2.96305e-05 0.000104615 0.00443349 189.399
55.1 2.95819e-05 0.000104438 0.00442599 189.413
55.11 2.95334e-05 0.000104262 0.0044185 189.428
55.12 2.94851e-05 0.000104085 0.00441102 189.442
55.13 2.94367e-05 0.000103909 0.00440356 189.456
55.14 2.93885e-05 0.000103734 0.00439611 189.47
55.15 2.93404e-05 0.000103558 0.00438868 189.485
55.16 2.92923e-05 0.000103383 0.00438125 189.499
55.17 2.92443e-05 0.000103209 0.00437384 189.513
55.18 2.91964e-05 0.000103034 0.00436644 189.528
55.19 2.91486e-05 0.00010286 0.00435906 189.542
55.2 2.91008e-05 0.000102686 0.00435169 189.556
55.21 2.90532e-05 0.000102513 0.00434432 189.57
55.22 2.90056e-05 0.000102339 0.00433698 189.585
55.23 2.89581e-05 0.000102166 0.00432964 189.599
55.24 2.89106e-05 0.000101994 0.00432232 189.613
55.25 2.88633e-05 0.000101821 0.00431501 189.627
55.26 2.8816e-05 0.000101649 0.00430771 189.642
55.27 2.87688e-05 0.000101478 0.00430043 189.656
55.28 2.87217e-05 0.000101306 0.00429315 189.67
55.29 2.86747e-05 0.000101135 0.00428589 189.685
55.3 2.86277e-05 0.000100964 0.00427865 189.699
55.31 2.85808e-05 0.000100793 0.00427141 189.713
55.32 2.8534e-05 0.000100623 0.00426419 189.727
55.33 2.84873e-05 0.000100453 0.00425698 189.742
55.34 2.84406e-05 0.000100283 0.00424978 189.756
55.35 2.83941e-05 0.000100114 0.00424259 189.77
55.36 2.83476e-05 9.99448e-05 0.00423542 189.784
55.37 2.83011e-05 9.9776e-05 0.00422826 189.799
55.38 2.82548e-05 9.96074e-05 0.00422111 189.813
55.39 2.82085e-05 9.94391e-05 0.00421397 189.827
55.4 2.81623e-05 9.92711e-05 0.00420685 189.842
55.41 2.81162e-05 9.91034e-05 0.00419974 189.856
55.42 2.80702e-05 9.8936e-05 0.00419264 189.87
55.43 2.80242e-05 9.87689e-05 0.00418555 189.884
55.44 2.79783e-05 9.8602e-05 0.00417847 189.899
55.45 2.79325e-05 9.84355e-05 0.00417141 189.913
55.46 2.78868e-05 9.82692e-05 0.00416436 189.927
55.47 2.78411e-05 9.81032e-05 0.00415732 189.941
55.48 2.77955e-05 9.79375e-05 0.00415029 189.956
55.49 2.775e-05 9.77721e-05 0.00414327 189.97
55.5 2.77046e-05 9.7607e-05 0.00413627 189.984
55.51 2.76593e-05 9.74421e-05 0.00412928 189.998
55.52 2.7614e-05 9.72775e-05 0.0041223 190.013
55.53 2.75688e-05 9.71133e-05 0.00411533 190.027
55.54 2.75236e-05 9.69492e-05 0.00410838 190.041
55.55 2.74786e-05 9.67855e-05 0.00410143 190.055
55.56 2.74336e-05 9.66221e-05 0.0040945 190.07
55.57 2.73887e-05 9.64589e-05 0.00408758 190.084
55.58 2.73439e-05 9.6296e-05 0.00408067 190.098
55.59 2.72991e-05 9.61334e-05 0.00407378 190.113
55.6 2.72544e-05 9.59711e-05 0.00406689 190.127
55.61 2.72098e-05 9.5809e-05 0.00406002 190.141
55.62 2.71653e-05 9.56472e-05 0.00405316 190.155
55.63 2.71208e-05 9.54857e-05 0.00404631 190.17
55.64 2.70764e-05 9.53245e-05 0.00403947 190.184
55.65 2.70321e-05 9.51636e-05 0.00403265 190.198
55.66 2.69878e-05 9.50029e-05 0.00402583 190.212
55.67 2.69437e-05 9.48425e-05 0.00401903 190.227
55.68 2.68996e-05 9.46824e-05 0.00401224 190.241
55.69 2.68556e-05 9.45225e-05 0.00400546 190.255
55.7 2.68116e-05 9.43629e-05 0.00399869 190.269
55.71 2.67677e-05 9.42036e-05 0.00399194 190.284
55.72 2.67239e-05 9.40446e-05 0.00398519 190.298
55.73 2.66802e-05 9.38858e-05 0.00397846 190.312
55.74 2.66365e-05 9.37273e-05 0.00397174 190.326
55.75 2.65929e-05 9.35691e-05 0.00396503 190.341
55.76 2.65494e-05 9.34112e-05 0.00395833 190.355
55.77 2.6506e-05 9.32535e-05 0.00395164 190.369
55.78 2.64626e-05 9.30961e-05 0.00394497 190.383
55.79 2.64193e-05 9.29389e-05 0.0039383 190.397
55.8 2.63761e-05 9.27821e-05 0.00393165 190.412
55.81 2.63329e-05 9.26255e-05 0.00392501 190.426
55.82 2.62898e-05 9.24691e-05 0.00391838 190.44
55.83 2.62468e-05 9.23131e-05 0.00391176 190.454
55.84 2.62039e-05 9.21573e-05 0.00390515 190.469
55.85 2.6161e-05 9.20017e-05 0.00389856 190.483
55.86 2.61182e-05 9.18465e-05 0.00389197 190.497
55.87 2.60755e-05 9.16915e-05 0.0038854 190.511
55.88 2.60328e-05 9.15367e-05 0.00387884 190.526
55.89 2.59902e-05 9.13822e-05 0.00387229 190.54
55.9 2.59477e-05 9.1228e-05 0.00386575 190.554
55.91 2.59052e-05 9.10741e-05 0.00385922 190.568
55.92 2.58629e-05 9.09204e-05 0.0038527 190.583
55.93 2.58205e-05 9.0767e-05 0.00384619 190.597
55.94 2.57783e-05 9.06138e-05 0.0038397 190.611
55.95 2.57361e-05 9.04609e-05 0.00383322 190.625
55.96 2.5694e-05 9.03083e-05 0.00382674 190.64
55.97 2.5652e-05 9.01559e-05 0.00382028 190.654
55.98 2.561e-05 9.00038e-05 0.00381383 190.668
55.99 2.55682e-05 8.98519e-05 0.00380739 190.682
56 2.55263e-05 8.97004e-05 0.00380096 190.696
56.01 2.54846e-05 8.9549e-05 0.00379454 190.711
56.02 2.54429e-05 8.93979e-05 0.00378814 190.725
56.03 2.54013e-05 8.92471e-05 0.00378174 190.739
56.04 2.53597e-05 8.90966e-05 0.00377536 190.753
56.05 2.53183e-05 8.89463e-05 0.00376898 190.768
56.06 2.52769e-05 8.87962e-05 0.00376262 190.782
56.07 2.52355e-05 8.86464e-05 0.00375627 190.796
56.08 2.51942e-05 8.84969e-05 0.00374993 190.81
56.09 2.5153e-05 8.83476e-05 0.0037436 190.824
56.1 2.51119e-05 8.81986e-05 0.00373728 190.839
56.11 2.50708e-05 8.80498e-05 0.00373097 190.853
56.12 2.50298e-05 8.79013e-05 0.00372467 190.867
56.13 2.49889e-05 8.7753e-05 0.00371838 190.881
56.14 2.4948e-05 8.7605e-05 0.00371211 190.896
56.15 2.49072e-05 8.74573e-05 0.00370584 190.91
56.16 2.48665e-05 8.73098e-05 0.00369958 190.924
56.17 2.48259e-05 8.71625e-05 0.00369334 190.938
56.18 2.47853e-05 8.70155e-05 0.00368711 190.952
56.19 2.47447e-05 8.68688e-05 0.00368088 190.967
56.2 2.47043e-05 8.67223e-05 0.00367467 190.981
56.21 2.46639e-05 8.6576e-05 0.00366847 190.995
56.22 2.46235e-05 8.643e-05 0.00366228 191.009
56.23 2.45833e-05 8.62843e-05 0.0036561 191.023
56.24 2.45431e-05 8.61388e-05 0.00364993 191.038
56.25 2.4503e-05 8.59935e-05 0.00364377 191.052
56.26 2.44629e-05 8.58485e-05 0.00363762 191.066
56.27 2.44229e-05 8.57038e-05 0.00363148 191.08
56.28 2.4383e-05 8.55593e-05 0.00362535 191.095
56.29 2.43431e-05 8.5415e-05 0.00361923 191.109
56.3 2.43033e-05 8.5271e-05 0.00361313 191.123
56.31 2.42636e-05 8.51272e-05 0.00360703 191.137
56.32 2.42239e-05 8.49837e-05 0.00360095 191.151
56.33 2.41843e-05 8.48404e-05 0.00359487 191.166
56.34 2.41448e-05 8.46974e-05 0.0035888 191.18
56.35 2.41053e-05 8.45546e-05 0.00358275 191.194
56.36 2.40659e-05 8.4412e-05 0.0035767 191.208
56.37 2.40266e-05 8.42697e-05 0.00357067 191.222
56.38 2.39873e-05 8.41277e-05 0.00356465 191.237
56.39 2.39481e-05 8.39859e-05 0.00355863 191.251
56.4 2.3909e-05 8.38443e-05 0.00355263 191.265
56.41 2.38699e-05 8.3703e-05 0.00354664 191.279
56.42 2.38309e-05 8.35619e-05 0.00354065 191.293
56.43 2.37919e-05 8.3421e-05 0.00353468 191.308
56.44 2.3753e-05 8.32804e-05 0.00352872 191.322
56.45 2.37142e-05 8.314e-05 0.00352276 191.336
56.46 2.36755e-05 8.29999e-05 0.00351682 191.35
56.47 2.36368e-05 8.286e-05 0.00351089 191.364
56.48 2.35981e-05 8.27204e-05 0.00350497 191.379
56.49 2.35596e-05 8.25809e-05 0.00349906 191.393
56.5 2.35211e-05 8.24418e-05 0.00349316 191.407
56.51 2.34826e-05 8.23028e-05 0.00348726 191.421
56.52 2.34443e-05 8.21641e-05 0.00348138 191.435
56.53 2.34059e-05 8.20257e-05 0.00347551 191.45
56.54 2.33677e-05 8.18874e-05 0.00346965 191.464
56.55 2.33295e-05 8.17494e-05 0.0034638 191.478
56.56 2.32914e-05 8.16117e-05 0.00345796 191.492
56.57 2.32533e-05 8.14742e-05 0.00345212 191.506
56.58 2.32153e-05 8.13369e-05 0.0034463 191.521
56.59 2.31774e-05 8.11998e-05 0.00344049 191.535
56.6 2.31395e-05 8.1063e-05 0.00343469 191.549
56.61 2.31017e-05 8.09264e-05 0.0034289 191.563
56.62 2.3064e-05 8.07901e-05 0.00342312 191.577
56.63 2.30263e-05 8.06539e-05 0.00341734 191.591
56.64 2.29887e-05 8.05181e-05 0.00341158 191.606
56.65 2.29511e-05 8.03824e-05 0.00340583 191.62
56.66 2.29136e-05 8.0247e-05 0.00340009 191.634
56.67 2.28762e-05 8.01118e-05 0.00339436 191.648
56.68 2.28388e-05 7.99768e-05 0.00338863 191.662
56.69 2.28015e-05 7.98421e-05 0.00338292 191.677
56.7 2.27643e-05 7.97076e-05 0.00337722 191.691
56.71 2.27271e-05 7.95733e-05 0.00337152 191.705
56.72 2.26899e-05 7.94393e-05 0.00336584 191.719
56.73 2.26529e-05 7.93055e-05 0.00336016 191.733
56.74 2.26159e-05 7.91719e-05 0.0033545 191.747
56.75 2.25789e-05 7.90385e-05 0.00334885 191.762
56.76 2.2542e-05 7.89054e-05 0.0033432 191.776
56.77 2.25052e-05 7.87725e-05 0.00333756 191.79
56.78 2.24685e-05 7.86398e-05 0.00333194 191.804
56.79 2.24318e-05 7.85073e-05 0.00332632 191.818
56.8 2.23951e-05 7.83751e-05 0.00332072 191.833
56.81 2.23586e-05 7.82431e-05 0.00331512 191.847
56.82 2.2322e-05 7.81113e-05 0.00330953 191.861
56.83 2.22856e-05 7.79798e-05 0.00330395 191.875
56.84 2.22492e-05 7.78485e-05 0.00329838 191.889
56.85 2.22128e-05 7.77174e-05 0.00329283 191.903
56.86 2.21766e-05 7.75865e-05 0.00328728 191.918
56.87 2.21403e-05 7.74558e-05 0.00328174 191.932
56.88 2.21042e-05 7.73254e-05 0.00327621 191.946
56.89 2.20681e-05 7.71952e-05 0.00327068 191.96
56.9 2.20321e-05 7.70652e-05 0.00326517 191.974
56.91 2.19961e-05 7.69354e-05 0.00325967 191.988
56.92 2.19602e-05 7.68059e-05 0.00325418 192.003
56.93 2.19243e-05 7.66766e-05 0.00324869 192.017
56.94 2.18885e-05 7.65475e-05 0.00324322 192.031
56.95 2.18528e-05 7.64186e-05 0.00323775 192.045
56.96 2.18171e-05 7.62899e-05 0.0032323 192.059
56.97 2.17814e-05 7.61615e-05 0.00322685 192.073
56.98 2.17459e-05 7.60333e-05 0.00322142 192.088
56.99 2.17104e-05 7.59052e-05 0.00321599 192.102
57 2.16749e-05 7.57775e-05 0.00321057 192.116
57.01 2.16395e-05 7.56499e-05 0.00320516 192.13
57.02 2.16042e-05 7.55225e-05 0.00319976 192.144
57.03 2.15689e-05 7.53954e-05 0.00319437 192.158
57.04 2.15337e-05 7.52685e-05 0.00318899 192.173
57.05 2.14986e-05 7.51418e-05 0.00318362 192.187
57.06 2.14635e-05 7.50153e-05 0.00317825 192.201
57.07 2.14284e-05 7.4889e-05 0.0031729 192.215
57.08 2.13934e-05 7.4763e-05 0.00316755 192.229
57.09 2.13585e-05 7.46371e-05 0.00316222 192.243
57.1 2.13237e-05 7.45115e-05 0.00315689 192.258
57.11 2.12888e-05 7.43861e-05 0.00315157 192.272
57.12 2.12541e-05 7.42609e-05 0.00314627 192.286
57.13 2.12194e-05 7.41359e-05 0.00314097 192.3
57.14 2.11848e-05 7.40111e-05 0.00313568 192.314
57.15 2.11502e-05 7.38866e-05 0.00313039 192.328
57.16 2.11157e-05 7.37622e-05 0.00312512 192.342
57.17 2.10812e-05 7.36381e-05 0.00311986 192.357
57.18 2.10468e-05 7.35142e-05 0.0031146 192.371
57.19 2.10124e-05 7.33905e-05 0.00310936 192.385
57.2 2.09781e-05 7.3267e-05 0.00310412 192.399
57.21 2.09439e-05 7.31437e-05 0.0030989 192.413
57.22 2.09097e-05 7.30206e-05 0.00309368 192.427
57.23 2.08756e-05 7.28977e-05 0.00308847 192.442
57.24 2.08415e-05 7.27751e-05 0.00308327 192.456
57.25 2.08075e-05 7.26526e-05 0.00307807 192.47
57.26 2.07735e-05 7.25304e-05 0.00307289 192.484
57.27 2.07396e-05 7.24083e-05 0.00306772 192.498
57.28 2.07058e-05 7.22865e-05 0.00306255 192.512
57.29 2.0672e-05 7.21649e-05 0.00305739 192.526
57.3 2.06383e-05 7.20435e-05 0.00305225 192.541
57.31 2.06046e-05 7.19223e-05 0.00304711 192.555
57.32 2.0571e-05 7.18013e-05 0.00304198 192.569
57.33 2.05374e-05 7.16805e-05 0.00303686 192.583
57.34 2.05039e-05 7.15599e-05 0.00303174 192.597
57.35 2.04704e-05 7.14395e-05 0.00302664 192.611
57.36 2.0437e-05 7.13193e-05 0.00302154 192.625
57.37 2.04037e-05 7.11994e-05 0.00301646 192.64
57.38 2.03704e-05 7.10796e-05 0.00301138 192.654
57.39 2.03372e-05 7.096e-05 0.00300631 192.668
57.4 2.0304e-05 7.08407e-05 0.00300125 192.682
57.41 2.02709e-05 7.07215e-05 0.0029962 192.696
57.42 2.02378e-05 7.06026e-05 0.00299115 192.71
57.43 2.02048e-05 7.04838e-05 0.00298612 192.724
57.44 2.01718e-05 7.03653e-05 0.00298109 192.738
57.45 2.01389e-05 7.02469e-05 0.00297607 192.753
57.46 2.0106e-05 7.01288e-05 0.00297107 192.767
57.47 2.00732e-05 7.00108e-05 0.00296606 192.781
57.48 2.00405e-05 6.98931e-05 0.00296107 192.795
57.49 2.00078e-05 6.97755e-05 0.00295609 192.809
57.5 1.99752e-05 6.96582e-05 0.00295111 192.823
57.51 1.99426e-05 6.95411e-05 0.00294615 192.837
57.52 1.991e-05 6.94241e-05 0.00294119 192.852
57.53 1.98776e-05 6.93074e-05 0.00293624 192.866
57.54 1.98451e-05 6.91908e-05 0.0029313 192.88
57.55 1.98128e-05 6.90745e-05 0.00292637 192.894
57.56 1.97805e-05 6.89583e-05 0.00292144 192.908
57.57 1.97482e-05 6.88424e-05 0.00291652 192.922
57.58 1.9716e-05 6.87266e-05 0.00291162 192.936
57.59 1.96838e-05 6.86111e-05 0.00290672 192.95
57.6 1.96517e-05 6.84957e-05 0.00290183 192.965
57.61 1.96197e-05 6.83806e-05 0.00289694 192.979
57.62 1.95877e-05 6.82656e-05 0.00289207 192.993
57.63 1.95557e-05 6.81508e-05 0.0028872 193.007
57.64 1.95238e-05 6.80363e-05 0.00288235 193.021
57.65 1.9492e-05 6.79219e-05 0.0028775 193.035
57.66 1.94602e-05 6.78077e-05 0.00287266 193.049
57.67 1.94285e-05 6.76937e-05 0.00286782 193.063
57.68 1.93968e-05 6.75799e-05 0.002863 193.077
57.69 1.93652e-05 6.74663e-05 0.00285818 193.092
57.7 1.93336e-05 6.73529e-05 0.00285337 193.106
57.71 1.93021e-05 6.72397e-05 0.00284857 193.12
57.72 1.92706e-05 6.71266e-05 0.00284378 193.134
57.73 1.92392e-05 6.70138e-05 0.002839 193.148
57.74 1.92078e-05 6.69012e-05 0.00283422 193.162
57.75 1.91765e-05 6.67887e-05 0.00282945 193.176
57.76 1.91452e-05 6.66765e-05 0.00282469 193.19
57.77 1.9114e-05 6.65644e-05 0.00281994 193.205
57.78 1.90828e-05 6.64525e-05 0.0028152 193.219
57.79 1.90517e-05 6.63408e-05 0.00281047 193.233
57.8 1.90206e-05 6.62294e-05 0.00280574 193.247
57.81 1.89896e-05 6.6118e-05 0.00280102 193.261
57.82 1.89587e-05 6.60069e-05 0.00279631 193.275
57.83 1.89278e-05 6.5896e-05 0.00279161 193.289
57.84 1.88969e-05 6.57853e-05 0.00278691 193.303
57.85 1.88661e-05 6.56747e-05 0.00278222 193.317
57.86 1.88353e-05 6.55644e-05 0.00277755 193.332
57.87 1.88046e-05 6.54542e-05 0.00277287 193.346
57.88 1.8774e-05 6.53442e-05 0.00276821 193.36
57.89 1.87434e-05 6.52344e-05 0.00276356 193.374
57.9 1.87128e-05 6.51248e-05 0.00275891 193.388
57.91 1.86823e-05 6.50154e-05 0.00275427 193.402
57.92 1.86519e-05 6.49061e-05 0.00274964 193.416
57.93 1.86215e-05 6.47971e-05 0.00274502 193.43
57.94 1.85911e-05 6.46882e-05 0.0027404 193.444
57.95 1.85608e-05 6.45795e-05 0.00273579 193.458
57.96 1.85306e-05 6.4471e-05 0.00273119 193.473
57.97 1.85004e-05 6.43627e-05 0.0027266 193.487
57.98 1.84702e-05 6.42546e-05 0.00272202 193.501
57.99 1.84401e-05 6.41467e-05 0.00271744 193.515
58 1.841e-05 6.40389e-05 0.00271287 193.529
58.01 1.838e-05 6.39313e-05 0.00270831 193.543
58.02 1.83501e-05 6.38239e-05 0.00270376 193.557
58.03 1.83202e-05 6.37167e-05 0.00269921 193.571
58.04 1.82903e-05 6.36097e-05 0.00269467 193.585
58.05 1.82605e-05 6.35028e-05 0.00269014 193.599
58.06 1.82308e-05 6.33962e-05 0.00268562 193.614
58.07 1.8201e-05 6.32897e-05 0.00268111 193.628
58.08 1.81714e-05 6.31834e-05 0.0026766 193.642
58.09 1.81418e-05 6.30773e-05 0.0026721 193.656
58.1 1.81122e-05 6.29713e-05 0.00266761 193.67
58.11 1.80827e-05 6.28656e-05 0.00266313 193.684
58.12 1.80532e-05 6.276e-05 0.00265865 193.698
58.13 1.80238e-05 6.26546e-05 0.00265418 193.712
58.14 1.79945e-05 6.25494e-05 0.00264972 193.726
58.15 1.79651e-05 6.24443e-05 0.00264527 193.74
58.16 1.79359e-05 6.23395e-05 0.00264082 193.754
58.17 1.79066e-05 6.22348e-05 0.00263639 193.769
58.18 1.78775e-05 6.21303e-05 0.00263195 193.783
58.19 1.78483e-05 6.20259e-05 0.00262753 193.797
58.2 1.78193e-05 6.19218e-05 0.00262312 193.811
58.21 1.77902e-05 6.18178e-05 0.00261871 193.825
58.22 1.77612e-05 6.1714e-05 0.00261431 193.839
58.23 1.77323e-05 6.16104e-05 0.00260991 193.853
58.24 1.77034e-05 6.15069e-05 0.00260553 193.867
58.25 1.76746e-05 6.14037e-05 0.00260115 193.881
58.26 1.76458e-05 6.13006e-05 0.00259678 193.895
58.27 1.7617e-05 6.11977e-05 0.00259242 193.909
58.28 1.75883e-05 6.10949e-05 0.00258806 193.923
58.29 1.75597e-05 6.09923e-05 0.00258371 193.938
58.3 1.75311e-05 6.08899e-05 0.00257937 193.952
58.31 1.75025e-05 6.07877e-05 0.00257504 193.966
58.32 1.7474e-05 6.06857e-05 0.00257071 193.98
58.33 1.74456e-05 6.05838e-05 0.00256639 193.994
58.34 1.74171e-05 6.04821e-05 0.00256208 194.008
58.35 1.73888e-05 6.03806e-05 0.00255778 194.022
58.36 1.73604e-05 6.02792e-05 0.00255348 194.036
58.37 1.73322e-05 6.0178e-05 0.00254919 194.05
58.38 1.73039e-05 6.0077e-05 0.00254491 194.064
58.39 1.72758e-05 5.99762e-05 0.00254063 194.078
58.4 1.72476e-05 5.98755e-05 0.00253637 194.092
58.41 1.72195e-05 5.9775e-05 0.00253211 194.106
58.42 1.71915e-05 5.96747e-05 0.00252785 194.12
58.43 1.71635e-05 5.95745e-05 0.00252361 194.135
58.44 1.71355e-05 5.94746e-05 0.00251937 194.149
58.45 1.71076e-05 5.93747e-05 0.00251514 194.163
58.46 1.70798e-05 5.92751e-05 0.00251091 194.177
58.47 1.7052e-05 5.91756e-05 0.0025067 194.191
58.48 1.70242e-05 5.90763e-05 0.00250249 194.205
58.49 1.69965e-05 5.89772e-05 0.00249828 194.219
58.5 1.69688e-05 5.88782e-05 0.00249409 194.233
58.51 1.69412e-05 5.87794e-05 0.0024899 194.247
58.52 1.69136e-05 5.86808e-05 0.00248572 194.261
58.53 1.6886e-05 5.85823e-05 0.00248154 194.275
58.54 1.68585e-05 5.8484e-05 0.00247738 194.289
58.55 1.68311e-05 5.83859e-05 0.00247322 194.303
58.56 1.68037e-05 5.82879e-05 0.00246906 194.317
58.57 1.67763e-05 5.81901e-05 0.00246492 194.331
58.58 1.6749e-05 5.80925e-05 0.00246078 194.346
58.59 1.67218e-05 5.7995e-05 0.00245665 194.36
58.6 1.66945e-05 5.78977e-05 0.00245252 194.374
58.61 1.66674e-05 5.78006e-05 0.0024484 194.388
58.62 1.66402e-05 5.77036e-05 0.00244429 194.402
58.63 1.66131e-05 5.76068e-05 0.00244019 194.416
58.64 1.65861e-05 5.75102e-05 0.00243609 194.43
58.65 1.65591e-05 5.74137e-05 0.002432 194.444
58.66 1.65321e-05 5.73174e-05 0.00242792 194.458
58.67 1.65052e-05 5.72212e-05 0.00242384 194.472
58.68 1.64783e-05 5.71252e-05 0.00241978 194.486
58.69 1.64515e-05 5.70294e-05 0.00241571 194.5
58.7 1.64247e-05 5.69337e-05 0.00241166 194.514
58.71 1.6398e-05 5.68382e-05 0.00240761 194.528
58.72 1.63713e-05 5.67429e-05 0.00240357 194.542
58.73 1.63447e-05 5.66477e-05 0.00239953 194.556
58.74 1.63181e-05 5.65527e-05 0.00239551 194.57
58.75 1.62915e-05 5.64579e-05 0.00239148 194.584
58.76 1.6265e-05 5.63632e-05 0.00238747 194.599
58.77 1.62385e-05 5.62687e-05 0.00238346 194.613
58.78 1.62121e-05 5.61743e-05 0.00237946 194.627
58.79 1.61857e-05 5.60801e-05 0.00237547 194.641
58.8 1.61594e-05 5.5986e-05 0.00237148 194.655
58.81 1.61331e-05 5.58921e-05 0.0023675 194.669
58.82 1.61068e-05 5.57984e-05 0.00236353 194.683
58.83 1.60806e-05 5.57048e-05 0.00235956 194.697
58.84 1.60544e-05 5.56114e-05 0.0023556 194.711
58.85 1.60283e-05 5.55182e-05 0.00235165 194.725
58.86 1.60022e-05 5.54251e-05 0.0023477 194.739
58.87 1.59762e-05 5.53322e-05 0.00234376 194.753
58.88 1.59502e-05 5.52394e-05 0.00233983 194.767
58.89 1.59242e-05 5.51468e-05 0.00233591 194.781
58.9 1.58983e-05 5.50543e-05 0.00233199 194.795
58.91 1.58724e-05 5.4962e-05 0.00232807 194.809
58.92 1.58466e-05 5.48698e-05 0.00232417 194.823
58.93 1.58208e-05 5.47778e-05 0.00232027 194.837
58.94 1.57951e-05 5.4686e-05 0.00231637 194.851
58.95 1.57694e-05 5.45943e-05 0.00231249 194.865
58.96 1.57437e-05 5.45028e-05 0.00230861 194.879
58.97 1.57181e-05 5.44114e-05 0.00230473 194.893
58.98 1.56925e-05 5.43202e-05 0.00230087 194.907
58.99 1.5667e-05 5.42292e-05 0.00229701 194.921
59 1.56415e-05 5.41383e-05 0.00229315 194.935
59.01 1.56161e-05 5.40475e-05 0.00228931 194.95
59.02 1.55907e-05 5.39569e-05 0.00228547 194.964
59.03 1.55653e-05 5.38665e-05 0.00228163 194.978
59.04 1.554e-05 5.37762e-05 0.00227781 194.992
59.05 1.55147e-05 5.3686e-05 0.00227399 195.006
59.06 1.54895e-05 5.35961e-05 0.00227017 195.02
59.07 1.54643e-05 5.35062e-05 0.00226636 195.034
59.08 1.54391e-05 5.34165e-05 0.00226256 195.048
59.09 1.5414e-05 5.3327e-05 0.00225877 195.062
59.1 1.53889e-05 5.32376e-05 0.00225498 195.076
59.11 1.53639e-05 5.31484e-05 0.0022512 195.09
59.12 1.53389e-05 5.30593e-05 0.00224742 195.104
59.13 1.5314e-05 5.29704e-05 0.00224365 195.118
59.14 1.52891e-05 5.28817e-05 0.00223989 195.132
59.15 1.52642e-05 5.2793e-05 0.00223613 195.146
59.16 1.52394e-05 5.27046e-05 0.00223238 195.16
59.17 1.52146e-05 5.26163e-05 0.00222864 195.174
59.18 1.51898e-05 5.25281e-05 0.0022249 195.188
59.19 1.51651e-05 5.24401e-05 0.00222117 195.202
59.2 1.51405e-05 5.23522e-05 0.00221745 195.216
59.21 1.51158e-05 5.22645e-05 0.00221373 195.23
59.22 1.50913e-05 5.21769e-05 0.00221001 195.244
59.23 1.50667e-05 5.20895e-05 0.00220631 195.258
59.24 1.50422e-05 5.20022e-05 0.00220261 195.272
59.25 1.50178e-05 5.19151e-05 0.00219892 195.286
59.26 1.49933e-05 5.18281e-05 0.00219523 195.3
59.27 1.4969e-05 5.17413e-05 0.00219155 195.314
59.28 1.49446e-05 5.16546e-05 0.00218787 195.328
59.29 1.49203e-05 5.15681e-05 0.00218421 195.342
59.3 1.4896e-05 5.14817e-05 0.00218054 195.356
59.31 1.48718e-05 5.13954e-05 0.00217689 195.37
59.32 1.48476e-05 5.13093e-05 0.00217324 195.384
59.33 1.48235e-05 5.12234e-05 0.0021696 195.398
59.34 1.47994e-05 5.11376e-05 0.00216596 195.412
59.35 1.47753e-05 5.10519e-05 0.00216233 195.426
59.36 1.47513e-05 5.09664e-05 0.0021587 195.44
59.37 1.47273e-05 5.0881e-05 0.00215508 195.454
59.38 1.47034e-05 5.07958e-05 0.00215147 195.468
59.39 1.46795e-05 5.07107e-05 0.00214787 195.482
59.4 1.46556e-05 5.06258e-05 0.00214427 195.496
59.41 1.46318e-05 5.0541e-05 0.00214067 195.51
59.42 1.4608e-05 5.04564e-05 0.00213708 195.524
59.43 1.45843e-05 5.03719e-05 0.0021335 195.538
59.44 1.45606e-05 5.02875e-05 0.00212993 195.552
59.45 1.45369e-05 5.02033e-05 0.00212636 195.566
59.46 1.45133e-05 5.01192e-05 0.00212279 195.58
59.47 1.44897e-05 5.00353e-05 0.00211924 195.594
59.48 1.44661e-05 4.99515e-05 0.00211568 195.608
59.49 1.44426e-05 4.98678e-05 0.00211214 195.622
59.5 1.44191e-05 4.97843e-05 0.0021086 195.636
59.51 1.43957e-05 4.9701e-05 0.00210506 195.65
59.52 1.43723e-05 4.96177e-05 0.00210154 195.664
59.53 1.43489e-05 4.95347e-05 0.00209802 195.678
59.54 1.43256e-05 4.94517e-05 0.0020945 195.692
59.55 1.43023e-05 4.93689e-05 0.00209099 195.706
59.56 1.42791e-05 4.92863e-05 0.00208749 195.72
59.57 1.42559e-05 4.92037e-05 0.00208399 195.734
59.58 1.42327e-05 4.91214e-05 0.0020805 195.748
59.59 1.42096e-05 4.90391e-05 0.00207701 195.762
59.6 1.41865e-05 4.8957e-05 0.00207353 195.776
59.61 1.41634e-05 4.88751e-05 0.00207006 195.79
59.62 1.41404e-05 4.87932e-05 0.00206659 195.804
59.63 1.41174e-05 4.87116e-05 0.00206313 195.818
59.64 1.40945e-05 4.863e-05 0.00205967 195.832
59.65 1.40716e-05 4.85486e-05 0.00205622 195.846
59.66 1.40487e-05 4.84673e-05 0.00205278 195.86
59.67 1.40259e-05 4.83862e-05 0.00204934 195.874
59.68 1.40031e-05 4.83052e-05 0.0020459 195.888
59.69 1.39803e-05 4.82244e-05 0.00204248 195.902
59.7 1.39576e-05 4.81436e-05 0.00203906 195.916
59.71 1.39349e-05 4.80631e-05 0.00203564 195.93
59.72 1.39123e-05 4.79826e-05 0.00203223 195.944
59.73 1.38897e-05 4.79023e-05 0.00202883 195.958
59.74 1.38671e-05 4.78221e-05 0.00202543 195.972
59.75 1.38446e-05 4.77421e-05 0.00202204 195.986
59.76 1.38221e-05 4.76622e-05 0.00201865 196
59.77 1.37996e-05 4.75824e-05 0.00201527 196.014
59.78 1.37772e-05 4.75028e-05 0.00201189 196.028
59.79 1.37548e-05 4.74233e-05 0.00200852 196.042
59.8 1.37325e-05 4.73439e-05 0.00200516 196.056
59.81 1.37102e-05 4.72647e-05 0.0020018 196.07
59.82 1.36879e-05 4.71856e-05 0.00199845 196.084
59.83 1.36657e-05 4.71067e-05 0.0019951 196.098
59.84 1.36435e-05 4.70278e-05 0.00199176 196.112
59.85 1.36213e-05 4.69491e-05 0.00198843 196.126
59.86 1.35992e-05 4.68706e-05 0.0019851 196.14
59.87 1.35771e-05 4.67922e-05 0.00198177 196.154
59.88 1.3555e-05 4.67139e-05 0.00197845 196.168
59.89 1.3533e-05 4.66357e-05 0.00197514 196.182
59.9 1.3511e-05 4.65577e-05 0.00197183 196.196
59.91 1.34891e-05 4.64798e-05 0.00196853 196.21
59.92 1.34672e-05 4.6402e-05 0.00196524 196.224
59.93 1.34453e-05 4.63244e-05 0.00196195 196.238
59.94 1.34235e-05 4.62469e-05 0.00195866 196.252
59.95 1.34017e-05 4.61695e-05 0.00195538 196.266
59.96 1.33799e-05 4.60923e-05 0.00195211 196.28
59.97 1.33582e-05 4.60152e-05 0.00194884 196.294
59.98 1.33365e-05 4.59382e-05 0.00194558 196.308
59.99 1.33148e-05 4.58614e-05 0.00194232 196.322
60 1.32932e-05 4.57846e-05 0.00193907 196.336
60.01 1.32716e-05 4.57081e-05 0.00193582 196.35
60.02 1.32501e-05 4.56316e-05 0.00193258 196.363
60.03 1.32285e-05 4.55553e-05 0.00192935 196.377
60.04 1.32071e-05 4.54791e-05 0.00192612 196.391
60.05 1.31856e-05 4.5403e-05 0.00192289 196.405
60.06 1.31642e-05 4.53271e-05 0.00191967 196.419
60.07 1.31428e-05 4.52513e-05 0.00191646 196.433
60.08 1.31215e-05 4.51756e-05 0.00191325 196.447
60.09 1.31002e-05 4.51e-05 0.00191005 196.461
60.1 1.30789e-05 4.50246e-05 0.00190686 196.475
60.11 1.30577e-05 4.49493e-05 0.00190366 196.489
60.12 1.30365e-05 4.48741e-05 0.00190048 196.503
60.13 1.30153e-05 4.47991e-05 0.0018973 196.517
60.14 1.29942e-05 4.47242e-05 0.00189412 196.531
60.15 1.29731e-05 4.46494e-05 0.00189095 196.545
60.16 1.2952e-05 4.45747e-05 0.00188779 196.559
60.17 1.2931e-05 4.45002e-05 0.00188463 196.573
60.18 1.291e-05 4.44258e-05 0.00188147 196.587
60.19 1.2889e-05 4.43515e-05 0.00187833 196.601
60.2 1.28681e-05 4.42773e-05 0.00187518 196.615
60.21 1.28472e-05 4.42033e-05 0.00187205 196.629
60.22 1.28264e-05 4.41294e-05 0.00186891 196.643
60.23 1.28055e-05 4.40556e-05 0.00186579 196.657
60.24 1.27848e-05 4.3982e-05 0.00186266 196.671
60.25 1.2764e-05 4.39084e-05 0.00185955 196.685
60.26 1.27433e-05 4.3835e-05 0.00185644 196.699
60.27 1.27226e-05 4.37617e-05 0.00185333 196.712
60.28 1.2702e-05 4.36886e-05 0.00185023 196.726
60.29 1.26813e-05 4.36155e-05 0.00184713 196.74
60.3 1.26607e-05 4.35426e-05 0.00184404 196.754
60.31 1.26402e-05 4.34698e-05 0.00184096 196.768
60.32 1.26197e-05 4.33972e-05 0.00183788 196.782
60.33 1.25992e-05 4.33246e-05 0.0018348 196.796
60.34 1.25788e-05 4.32522e-05 0.00183174 196.81
60.35 1.25583e-05 4.31799e-05 0.00182867 196.824
60.36 1.2538e-05 4.31077e-05 0.00182561 196.838
60.37 1.25176e-05 4.30357e-05 0.00182256 196.852
60.38 1.24973e-05 4.29638e-05 0.00181951 196.866
60.39 1.2477e-05 4.28919e-05 0.00181647 196.88
60.4 1.24568e-05 4.28203e-05 0.00181343 196.894
60.41 1.24365e-05 4.27487e-05 0.0018104 196.908
60.42 1.24164e-05 4.26772e-05 0.00180737 196.922
60.43 1.23962e-05 4.26059e-05 0.00180434 196.936
60.44 1.23761e-05 4.25347e-05 0.00180133 196.95
60.45 1.2356e-05 4.24636e-05 0.00179831 196.963
60.46 1.2336e-05 4.23927e-05 0.00179531 196.977
60.47 1.2316e-05 4.23218e-05 0.0017923 196.991
60.48 1.2296e-05 4.22511e-05 0.00178931 197.005
60.49 1.2276e-05 4.21805e-05 0.00178631 197.019
60.5 1.22561e-05 4.211e-05 0.00178333 197.033
60.51 1.22362e-05 4.20397e-05 0.00178035 197.047
60.52 1.22164e-05 4.19694e-05 0.00177737 197.061
60.53 1.21965e-05 4.18993e-05 0.0017744 197.075
60.54 1.21767e-05 4.18293e-05 0.00177143 197.089
60.55 1.2157e-05 4.17594e-05 0.00176847 197.103
60.56 1.21373e-05 4.16896e-05 0.00176551 197.117
60.57 1.21176e-05 4.162e-05 0.00176256 197.131
60.58 1.20979e-05 4.15504e-05 0.00175961 197.145
60.59 1.20783e-05 4.1481e-05 0.00175667 197.159
60.6 1.20587e-05 4.14117e-05 0.00175373 197.173
60.61 1.20391e-05 4.13425e-05 0.0017508 197.186
60.62 1.20196e-05 4.12735e-05 0.00174787 197.2
60.63 1.20001e-05 4.12045e-05 0.00174495 197.214
60.64 1.19806e-05 4.11357e-05 0.00174203 197.228
60.65 1.19612e-05 4.1067e-05 0.00173912 197.242
60.66 1.19418e-05 4.09984e-05 0.00173621 197.256
60.67 1.19224e-05 4.09299e-05 0.00173331 197.27
60.68 1.19031e-05 4.08615e-05 0.00173041 197.284
60.69 1.18838e-05 4.07933e-05 0.00172752 197.298
60.7 1.18645e-05 4.07251e-05 0.00172463 197.312
60.71 1.18453e-05 4.06571e-05 0.00172175 197.326
60.72 1.18261e-05 4.05892e-05 0.00171887 197.34
60.73 1.18069e-05 4.05214e-05 0.001716 197.354
60.74 1.17877e-05 4.04537e-05 0.00171313 197.367
60.75 1.17686e-05 4.03862e-05 0.00171027 197.381
60.76 1.17495e-05 4.03187e-05 0.00170741 197.395
60.77 1.17305e-05 4.02514e-05 0.00170456 197.409
60.78 1.17114e-05 4.01842e-05 0.00170171 197.423
60.79 1.16925e-05 4.01171e-05 0.00169886 197.437
60.8 1.16735e-05 4.00501e-05 0.00169603 197.451
60.81 1.16546e-05 3.99832e-05 0.00169319 197.465
60.82 1.16357e-05 3.99164e-05 0.00169036 197.479
60.83 1.16168e-05 3.98498e-05 0.00168754 197.493
60.84 1.1598e-05 3.97832e-05 0.00168472 197.507
60.85 1.15791e-05 3.97168e-05 0.0016819 197.521
60.86 1.15604e-05 3.96505e-05 0.00167909 197.534
60.87 1.15416e-05 3.95843e-05 0.00167629 197.548
60.88 1.15229e-05 3.95182e-05 0.00167348 197.562
60.89 1.15042e-05 3.94522e-05 0.00167069 197.576
60.9 1.14856e-05 3.93863e-05 0.0016679 197.59
60.91 1.1467e-05 3.93206e-05 0.00166511 197.604
60.92 1.14484e-05 3.92549e-05 0.00166233 197.618
60.93 1.14298e-05 3.91894e-05 0.00165955 197.632
60.94 1.14113e-05 3.9124e-05 0.00165678 197.646
60.95 1.13928e-05 3.90587e-05 0.00165401 197.66
60.96 1.13743e-05 3.89935e-05 0.00165125 197.674
60.97 1.13559e-05 3.89284e-05 0.00164849 197.687
60.98 1.13374e-05 3.88634e-05 0.00164573 197.701
60.99 1.13191e-05 3.87985e-05 0.00164298 197.715
61 1.13007e-05 3.87337e-05 0.00164024 197.729
61.01 1.12824e-05 3.86691e-05 0.0016375 197.743
61.02 1.12641e-05 3.86045e-05 0.00163476 197.757
61.03 1.12458e-05 3.85401e-05 0.00163203 197.771
61.04 1.12276e-05 3.84758e-05 0.00162931 197.785
61.05 1.12094e-05 3.84116e-05 0.00162659 197.799
61.06 1.11912e-05 3.83474e-05 0.00162387 197.813
61.07 1.11731e-05 3.82834e-05 0.00162116 197.827
61.08 1.1155e-05 3.82196e-05 0.00161845 197.84
61.09 1.11369e-05 3.81558e-05 0.00161575 197.854
61.1 1.11189e-05 3.80921e-05 0.00161305 197.868
61.11 1.11008e-05 3.80285e-05 0.00161035 197.882
61.12 1.10829e-05 3.79651e-05 0.00160766 197.896
61.13 1.10649e-05 3.79017e-05 0.00160498 197.91
61.14 1.1047e-05 3.78385e-05 0.0016023 197.924
61.15 1.10291e-05 3.77753e-05 0.00159962 197.938
61.16 1.10112e-05 3.77123e-05 0.00159695 197.952
61.17 1.09933e-05 3.76493e-05 0.00159429 197.965
61.18 1.09755e-05 3.75865e-05 0.00159162 197.979
61.19 1.09577e-05 3.75238e-05 0.00158897 197.993
61.2 1.094e-05 3.74612e-05 0.00158631 198.007
61.21 1.09222e-05 3.73987e-05 0.00158366 198.021
61.22 1.09045e-05 3.73363e-05 0.00158102 198.035
61.23 1.08869e-05 3.7274e-05 0.00157838 198.049
61.24 1.08692e-05 3.72118e-05 0.00157574 198.063
61.25 1.08516e-05 3.71497e-05 0.00157311 198.077
61.26 1.0834e-05 3.70878e-05 0.00157049 198.091
61.27 1.08165e-05 3.70259e-05 0.00156786 198.104
61.28 1.0799e-05 3.69641e-05 0.00156525 198.118
61.29 1.07815e-05 3.69024e-05 0.00156263 198.132
61.3 1.0764e-05 3.68409e-05 0.00156003 198.146
61.31 1.07465e-05 3.67794e-05 0.00155742 198.16
61.32 1.07291e-05 3.67181e-05 0.00155482 198.174
61.33 1.07118e-05 3.66568e-05 0.00155223 198.188
61.34 1.06944e-05 3.65957e-05 0.00154963 198.202
61.35 1.06771e-05 3.65346e-05 0.00154705 198.215
61.36 1.06598e-05 3.64737e-05 0.00154447 198.229
61.37 1.06425e-05 3.64129e-05 0.00154189 198.243
61.38 1.06253e-05 3.63521e-05 0.00153931 198.257
61.39 1.0608e-05 3.62915e-05 0.00153674 198.271
61.4 1.05909e-05 3.6231e-05 0.00153418 198.285
61.41 1.05737e-05 3.61705e-05 0.00153162 198.299
61.42 1.05566e-05 3.61102e-05 0.00152906 198.313
61.43 1.05395e-05 3.605e-05 0.00152651 198.327
61.44 1.05224e-05 3.59899e-05 0.00152396 198.34
61.45 1.05054e-05 3.59299e-05 0.00152142 198.354
61.46 1.04883e-05 3.58699e-05 0.00151888 198.368
61.47 1.04714e-05 3.58101e-05 0.00151635 198.382
61.48 1.04544e-05 3.57504e-05 0.00151381 198.396
61.49 1.04375e-05 3.56908e-05 0.00151129 198.41
61.5 1.04206e-05 3.56313e-05 0.00150877 198.424
61.51 1.04037e-05 3.55719e-05 0.00150625 198.437
61.52 1.03868e-05 3.55126e-05 0.00150374 198.451
61.53 1.037e-05 3.54533e-05 0.00150123 198.465
61.54 1.03532e-05 3.53942e-05 0.00149872 198.479
61.55 1.03364e-05 3.53352e-05 0.00149622 198.493
61.56 1.03197e-05 3.52763e-05 0.00149372 198.507
61.57 1.0303e-05 3.52175e-05 0.00149123 198.521
61.58 1.02863e-05 3.51588e-05 0.00148874 198.535
61.59 1.02696e-05 3.51002e-05 0.00148626 198.548
61.6 1.0253e-05 3.50416e-05 0.00148378 198.562
61.61 1.02364e-05 3.49832e-05 0.0014813 198.576
61.62 1.02198e-05 3.49249e-05 0.00147883 198.59
61.63 1.02033e-05 3.48667e-05 0.00147637 198.604
61.64 1.01868e-05 3.48086e-05 0.0014739 198.618
61.65 1.01703e-05 3.47505e-05 0.00147144 198.632
61.66 1.01538e-05 3.46926e-05 0.00146899 198.646
61.67 1.01374e-05 3.46348e-05 0.00146654 198.659
61.68 1.01209e-05 3.45771e-05 0.00146409 198.673
61.69 1.01046e-05 3.45194e-05 0.00146165 198.687
61.7 1.00882e-05 3.44619e-05 0.00145921 198.701
61.71 1.00719e-05 3.44044e-05 0.00145678 198.715
61.72 1.00556e-05 3.43471e-05 0.00145435 198.729
61.73 1.00393e-05 3.42899e-05 0.00145192 198.743
61.74 1.0023e-05 3.42327e-05 0.0014495 198.756
61.75 1.00068e-05 3.41757e-05 0.00144708 198.77
61.76 9.9906e-06 3.41187e-05 0.00144467 198.784
61.77 9.97442e-06 3.40618e-05 0.00144226 198.798
61.78 9.95827e-06 3.40051e-05 0.00143986 198.812
61.79 9.94215e-06 3.39484e-05 0.00143745 198.826
61.8 9.92606e-06 3.38918e-05 0.00143506 198.84
61.81 9.90999e-06 3.38354e-05 0.00143266 198.853
61.82 9.89395e-06 3.3779e-05 0.00143027 198.867
61.83 9.87793e-06 3.37227e-05 0.00142789 198.881
61.84 9.86194e-06 3.36665e-05 0.00142551 198.895
61.85 9.84598e-06 3.36104e-05 0.00142313 198.909
61.86 9.83004e-06 3.35544e-05 0.00142076 198.923
61.87 9.81413e-06 3.34985e-05 0.00141839 198.936
61.88 9.79824e-06 3.34427e-05 0.00141602 198.95
61.89 9.78239e-06 3.33869e-05 0.00141366 198.964
61.9 9.76655e-06 3.33313e-05 0.00141131 198.978
61.91 9.75074e-06 3.32758e-05 0.00140895 198.992
61.92 9.73496e-06 3.32204e-05 0.0014066 199.006
61.93 9.71921e-06 3.3165e-05 0.00140426 199.02
61.94 9.70348e-06 3.31098e-05 0.00140192 199.033
61.95 9.68777e-06 3.30546e-05 0.00139958 199.047
61.96 9.67209e-06 3.29995e-05 0.00139725 199.061
61.97 9.65644e-06 3.29446e-05 0.00139492 199.075
61.98 9.64081e-06 3.28897e-05 0.00139259 199.089
61.99 9.62521e-06 3.28349e-05 0.00139027 199.103
62 9.60964e-06 3.27802e-05 0.00138795 199.116
62.01 9.59409e-06 3.27256e-05 0.00138564 199.13
62.02 9.57856e-06 3.26711e-05 0.00138333 199.144
62.03 9.56306e-06 3.26167e-05 0.00138102 199.158
62.04 9.54759e-06 3.25623e-05 0.00137872 199.172
62.05 9.53214e-06 3.25081e-05 0.00137642 199.186
62.06 9.51671e-06 3.2454e-05 0.00137413 199.199
62.07 9.50131e-06 3.23999e-05 0.00137184 199.213
62.08 9.48594e-06 3.2346e-05 0.00136955 199.227
62.09 9.47059e-06 3.22921e-05 0.00136727 199.241
62.1 9.45527e-06 3.22383e-05 0.00136499 199.255
62.11 9.43997e-06 3.21846e-05 0.00136272 199.269
62.12 9.4247e-06 3.2131e-05 0.00136045 199.282
62.13 9.40945e-06 3.20775e-05 0.00135818 199.296
62.14 9.39423e-06 3.20241e-05 0.00135591 199.31
62.15 9.37903e-06 3.19708e-05 0.00135366 199.324
62.16 9.36385e-06 3.19175e-05 0.0013514 199.338
62.17 9.34871e-06 3.18644e-05 0.00134915 199.352
62.18 9.33358e-06 3.18113e-05 0.0013469 199.365
62.19 9.31848e-06 3.17584e-05 0.00134465 199.379
62.2 9.30341e-06 3.17055e-05 0.00134241 199.393
62.21 9.28836e-06 3.16527e-05 0.00134018 199.407
62.22 9.27333e-06 3.16e-05 0.00133794 199.421
62.23 9.25833e-06 3.15474e-05 0.00133572 199.435
62.24 9.24336e-06 3.14948e-05 0.00133349 199.448
62.25 9.2284e-06 3.14424e-05 0.00133127 199.462
62.26 9.21348e-06 3.13901e-05 0.00132905 199.476
62.27 9.19857e-06 3.13378e-05 0.00132684 199.49
62.28 9.1837e-06 3.12856e-05 0.00132463 199.504
62.29 9.16884e-06 3.12336e-05 0.00132242 199.518
62.3 9.15401e-06 3.11816e-05 0.00132022 199.531
62.31 9.13921e-06 3.11297e-05 0.00131802 199.545
62.32 9.12443e-06 3.10778e-05 0.00131582 199.559
62.33 9.10967e-06 3.10261e-05 0.00131363 199.573
62.34 9.09494e-06 3.09745e-05 0.00131144 199.587
62.35 9.08023e-06 3.09229e-05 0.00130926 199.6
62.36 9.06554e-06 3.08714e-05 0.00130707 199.614
62.37 9.05088e-06 3.082e-05 0.0013049 199.628
62.38 9.03624e-06 3.07687e-05 0.00130272 199.642
62.39 9.02163e-06 3.07175e-05 0.00130055 199.656
62.4 9.00704e-06 3.06664e-05 0.00129839 199.67
62.41 8.99248e-06 3.06154e-05 0.00129623 199.683
62.42 8.97793e-06 3.05644e-05 0.00129407 199.697
62.43 8.96342e-06 3.05136e-05 0.00129191 199.711
62.44 8.94892e-06 3.04628e-05 0.00128976 199.725
62.45 8.93445e-06 3.04121e-05 0.00128761 199.739
62.46 8.92001e-06 3.03615e-05 0.00128547 199.752
62.47 8.90558e-06 3.03109e-05 0.00128333 199.766
62.48 8.89118e-06 3.02605e-05 0.00128119 199.78
62.49 8.87681e-06 3.02101e-05 0.00127906 199.794
62.5 8.86246e-06 3.01599e-05 0.00127693 199.808
62.51 8.84813e-06 3.01097e-05 0.0012748 199.821
62.52 8.83382e-06 3.00596e-05 0.00127268 199.835
62.53 8.81954e-06 3.00096e-05 0.00127056 199.849
62.54 8.80528e-06 2.99596e-05 0.00126844 199.863
62.55 8.79104e-06 2.99098e-05 0.00126633 199.877
62.56 8.77683e-06 2.986e-05 0.00126422 199.891
62.57 8.76264e-06 2.98103e-05 0.00126212 199.904
62.58 8.74848e-06 2.97608e-05 0.00126001 199.918
62.59 8.73433e-06 2.97112e-05 0.00125792 199.932
62.6 8.72022e-06 2.96618e-05 0.00125582 199.946
62.61 8.70612e-06 2.96125e-05 0.00125373 199.96
62.62 8.69205e-06 2.95632e-05 0.00125164 199.973
62.63 8.67799e-06 2.9514e-05 0.00124956 199.987
62.64 8.66397e-06 2.94649e-05 0.00124748 200.001
62.65 8.64996e-06 2.94159e-05 0.0012454 200.015
62.66 8.63598e-06 2.9367e-05 0.00124333 200.029
62.67 8.62202e-06 2.93181e-05 0.00124126 200.042
62.68 8.60809e-06 2.92694e-05 0.00123919 200.056
62.69 8.59417e-06 2.92207e-05 0.00123713 200.07
62.7 8.58028e-06 2.91721e-05 0.00123507 200.084
62.71 8.56641e-06 2.91235e-05 0.00123302 200.098
62.72 8.55257e-06 2.90751e-05 0.00123096 200.111
62.73 8.53875e-06 2.90268e-05 0.00122892 200.125
62.74 8.52495e-06 2.89785e-05 0.00122687 200.139
62.75 8.51117e-06 2.89303e-05 0.00122483 200.153
62.76 8.49741e-06 2.88822e-05 0.00122279 200.167
62.77 8.48368e-06 2.88341e-05 0.00122075 200.18
62.78 8.46997e-06 2.87862e-05 0.00121872 200.194
62.79 8.45628e-06 2.87383e-05 0.00121669 200.208
62.8 8.44262e-06 2.86905e-05 0.00121467 200.222
62.81 8.42898e-06 2.86428e-05 0.00121265 200.235
62.82 8.41536e-06 2.85952e-05 0.00121063 200.249
62.83 8.40176e-06 2.85476e-05 0.00120862 200.263
62.84 8.38818e-06 2.85002e-05 0.0012066 200.277
62.85 8.37463e-06 2.84528e-05 0.0012046 200.291
62.86 8.36109e-06 2.84055e-05 0.00120259 200.304
62.87 8.34759e-06 2.83582e-05 0.00120059 200.318
62.88 8.3341e-06 2.83111e-05 0.00119859 200.332
62.89 8.32063e-06 2.8264e-05 0.0011966 200.346
62.9 8.30719e-06 2.8217e-05 0.00119461 200.36
62.91 8.29377e-06 2.81701e-05 0.00119262 200.373
62.92 8.28037e-06 2.81233e-05 0.00119064 200.387
62.93 8.26699e-06 2.80765e-05 0.00118865 200.401
62.94 8.25363e-06 2.80298e-05 0.00118668 200.415
62.95 8.2403e-06 2.79832e-05 0.0011847 200.428
62.96 8.22699e-06 2.79367e-05 0.00118273 200.442
62.97 8.21369e-06 2.78903e-05 0.00118076 200.456
62.98 8.20043e-06 2.78439e-05 0.0011788 200.47
62.99 8.18718e-06 2.77976e-05 0.00117684 200.484
63 8.17395e-06 2.77514e-05 0.00117488 200.497
63.01 8.16075e-06 2.77053e-05 0.00117293 200.511
63.02 8.14757e-06 2.76592e-05 0.00117098 200.525
63.03 8.1344e-06 2.76133e-05 0.00116903 200.539
63.04 8.12127e-06 2.75674e-05 0.00116708 200.552
63.05 8.10815e-06 2.75215e-05 0.00116514 200.566
63.06 8.09505e-06 2.74758e-05 0.0011632 200.58
63.07 8.08198e-06 2.74301e-05 0.00116127 200.594
63.08 8.06892e-06 2.73845e-05 0.00115934 200.608
63.09 8.05589e-06 2.7339e-05 0.00115741 200.621
63.1 8.04288e-06 2.72936e-05 0.00115548 200.635
63.11 8.02989e-06 2.72482e-05 0.00115356 200.649
63.12 8.01692e-06 2.7203e-05 0.00115164 200.663
63.13 8.00397e-06 2.71577e-05 0.00114973 200.676
63.14 7.99104e-06 2.71126e-05 0.00114782 200.69
63.15 7.97814e-06 2.70676e-05 0.00114591 200.704
63.16 7.96525e-06 2.70226e-05 0.001144 200.718
63.17 7.95239e-06 2.69777e-05 0.0011421 200.731
63.18 7.93955e-06 2.69329e-05 0.0011402 200.745
63.19 7.92673e-06 2.68881e-05 0.00113831 200.759
63.2 7.91393e-06 2.68434e-05 0.00113641 200.773
63.21 7.90115e-06 2.67988e-05 0.00113452 200.787
63.22 7.88839e-06 2.67543e-05 0.00113264 200.8
63.23 7.87565e-06 2.67098e-05 0.00113075 200.814
63.24 7.86293e-06 2.66655e-05 0.00112887 200.828
63.25 7.85024e-06 2.66212e-05 0.001127 200.842
63.26 7.83756e-06 2.65769e-05 0.00112512 200.855
63.27 7.82491e-06 2.65328e-05 0.00112325 200.869
63.28 7.81227e-06 2.64887e-05 0.00112138 200.883
63.29 7.79966e-06 2.64447e-05 0.00111952 200.897
63.3 7.78706e-06 2.64008e-05 0.00111766 200.91
63.31 7.77449e-06 2.63569e-05 0.0011158 200.924
63.32 7.76194e-06 2.63131e-05 0.00111395 200.938
63.33 7.74941e-06 2.62694e-05 0.00111209 200.952
63.34 7.7369e-06 2.62258e-05 0.00111025 200.965
63.35 7.72441e-06 2.61822e-05 0.0011084 200.979
63.36 7.71194e-06 2.61387e-05 0.00110656 200.993
63.37 7.69949e-06 2.60953e-05 0.00110472 201.007
63.38 7.68706e-06 2.6052e-05 0.00110288 201.02
63.39 7.67465e-06 2.60087e-05 0.00110105 201.034
63.4 7.66226e-06 2.59655e-05 0.00109922 201.048
63.41 7.64989e-06 2.59224e-05 0.00109739 201.062
63.42 7.63754e-06 2.58793e-05 0.00109557 201.075
63.43 7.62521e-06 2.58363e-05 0.00109375 201.089
63.44 7.6129e-06 2.57934e-05 0.00109193 201.103
63.45 7.60062e-06 2.57506e-05 0.00109011 201.117
63.46 7.58835e-06 2.57078e-05 0.0010883 201.13
63.47 7.5761e-06 2.56651e-05 0.00108649 201.144
63.48 7.56387e-06 2.56225e-05 0.00108469 201.158
63.49 7.55166e-06 2.558e-05 0.00108289 201.172
63.5 7.53947e-06 2.55375e-05 0.00108109 201.185
63.51 7.5273e-06 2.54951e-05 0.00107929 201.199
63.52 7.51516e-06 2.54528e-05 0.0010775 201.213
63.53 7.50303e-06 2.54105e-05 0.00107571 201.227
63.54 7.49092e-06 2.53683e-05 0.00107392 201.24
63.55 7.47883e-06 2.53262e-05 0.00107213 201.254
63.56 7.46676e-06 2.52841e-05 0.00107035 201.268
63.57 7.45471e-06 2.52421e-05 0.00106857 201.282
63.58 7.44268e-06 2.52002e-05 0.0010668 201.295
63.59 7.43067e-06 2.51584e-05 0.00106503 201.309
63.6 7.41868e-06 2.51166e-05 0.00106326 201.323
63.61 7.40671e-06 2.50749e-05 0.00106149 201.337
63.62 7.39475e-06 2.50333e-05 0.00105973 201.35
63.63 7.38282e-06 2.49917e-05 0.00105797 201.364
63.64 7.37091e-06 2.49503e-05 0.00105621 201.378
63.65 7.35901e-06 2.49088e-05 0.00105445 201.392
63.66 7.34714e-06 2.48675e-05 0.0010527 201.405
63.67 7.33529e-06 2.48262e-05 0.00105095 201.419
63.68 7.32345e-06 2.4785e-05 0.00104921 201.433
63.69 7.31163e-06 2.47439e-05 0.00104746 201.446
63.7 7.29984e-06 2.47028e-05 0.00104572 201.46
63.71 7.28806e-06 2.46618e-05 0.00104399 201.474
63.72 7.2763e-06 2.46209e-05 0.00104225 201.488
63.73 7.26456e-06 2.458e-05 0.00104052 201.501
63.74 7.25284e-06 2.45392e-05 0.00103879 201.515
63.75 7.24114e-06 2.44985e-05 0.00103707 201.529
63.76 7.22946e-06 2.44578e-05 0.00103535 201.543
63.77 7.2178e-06 2.44172e-05 0.00103363 201.556
63.78 7.20615e-06 2.43767e-05 0.00103191 201.57
63.79 7.19453e-06 2.43362e-05 0.0010302 201.584
63.8 7.18292e-06 2.42958e-05 0.00102848 201.597
63.81 7.17133e-06 2.42555e-05 0.00102678 201.611
63.82 7.15977e-06 2.42153e-05 0.00102507 201.625
63.83 7.14822e-06 2.41751e-05 0.00102337 201.639
63.84 7.13669e-06 2.4135e-05 0.00102167 201.652
63.85 7.12518e-06 2.40949e-05 0.00101997 201.666
63.86 7.11368e-06 2.4055e-05 0.00101828 201.68
63.87 7.10221e-06 2.4015e-05 0.00101659 201.694
63.88 7.09075e-06 2.39752e-05 0.0010149 201.707
63.89 7.07932e-06 2.39354e-05 0.00101322 201.721
63.9 7.0679e-06 2.38957e-05 0.00101153 201.735
63.91 7.0565e-06 2.3856e-05 0.00100985 201.748
63.92 7.04512e-06 2.38165e-05 0.00100818 201.762
63.93 7.03376e-06 2.3777e-05 0.0010065 201.776
63.94 7.02241e-06 2.37375e-05 0.00100483 201.79
63.95 7.01109e-06 2.36981e-05 0.00100316 201.803
63.96 6.99978e-06 2.36588e-05 0.0010015 201.817
63.97 6.98849e-06 2.36196e-05 0.000999835 201.831
63.98 6.97722e-06 2.35804e-05 0.000998175 201.844
63.99 6.96597e-06 2.35413e-05 0.000996518 201.858
64 6.95474e-06 2.35022e-05 0.000994864 201.872
64.01 6.94352e-06 2.34632e-05 0.000993213 201.886
64.02 6.93232e-06 2.34243e-05 0.000991564 201.899
64.03 6.92115e-06 2.33855e-05 0.000989918 201.913
64.04 6.90999e-06 2.33467e-05 0.000988275 201.927
64.05 6.89884e-06 2.33079e-05 0.000986634 201.94
64.06 6.88772e-06 2.32693e-05 0.000984997 201.954
64.07 6.87661e-06 2.32307e-05 0.000983362 201.968
64.08 6.86553e-06 2.31922e-05 0.000981729 201.982
64.09 6.85446e-06 2.31537e-05 0.0009801 201.995
64.1 6.84341e-06 2.31153e-05 0.000978473 202.009
64.11 6.83237e-06 2.3077e-05 0.000976849 202.023
64.12 6.82136e-06 2.30387e-05 0.000975228 202.036
64.13 6.81036e-06 2.30005e-05 0.00097361 202.05
64.14 6.79938e-06 2.29623e-05 0.000971994 202.064
64.15 6.78842e-06 2.29243e-05 0.000970381 202.078
64.16 6.77747e-06 2.28862e-05 0.00096877 202.091
64.17 6.76655e-06 2.28483e-05 0.000967163 202.105
64.18 6.75564e-06 2.28104e-05 0.000965558 202.119
64.19 6.74475e-06 2.27726e-05 0.000963955 202.132
64.2 6.73388e-06 2.27348e-05 0.000962356 202.146
64.21 6.72302e-06 2.26971e-05 0.000960759 202.16
64.22 6.71218e-06 2.26595e-05 0.000959165 202.173
64.23 6.70136e-06 2.26219e-05 0.000957573 202.187
64.24 6.69056e-06 2.25844e-05 0.000955984 202.201
64.25 6.67978e-06 2.2547e-05 0.000954398 202.215
64.26 6.66901e-06 2.25096e-05 0.000952815 202.228
64.27 6.65826e-06 2.24723e-05 0.000951234 202.242
64.28 6.64753e-06 2.2435e-05 0.000949656 202.256
64.29 6.63682e-06 2.23978e-05 0.00094808 202.269
64.3 6.62612e-06 2.23607e-05 0.000946507 202.283
64.31 6.61544e-06 2.23236e-05 0.000944937 202.297
64.32 6.60478e-06 2.22866e-05 0.000943369 202.31
64.33 6.59413e-06 2.22497e-05 0.000941804 202.324
64.34 6.5835e-06 2.22128e-05 0.000940242 202.338
64.35 6.57289e-06 2.2176e-05 0.000938682 202.351
64.36 6.5623e-06 2.21392e-05 0.000937125 202.365
64.37 6.55173e-06 2.21025e-05 0.00093557 202.379
64.38 6.54117e-06 2.20659e-05 0.000934018 202.393
64.39 6.53063e-06 2.20293e-05 0.000932469 202.406
64.4 6.5201e-06 2.19928e-05 0.000930922 202.42
64.41 6.5096e-06 2.19563e-05 0.000929378 202.434
64.42 6.49911e-06 2.19199e-05 0.000927837 202.447
64.43 6.48863e-06 2.18836e-05 0.000926298 202.461
64.44 6.47818e-06 2.18473e-05 0.000924762 202.475
64.45 6.46774e-06 2.18111e-05 0.000923228 202.488
64.46 6.45732e-06 2.1775e-05 0.000921697 202.502
64.47 6.44691e-06 2.17389e-05 0.000920168 202.516
64.48 6.43653e-06 2.17029e-05 0.000918642 202.529
64.49 6.42616e-06 2.16669e-05 0.000917119 202.543
64.5 6.4158e-06 2.1631e-05 0.000915598 202.557
64.51 6.40547e-06 2.15951e-05 0.000914079 202.57
64.52 6.39515e-06 2.15594e-05 0.000912564 202.584
64.53 6.38484e-06 2.15236e-05 0.00091105 202.598
64.54 6.37456e-06 2.1488e-05 0.00090954 202.612
64.55 6.36429e-06 2.14524e-05 0.000908031 202.625
64.56 6.35403e-06 2.14168e-05 0.000906526 202.639
64.57 6.3438e-06 2.13813e-05 0.000905023 202.653
64.58 6.33358e-06 2.13459e-05 0.000903522 202.666
64.59 6.32337e-06 2.13105e-05 0.000902024 202.68
64.6 6.31319e-06 2.12752e-05 0.000900528 202.694
64.61 6.30302e-06 2.124e-05 0.000899035 202.707
64.62 6.29286e-06 2.12048e-05 0.000897545 202.721
64.63 6.28273e-06 2.11697e-05 0.000896057 202.735
64.64 6.27261e-06 2.11346e-05 0.000894571 202.748
64.65 6.2625e-06 2.10996e-05 0.000893088 202.762
64.66 6.25242e-06 2.10646e-05 0.000891607 202.776
64.67 6.24235e-06 2.10297e-05 0.000890129 202.789
64.68 6.23229e-06 2.09949e-05 0.000888654 202.803
64.69 6.22225e-06 2.09601e-05 0.000887181 202.817
64.7 6.21223e-06 2.09254e-05 0.00088571 202.83
64.71 6.20223e-06 2.08907e-05 0.000884242 202.844
64.72 6.19224e-06 2.08561e-05 0.000882776 202.858
64.73 6.18226e-06 2.08216e-05 0.000881313 202.871
64.74 6.17231e-06 2.07871e-05 0.000879852 202.885
64.75 6.16237e-06 2.07527e-05 0.000878393 202.899
64.76 6.15244e-06 2.07183e-05 0.000876938 202.912
64.77 6.14254e-06 2.0684e-05 0.000875484 202.926
64.78 6.13264e-06 2.06497e-05 0.000874033 202.94
64.79 6.12277e-06 2.06155e-05 0.000872584 202.953
64.8 6.11291e-06 2.05814e-05 0.000871138 202.967
64.81 6.10306e-06 2.05473e-05 0.000869695 202.981
64.82 6.09324e-06 2.05133e-05 0.000868253 202.994
64.83 6.08342e-06 2.04793e-05 0.000866814 203.008
64.84 6.07363e-06 2.04454e-05 0.000865378 203.022
64.85 6.06385e-06 2.04115e-05 0.000863944 203.035
64.86 6.05409e-06 2.03777e-05 0.000862512 203.049
64.87 6.04434e-06 2.0344e-05 0.000861083 203.063
64.88 6.03461e-06 2.03103e-05 0.000859656 203.076
64.89 6.02489e-06 2.02767e-05 0.000858231 203.09
64.9 6.01519e-06 2.02431e-05 0.000856809 203.104
64.91 6.0055e-06 2.02096e-05 0.00085539 203.117
64.92 5.99583e-06 2.01761e-05 0.000853972 203.131
64.93 5.98618e-06 2.01427e-05 0.000852557 203.145
64.94 5.97654e-06 2.01094e-05 0.000851145 203.158
64.95 5.96692e-06 2.00761e-05 0.000849735 203.172
64.96 5.95732e-06 2.00429e-05 0.000848327 203.186
64.97 5.94773e-06 2.00097e-05 0.000846921 203.199
64.98 5.93815e-06 1.99765e-05 0.000845518 203.213
64.99 5.92859e-06 1.99435e-05 0.000844117 203.226
65 5.91905e-06 1.99105e-05 0.000842719 203.24
65.01 5.90952e-06 1.98775e-05 0.000841323 203.254
65.02 5.90001e-06 1.98446e-05 0.000839929 203.267
65.03 5.89051e-06 1.98117e-05 0.000838538 203.281
65.04 5.88103e-06 1.97789e-05 0.000837149 203.295
65.05 5.87156e-06 1.97462e-05 0.000835762 203.308
65.06 5.86211e-06 1.97135e-05 0.000834378 203.322
65.07 5.85268e-06 1.96809e-05 0.000832996 203.336
65.08 5.84325e-06 1.96483e-05 0.000831616 203.349
65.09 5.83385e-06 1.96158e-05 0.000830238 203.363
65.1 5.82446e-06 1.95833e-05 0.000828863 203.377
65.11 5.81509e-06 1.95509e-05 0.00082749 203.39
65.12 5.80573e-06 1.95186e-05 0.00082612 203.404
65.13 5.79638e-06 1.94863e-05 0.000824752 203.418
65.14 5.78705e-06 1.9454e-05 0.000823386 203.431
65.15 5.77774e-06 1.94218e-05 0.000822022 203.445
65.16 5.76844e-06 1.93897e-05 0.000820661 203.458
65.17 5.75916e-06 1.93576e-05 0.000819302 203.472
65.18 5.74989e-06 1.93256e-05 0.000817945 203.486
65.19 5.74064e-06 1.92936e-05 0.00081659 203.499
65.2 5.7314e-06 1.92616e-05 0.000815238 203.513
65.21 5.72218e-06 1.92298e-05 0.000813888 203.527
65.22 5.71297e-06 1.9198e-05 0.00081254 203.54
65.23 5.70378e-06 1.91662e-05 0.000811195 203.554
65.24 5.6946e-06 1.91345e-05 0.000809852 203.568
65.25 5.68544e-06 1.91028e-05 0.000808511 203.581
65.26 5.67629e-06 1.90712e-05 0.000807172 203.595
65.27 5.66715e-06 1.90397e-05 0.000805835 203.608
65.28 5.65804e-06 1.90082e-05 0.000804501 203.622
65.29 5.64893e-06 1.89767e-05 0.000803169 203.636
65.3 5.63984e-06 1.89453e-05 0.000801839 203.649
65.31 5.63077e-06 1.8914e-05 0.000800512 203.663
65.32 5.62171e-06 1.88827e-05 0.000799187 203.677
65.33 5.61267e-06 1.88514e-05 0.000797863 203.69
65.34 5.60364e-06 1.88203e-05 0.000796543 203.704
65.35 5.59462e-06 1.87891e-05 0.000795224 203.718
65.36 5.58562e-06 1.8758e-05 0.000793908 203.731
65.37 5.57663e-06 1.8727e-05 0.000792593 203.745
65.38 5.56766e-06 1.8696e-05 0.000791281 203.758
65.39 5.55871e-06 1.86651e-05 0.000789971 203.772
65.4 5.54976e-06 1.86342e-05 0.000788664 203.786
65.41 5.54084e-06 1.86034e-05 0.000787358 203.799
65.42 5.53192e-06 1.85726e-05 0.000786055 203.813
65.43 5.52303e-06 1.85419e-05 0.000784754 203.827
65.44 5.51414e-06 1.85113e-05 0.000783455 203.84
65.45 5.50527e-06 1.84806e-05 0.000782158 203.854
65.46 5.49642e-06 1.84501e-05 0.000780864 203.867
65.47 5.48758e-06 1.84196e-05 0.000779571 203.881
65.48 5.47875e-06 1.83891e-05 0.000778281 203.895
65.49 5.46994e-06 1.83587e-05 0.000776993 203.908
65.5 5.46114e-06 1.83283e-05 0.000775707 203.922
65.51 5.45236e-06 1.8298e-05 0.000774424 203.936
65.52 5.44359e-06 1.82678e-05 0.000773142 203.949
65.53 5.43483e-06 1.82376e-05 0.000771863 203.963
65.54 5.42609e-06 1.82074e-05 0.000770585 203.976
65.55 5.41736e-06 1.81773e-05 0.00076931 203.99
65.56 5.40865e-06 1.81472e-05 0.000768037 204.004
65.57 5.39995e-06 1.81172e-05 0.000766766 204.017
65.58 5.39127e-06 1.80873e-05 0.000765497 204.031
65.59 5.3826e-06 1.80574e-05 0.000764231 204.044
65.6 5.37394e-06 1.80275e-05 0.000762966 204.058
65.61 5.3653e-06 1.79977e-05 0.000761704 204.072
65.62 5.35667e-06 1.79679e-05 0.000760444 204.085
65.63 5.34806e-06 1.79382e-05 0.000759185 204.099
65.64 5.33946e-06 1.79086e-05 0.000757929 204.113
65.65 5.33088e-06 1.7879e-05 0.000756675 204.126
65.66 5.3223e-06 1.78494e-05 0.000755424 204.14
65.67 5.31375e-06 1.78199e-05 0.000754174 204.153
65.68 5.3052e-06 1.77904e-05 0.000752926 204.167
65.69 5.29667e-06 1.7761e-05 0.00075168 204.181
65.7 5.28816e-06 1.77317e-05 0.000750437 204.194
65.71 5.27965e-06 1.77024e-05 0.000749196 204.208
65.72 5.27117e-06 1.76731e-05 0.000747956 204.221
65.73 5.26269e-06 1.76439e-05 0.000746719 204.235
65.74 5.25423e-06 1.76147e-05 0.000745484 204.249
65.75 5.24578e-06 1.75856e-05 0.000744251 204.262
65.76 5.23735e-06 1.75565e-05 0.00074302 204.276
65.77 5.22893e-06 1.75275e-05 0.000741791 204.289
65.78 5.22052e-06 1.74986e-05 0.000740564 204.303
65.79 5.21213e-06 1.74696e-05 0.000739339 204.317
65.8 5.20375e-06 1.74408e-05 0.000738116 204.33
65.81 5.19539e-06 1.74119e-05 0.000736895 204.344
65.82 5.18704e-06 1.73832e-05 0.000735677 204.357
65.83 5.1787e-06 1.73544e-05 0.00073446 204.371
65.84 5.17037e-06 1.73258e-05 0.000733245 204.385
65.85 5.16206e-06 1.72971e-05 0.000732033 204.398
65.86 5.15377e-06 1.72685e-05 0.000730822 204.412
65.87 5.14548e-06 1.724e-05 0.000729613 204.425
65.88 5.13721e-06 1.72115e-05 0.000728407 204.439
65.89 5.12895e-06 1.71831e-05 0.000727202 204.453
65.9 5.12071e-06 1.71547e-05 0.000726 204.466
65.91 5.11248e-06 1.71263e-05 0.000724799 204.48
65.92 5.10426e-06 1.7098e-05 0.000723601 204.493
65.93 5.09606e-06 1.70698e-05 0.000722404 204.507
65.94 5.08787e-06 1.70416e-05 0.00072121 204.521
65.95 5.07969e-06 1.70134e-05 0.000720017 204.534
65.96 5.07153e-06 1.69853e-05 0.000718827 204.548
65.97 5.06338e-06 1.69573e-05 0.000717638 204.561
65.98 5.05524e-06 1.69292e-05 0.000716452 204.575
65.99 5.04712e-06 1.69013e-05 0.000715267 204.588
66 5.03901e-06 1.68733e-05 0.000714085 204.602
66.01 5.03091e-06 1.68455e-05 0.000712904 204.616
66.02 5.02283e-06 1.68176e-05 0.000711726 204.629
66.03 5.01475e-06 1.67899e-05 0.000710549 204.643
66.04 5.0067e-06 1.67621e-05 0.000709374 204.656
66.05 4.99865e-06 1.67344e-05 0.000708202 204.67
66.06 4.99062e-06 1.67068e-05 0.000707031 204.684
66.07 4.9826e-06 1.66792e-05 0.000705862 204.697
66.08 4.97459e-06 1.66516e-05 0.000704696 204.711
66.09 4.9666e-06 1.66241e-05 0.000703531 204.724
66.1 4.95862e-06 1.65967e-05 0.000702368 204.738
66.11 4.95066e-06 1.65693e-05 0.000701207 204.752
66.12 4.9427e-06 1.65419e-05 0.000700048 204.765
66.13 4.93476e-06 1.65146e-05 0.000698891 204.779
66.14 4.92683e-06 1.64873e-05 0.000697736 204.792
66.15 4.91892e-06 1.64601e-05 0.000696583 204.806
66.16 4.91101e-06 1.64329e-05 0.000695431 204.819
66.17 4.90312e-06 1.64058e-05 0.000694282 204.833
66.18 4.89525e-06 1.63787e-05 0.000693135 204.847
66.19 4.88738e-06 1.63516e-05 0.000691989 204.86
66.2 4.87953e-06 1.63246e-05 0.000690845 204.874
66.21 4.87169e-06 1.62977e-05 0.000689704 204.887
66.22 4.86387e-06 1.62707e-05 0.000688564 204.901
66.23 4.85606e-06 1.62439e-05 0.000687426 204.914
66.24 4.84825e-06 1.62171e-05 0.00068629 204.928
66.25 4.84047e-06 1.61903e-05 0.000685156 204.942
66.26 4.83269e-06 1.61635e-05 0.000684024 204.955
66.27 4.82493e-06 1.61369e-05 0.000682894 204.969
66.28 4.81718e-06 1.61102e-05 0.000681765 204.982
66.29 4.80944e-06 1.60836e-05 0.000680639 204.996
66.3 4.80172e-06 1.60571e-05 0.000679514 205.009
66.31 4.79401e-06 1.60305e-05 0.000678392 205.023
66.32 4.78631e-06 1.60041e-05 0.000677271 205.037
66.33 4.77862e-06 1.59777e-05 0.000676152 205.05
66.34 4.77094e-06 1.59513e-05 0.000675035 205.064
66.35 4.76328e-06 1.59249e-05 0.00067392 205.077
66.36 4.75563e-06 1.58987e-05 0.000672806 205.091
66.37 4.74799e-06 1.58724e-05 0.000671695 205.104
66.38 4.74037e-06 1.58462e-05 0.000670585 205.118
66.39 4.73276e-06 1.582e-05 0.000669477 205.132
66.4 4.72516e-06 1.57939e-05 0.000668371 205.145
66.41 4.71757e-06 1.57679e-05 0.000667267 205.159
66.42 4.70999e-06 1.57418e-05 0.000666165 205.172
66.43 4.70243e-06 1.57159e-05 0.000665065 205.186
66.44 4.69488e-06 1.56899e-05 0.000663966 205.199
66.45 4.68734e-06 1.5664e-05 0.000662869 205.213
66.46 4.67981e-06 1.56382e-05 0.000661775 205.226
66.47 4.6723e-06 1.56124e-05 0.000660681 205.24
66.48 4.6648e-06 1.55866e-05 0.00065959 205.254
66.49 4.65731e-06 1.55609e-05 0.000658501 205.267
66.5 4.64983e-06 1.55352e-05 0.000657413 205.281
66.51 4.64236e-06 1.55095e-05 0.000656328 205.294
66.52 4.63491e-06 1.54839e-05 0.000655244 205.308
66.53 4.62747e-06 1.54584e-05 0.000654161 205.321
66.54 4.62004e-06 1.54329e-05 0.000653081 205.335
66.55 4.61262e-06 1.54074e-05 0.000652003 205.348
66.56 4.60522e-06 1.5382e-05 0.000650926 205.362
66.57 4.59782e-06 1.53566e-05 0.000649851 205.376
66.58 4.59044e-06 1.53313e-05 0.000648778 205.389
66.59 4.58307e-06 1.5306e-05 0.000647707 205.403
66.6 4.57572e-06 1.52807e-05 0.000646637 205.416
66.61 4.56837e-06 1.52555e-05 0.000645569 205.43
66.62 4.56104e-06 1.52303e-05 0.000644503 205.443
66.63 4.55372e-06 1.52052e-05 0.000643439 205.457
66.64 4.54641e-06 1.51801e-05 0.000642377 205.47
66.65 4.53911e-06 1.51551e-05 0.000641316 205.484
66.66 4.53182e-06 1.51301e-05 0.000640257 205.498
66.67 4.52455e-06 1.51051e-05 0.0006392 205.511
66.68 4.51729e-06 1.50802e-05 0.000638145 205.525
66.69 4.51004e-06 1.50553e-05 0.000637091 205.538
66.7 4.5028e-06 1.50305e-05 0.00063604 205.552
66.71 4.49557e-06 1.50057e-05 0.00063499 205.565
66.72 4.48835e-06 1.49809e-05 0.000633941 205.579
66.73 4.48115e-06 1.49562e-05 0.000632895 205.592
66.74 4.47396e-06 1.49315e-05 0.00063185 205.606
66.75 4.46678e-06 1.49069e-05 0.000630807 205.619
66.76 4.45961e-06 1.48823e-05 0.000629766 205.633
66.77 4.45245e-06 1.48578e-05 0.000628726 205.647
66.78 4.44531e-06 1.48333e-05 0.000627688 205.66
66.79 4.43817e-06 1.48088e-05 0.000626652 205.674
66.8 4.43105e-06 1.47844e-05 0.000625618 205.687
66.81 4.42394e-06 1.476e-05 0.000624585 205.701
66.82 4.41684e-06 1.47356e-05 0.000623554 205.714
66.83 4.40975e-06 1.47113e-05 0.000622525 205.728
66.84 4.40268e-06 1.46871e-05 0.000621498 205.741
66.85 4.39561e-06 1.46629e-05 0.000620472 205.755
66.86 4.38856e-06 1.46387e-05 0.000619448 205.768
66.87 4.38152e-06 1.46145e-05 0.000618426 205.782
66.88 4.37449e-06 1.45904e-05 0.000617405 205.795
66.89 4.36747e-06 1.45664e-05 0.000616386 205.809
66.9 4.36046e-06 1.45423e-05 0.000615369 205.823
66.91 4.35347e-06 1.45184e-05 0.000614354 205.836
66.92 4.34648e-06 1.44944e-05 0.00061334 205.85
66.93 4.33951e-06 1.44705e-05 0.000612328 205.863
66.94 4.33255e-06 1.44467e-05 0.000611317 205.877
66.95 4.32559e-06 1.44228e-05 0.000610309 205.89
66.96 4.31865e-06 1.43991e-05 0.000609302 205.904
66.97 4.31173e-06 1.43753e-05 0.000608296 205.917
66.98 4.30481e-06 1.43516e-05 0.000607293 205.931
66.99 4.2979e-06 1.4328e-05 0.000606291 205.944
67 4.29101e-06 1.43043e-05 0.00060529 205.958
67.01 4.28412e-06 1.42808e-05 0.000604292 205.971
67.02 4.27725e-06 1.42572e-05 0.000603295 205.985
67.03 4.27039e-06 1.42337e-05 0.000602299 205.998
67.04 4.26354e-06 1.42102e-05 0.000601306 206.012
67.05 4.2567e-06 1.41868e-05 0.000600314 206.025
67.06 4.24987e-06 1.41634e-05 0.000599323 206.039
67.07 4.24306e-06 1.41401e-05 0.000598335 206.052
67.08 4.23625e-06 1.41168e-05 0.000597348 206.066
67.09 4.22946e-06 1.40935e-05 0.000596362 206.08
67.1 4.22267e-06 1.40703e-05 0.000595378 206.093
67.11 4.2159e-06 1.40471e-05 0.000594396 206.107
67.12 4.20914e-06 1.40239e-05 0.000593416 206.12
67.13 4.20239e-06 1.40008e-05 0.000592437 206.134
67.14 4.19565e-06 1.39777e-05 0.00059146 206.147
67.15 4.18892e-06 1.39547e-05 0.000590484 206.161
67.16 4.1822e-06 1.39317e-05 0.00058951 206.174
67.17 4.17549e-06 1.39087e-05 0.000588538 206.188
67.18 4.1688e-06 1.38858e-05 0.000587567 206.201
67.19 4.16211e-06 1.38629e-05 0.000586598 206.215
67.2 4.15544e-06 1.38401e-05 0.000585631 206.228
67.21 4.14877e-06 1.38173e-05 0.000584665 206.242
67.22 4.14212e-06 1.37945e-05 0.000583701 206.255
67.23 4.13548e-06 1.37718e-05 0.000582738 206.269
67.24 4.12885e-06 1.37491e-05 0.000581777 206.282
67.25 4.12223e-06 1.37264e-05 0.000580818 206.296
67.26 4.11562e-06 1.37038e-05 0.00057986 206.309
67.27 4.10902e-06 1.36812e-05 0.000578904 206.323
67.28 4.10243e-06 1.36587e-05 0.000577949 206.336
67.29 4.09585e-06 1.36362e-05 0.000576996 206.35
67.3 4.08928e-06 1.36137e-05 0.000576045 206.363
67.31 4.08273e-06 1.35913e-05 0.000575095 206.377
67.32 4.07618e-06 1.35689e-05 0.000574147 206.39
67.33 4.06965e-06 1.35465e-05 0.0005732 206.404
67.34 4.06312e-06 1.35242e-05 0.000572255 206.417
67.35 4.05661e-06 1.35019e-05 0.000571312 206.431
67.36 4.0501e-06 1.34797e-05 0.00057037 206.444
67.37 4.04361e-06 1.34575e-05 0.000569429 206.458
67.38 4.03713e-06 1.34353e-05 0.00056849 206.471
67.39 4.03066e-06 1.34132e-05 0.000567553 206.485
67.4 4.02419e-06 1.33911e-05 0.000566618 206.498
67.41 4.01774e-06 1.3369e-05 0.000565684 206.512
67.42 4.0113e-06 1.3347e-05 0.000564751 206.525
67.43 4.00487e-06 1.3325e-05 0.00056382 206.539
67.44 3.99845e-06 1.3303e-05 0.000562891 206.552
67.45 3.99204e-06 1.32811e-05 0.000561963 206.566
67.46 3.98564e-06 1.32593e-05 0.000561036 206.579
67.47 3.97926e-06 1.32374e-05 0.000560112 206.593
67.48 3.97288e-06 1.32156e-05 0.000559188 206.606
67.49 3.96651e-06 1.31938e-05 0.000558267 206.62
67.5 3.96015e-06 1.31721e-05 0.000557347 206.633
67.51 3.9538e-06 1.31504e-05 0.000556428 206.647
67.52 3.94747e-06 1.31288e-05 0.000555511 206.66
67.53 3.94114e-06 1.31071e-05 0.000554595 206.674
67.54 3.93482e-06 1.30856e-05 0.000553681 206.687
67.55 3.92852e-06 1.3064e-05 0.000552769 206.701
67.56 3.92222e-06 1.30425e-05 0.000551858 206.714
67.57 3.91594e-06 1.3021e-05 0.000550948 206.728
67.58 3.90966e-06 1.29996e-05 0.00055004 206.741
67.59 3.90339e-06 1.29782e-05 0.000549134 206.755
67.6 3.89714e-06 1.29568e-05 0.000548229 206.768
67.61 3.89089e-06 1.29355e-05 0.000547326 206.782
67.62 3.88466e-06 1.29142e-05 0.000546424 206.795
67.63 3.87843e-06 1.28929e-05 0.000545523 206.809
67.64 3.87222e-06 1.28717e-05 0.000544624 206.822
67.65 3.86601e-06 1.28505e-05 0.000543727 206.836
67.66 3.85982e-06 1.28293e-05 0.000542831 206.849
67.67 3.85363e-06 1.28082e-05 0.000541937 206.863
67.68 3.84746e-06 1.27871e-05 0.000541044 206.876
67.69 3.84129e-06 1.2766e-05 0.000540152 206.89
67.7 3.83514e-06 1.2745e-05 0.000539262 206.903
67.71 3.82899e-06 1.2724e-05 0.000538374 206.917
67.72 3.82286e-06 1.27031e-05 0.000537487 206.93
67.73 3.81674e-06 1.26822e-05 0.000536601 206.944
67.74 3.81062e-06 1.26613e-05 0.000535717 206.957
67.75 3.80451e-06 1.26405e-05 0.000534835 206.97
67.76 3.79842e-06 1.26196e-05 0.000533954 206.984
67.77 3.79233e-06 1.25989e-05 0.000533074 206.997
67.78 3.78626e-06 1.25781e-05 0.000532196 207.011
67.79 3.78019e-06 1.25574e-05 0.000531319 207.024
67.8 3.77414e-06 1.25368e-05 0.000530444 207.038
67.81 3.76809e-06 1.25161e-05 0.00052957 207.051
67.82 3.76205e-06 1.24955e-05 0.000528698 207.065
67.83 3.75603e-06 1.2475e-05 0.000527827 207.078
67.84 3.75001e-06 1.24544e-05 0.000526958 207.092
67.85 3.744e-06 1.24339e-05 0.00052609 207.105
67.86 3.73801e-06 1.24135e-05 0.000525223 207.119
67.87 3.73202e-06 1.2393e-05 0.000524358 207.132
67.88 3.72604e-06 1.23726e-05 0.000523495 207.146
67.89 3.72007e-06 1.23523e-05 0.000522633 207.159
67.9 3.71412e-06 1.23319e-05 0.000521772 207.173
67.91 3.70817e-06 1.23117e-05 0.000520913 207.186
67.92 3.70223e-06 1.22914e-05 0.000520055 207.2
67.93 3.6963e-06 1.22712e-05 0.000519198 207.213
67.94 3.69038e-06 1.2251e-05 0.000518343 207.226
67.95 3.68447e-06 1.22308e-05 0.00051749 207.24
67.96 3.67857e-06 1.22107e-05 0.000516638 207.253
67.97 3.67267e-06 1.21906e-05 0.000515787 207.267
67.98 3.66679e-06 1.21705e-05 0.000514938 207.28
67.99 3.66092e-06 1.21505e-05 0.00051409 207.294
68 3.65506e-06 1.21305e-05 0.000513243 207.307
68.01 3.6492e-06 1.21106e-05 0.000512398 207.321
68.02 3.64336e-06 1.20906e-05 0.000511554 207.334
68.03 3.63753e-06 1.20707e-05 0.000510712 207.348
68.04 3.6317e-06 1.20509e-05 0.000509871 207.361
68.05 3.62589e-06 1.20311e-05 0.000509032 207.375
68.06 3.62008e-06 1.20113e-05 0.000508194 207.388
68.07 3.61428e-06 1.19915e-05 0.000507357 207.402
68.08 3.6085e-06 1.19718e-05 0.000506522 207.415
68.09 3.60272e-06 1.19521e-05 0.000505688 207.428
68.1 3.59695e-06 1.19324e-05 0.000504855 207.442
68.11 3.59119e-06 1.19128e-05 0.000504024 207.455
68.12 3.58544e-06 1.18932e-05 0.000503195 207.469
68.13 3.5797e-06 1.18736e-05 0.000502366 207.482
68.14 3.57397e-06 1.18541e-05 0.000501539 207.496
68.15 3.56825e-06 1.18346e-05 0.000500714 207.509
68.16 3.56253e-06 1.18151e-05 0.00049989 207.523
68.17 3.55683e-06 1.17957e-05 0.000499067 207.536
68.18 3.55114e-06 1.17763e-05 0.000498245 207.55
68.19 3.54545e-06 1.17569e-05 0.000497425 207.563
68.2 3.53978e-06 1.17376e-05 0.000496606 207.576
68.21 3.53411e-06 1.17183e-05 0.000495789 207.59
68.22 3.52845e-06 1.1699e-05 0.000494973 207.603
68.23 3.5228e-06 1.16798e-05 0.000494159 207.617
68.24 3.51716e-06 1.16606e-05 0.000493345 207.63
68.25 3.51153e-06 1.16414e-05 0.000492533 207.644
68.26 3.50591e-06 1.16222e-05 0.000491723 207.657
68.27 3.5003e-06 1.16031e-05 0.000490914 207.671
68.28 3.4947e-06 1.1584e-05 0.000490106 207.684
68.29 3.4891e-06 1.1565e-05 0.000489299 207.697
68.3 3.48352e-06 1.1546e-05 0.000488494 207.711
68.31 3.47794e-06 1.1527e-05 0.00048769 207.724
68.32 3.47238e-06 1.1508e-05 0.000486888 207.738
68.33 3.46682e-06 1.14891e-05 0.000486086 207.751
68.34 3.46127e-06 1.14702e-05 0.000485287 207.765
68.35 3.45573e-06 1.14514e-05 0.000484488 207.778
68.36 3.4502e-06 1.14325e-05 0.000483691 207.792
68.37 3.44468e-06 1.14137e-05 0.000482895 207.805
68.38 3.43916e-06 1.1395e-05 0.000482101 207.818
68.39 3.43366e-06 1.13762e-05 0.000481307 207.832
68.4 3.42817e-06 1.13575e-05 0.000480516 207.845
68.41 3.42268e-06 1.13389e-05 0.000479725 207.859
68.42 3.4172e-06 1.13202e-05 0.000478936 207.872
68.43 3.41173e-06 1.13016e-05 0.000478148 207.886
68.44 3.40627e-06 1.1283e-05 0.000477361 207.899
68.45 3.40082e-06 1.12645e-05 0.000476576 207.913
68.46 3.39538e-06 1.1246e-05 0.000475792 207.926
68.47 3.38995e-06 1.12275e-05 0.000475009 207.939
68.48 3.38452e-06 1.1209e-05 0.000474228 207.953
68.49 3.37911e-06 1.11906e-05 0.000473448 207.966
68.5 3.3737e-06 1.11722e-05 0.000472669 207.98
68.51 3.3683e-06 1.11538e-05 0.000471891 207.993
68.52 3.36291e-06 1.11355e-05 0.000471115 208.007
68.53 3.35753e-06 1.11172e-05 0.00047034 208.02
68.54 3.35216e-06 1.10989e-05 0.000469567 208.033
68.55 3.3468e-06 1.10807e-05 0.000468794 208.047
68.56 3.34144e-06 1.10625e-05 0.000468023 208.06
68.57 3.3361e-06 1.10443e-05 0.000467254 208.074
68.58 3.33076e-06 1.10262e-05 0.000466485 208.087
68.59 3.32543e-06 1.1008e-05 0.000465718 208.101
68.6 3.32011e-06 1.09899e-05 0.000464952 208.114
68.61 3.3148e-06 1.09719e-05 0.000464187 208.127
68.62 3.3095e-06 1.09539e-05 0.000463424 208.141
68.63 3.3042e-06 1.09358e-05 0.000462662 208.154
68.64 3.29892e-06 1.09179e-05 0.000461901 208.168
68.65 3.29364e-06 1.08999e-05 0.000461142 208.181
68.66 3.28837e-06 1.0882e-05 0.000460383 208.195
68.67 3.28311e-06 1.08641e-05 0.000459626 208.208
68.68 3.27786e-06 1.08463e-05 0.00045887 208.221
68.69 3.27262e-06 1.08285e-05 0.000458116 208.235
68.7 3.26738e-06 1.08107e-05 0.000457363 208.248
68.71 3.26216e-06 1.07929e-05 0.000456611 208.262
68.72 3.25694e-06 1.07752e-05 0.00045586 208.275
68.73 3.25173e-06 1.07575e-05 0.00045511 208.288
68.74 3.24653e-06 1.07398e-05 0.000454362 208.302
68.75 3.24134e-06 1.07222e-05 0.000453615 208.315
68.76 3.23615e-06 1.07045e-05 0.000452869 208.329
68.77 3.23098e-06 1.0687e-05 0.000452125 208.342
68.78 3.22581e-06 1.06694e-05 0.000451382 208.356
68.79 3.22065e-06 1.06519e-05 0.00045064 208.369
68.8 3.2155e-06 1.06344e-05 0.000449899 208.382
68.81 3.21036e-06 1.06169e-05 0.000449159 208.396
68.82 3.20522e-06 1.05995e-05 0.000448421 208.409
68.83 3.2001e-06 1.05821e-05 0.000447684 208.423
68.84 3.19498e-06 1.05647e-05 0.000446948 208.436
68.85 3.18987e-06 1.05473e-05 0.000446213 208.449
68.86 3.18477e-06 1.053e-05 0.00044548 208.463
68.87 3.17968e-06 1.05127e-05 0.000444747 208.476
68.88 3.17459e-06 1.04954e-05 0.000444016 208.49
68.89 3.16952e-06 1.04782e-05 0.000443287 208.503
68.9 3.16445e-06 1.0461e-05 0.000442558 208.517
68.91 3.15939e-06 1.04438e-05 0.000441831 208.53
68.92 3.15434e-06 1.04267e-05 0.000441104 208.543
68.93 3.14929e-06 1.04095e-05 0.000440379 208.557
68.94 3.14426e-06 1.03924e-05 0.000439656 208.57
68.95 3.13923e-06 1.03754e-05 0.000438933 208.584
68.96 3.13421e-06 1.03583e-05 0.000438212 208.597
68.97 3.1292e-06 1.03413e-05 0.000437492 208.61
68.98 3.1242e-06 1.03243e-05 0.000436773 208.624
68.99 3.1192e-06 1.03074e-05 0.000436055 208.637
69 3.11422e-06 1.02905e-05 0.000435338 208.651
69.01 3.10924e-06 1.02736e-05 0.000434623 208.664
69.02 3.10427e-06 1.02567e-05 0.000433909 208.677
69.03 3.09931e-06 1.02399e-05 0.000433196 208.691
69.04 3.09435e-06 1.0223e-05 0.000432484 208.704
69.05 3.08941e-06 1.02063e-05 0.000431773 208.718
69.06 3.08447e-06 1.01895e-05 0.000431064 208.731
69.07 3.07954e-06 1.01728e-05 0.000430356 208.744
69.08 3.07461e-06 1.01561e-05 0.000429649 208.758
69.09 3.0697e-06 1.01394e-05 0.000428943 208.771
69.1 3.06479e-06 1.01227e-05 0.000428238 208.785
69.11 3.05989e-06 1.01061e-05 0.000427535 208.798
69.12 3.055e-06 1.00895e-05 0.000426832 208.811
69.13 3.05012e-06 1.0073e-05 0.000426131 208.825
69.14 3.04524e-06 1.00564e-05 0.000425431 208.838
69.15 3.04038e-06 1.00399e-05 0.000424732 208.852
69.16 3.03552e-06 1.00234e-05 0.000424034 208.865
69.17 3.03067e-06 1.0007e-05 0.000423338 208.878
69.18 3.02582e-06 9.99056e-06 0.000422642 208.892
69.19 3.02099e-06 9.97416e-06 0.000421948 208.905
69.2 3.01616e-06 9.95779e-06 0.000421255 208.918
69.21 3.01134e-06 9.94145e-06 0.000420563 208.932
69.22 3.00653e-06 9.92513e-06 0.000419872 208.945
69.23 3.00172e-06 9.90884e-06 0.000419183 208.959
69.24 2.99693e-06 9.89258e-06 0.000418494 208.972
69.25 2.99214e-06 9.87634e-06 0.000417807 208.985
69.26 2.98735e-06 9.86013e-06 0.00041712 208.999
69.27 2.98258e-06 9.84395e-06 0.000416435 209.012
69.28 2.97781e-06 9.82779e-06 0.000415751 209.026
69.29 2.97306e-06 9.81166e-06 0.000415069 209.039
69.3 2.96831e-06 9.79556e-06 0.000414387 209.052
69.31 2.96356e-06 9.77949e-06 0.000413706 209.066
69.32 2.95883e-06 9.76344e-06 0.000413027 209.079
69.33 2.9541e-06 9.74742e-06 0.000412349 209.093
69.34 2.94938e-06 9.73142e-06 0.000411672 209.106
69.35 2.94467e-06 9.71545e-06 0.000410996 209.119
69.36 2.93996e-06 9.69951e-06 0.000410321 209.133
69.37 2.93527e-06 9.68359e-06 0.000409647 209.146
69.38 2.93058e-06 9.66771e-06 0.000408974 209.159
69.39 2.92589e-06 9.65184e-06 0.000408303 209.173
69.4 2.92122e-06 9.63601e-06 0.000407632 209.186
69.41 2.91655e-06 9.6202e-06 0.000406963 209.2
69.42 2.91189e-06 9.60441e-06 0.000406295 209.213
69.43 2.90724e-06 9.58865e-06 0.000405628 209.226
69.44 2.9026e-06 9.57292e-06 0.000404962 209.24
69.45 2.89796e-06 9.55722e-06 0.000404297 209.253
69.46 2.89333e-06 9.54154e-06 0.000403633 209.266
69.47 2.88871e-06 9.52588e-06 0.000402971 209.28
69.48 2.8841e-06 9.51026e-06 0.000402309 209.293
69.49 2.87949e-06 9.49466e-06 0.000401649 209.307
69.5 2.87489e-06 9.47908e-06 0.000400989 209.32
69.51 2.8703e-06 9.46353e-06 0.000400331 209.333
69.52 2.86571e-06 9.44801e-06 0.000399674 209.347
69.53 2.86113e-06 9.43251e-06 0.000399018 209.36
69.54 2.85657e-06 9.41704e-06 0.000398363 209.373
69.55 2.852e-06 9.40159e-06 0.000397709 209.387
69.56 2.84745e-06 9.38617e-06 0.000397056 209.4
69.57 2.8429e-06 9.37077e-06 0.000396404 209.413
69.58 2.83836e-06 9.3554e-06 0.000395754 209.427
69.59 2.83383e-06 9.34006e-06 0.000395104 209.44
69.6 2.8293e-06 9.32474e-06 0.000394456 209.454
69.61 2.82478e-06 9.30945e-06 0.000393808 209.467
69.62 2.82027e-06 9.29418e-06 0.000393162 209.48
69.63 2.81577e-06 9.27894e-06 0.000392517 209.494
69.64 2.81127e-06 9.26372e-06 0.000391872 209.507
69.65 2.80678e-06 9.24853e-06 0.000391229 209.52
69.66 2.8023e-06 9.23336e-06 0.000390587 209.534
69.67 2.79782e-06 9.21822e-06 0.000389946 209.547
69.68 2.79336e-06 9.2031e-06 0.000389306 209.56
69.69 2.7889e-06 9.18801e-06 0.000388667 209.574
69.7 2.78444e-06 9.17294e-06 0.00038803 209.587
69.71 2.78e-06 9.1579e-06 0.000387393 209.601
69.72 2.77556e-06 9.14289e-06 0.000386757 209.614
69.73 2.77113e-06 9.12789e-06 0.000386123 209.627
69.74 2.7667e-06 9.11293e-06 0.000385489 209.641
69.75 2.76228e-06 9.09799e-06 0.000384857 209.654
69.76 2.75787e-06 9.08307e-06 0.000384225 209.667
69.77 2.75347e-06 9.06818e-06 0.000383595 209.681
69.78 2.74907e-06 9.05331e-06 0.000382965 209.694
69.79 2.74468e-06 9.03847e-06 0.000382337 209.707
69.8 2.7403e-06 9.02365e-06 0.00038171 209.721
69.81 2.73593e-06 9.00885e-06 0.000381084 209.734
69.82 2.73156e-06 8.99408e-06 0.000380458 209.747
69.83 2.7272e-06 8.97934e-06 0.000379834 209.761
69.84 2.72285e-06 8.96462e-06 0.000379211 209.774
69.85 2.7185e-06 8.94992e-06 0.000378589 209.788
69.86 2.71416e-06 8.93525e-06 0.000377968 209.801
69.87 2.70983e-06 8.9206e-06 0.000377348 209.814
69.88 2.7055e-06 8.90598e-06 0.000376729 209.828
69.89 2.70118e-06 8.89138e-06 0.000376111 209.841
69.9 2.69687e-06 8.87681e-06 0.000375494 209.854
69.91 2.69257e-06 8.86226e-06 0.000374878 209.868
69.92 2.68827e-06 8.84773e-06 0.000374263 209.881
69.93 2.68398e-06 8.83323e-06 0.000373649 209.894
69.94 2.67969e-06 8.81875e-06 0.000373036 209.908
69.95 2.67542e-06 8.8043e-06 0.000372425 209.921
69.96 2.67115e-06 8.78987e-06 0.000371814 209.934
69.97 2.66688e-06 8.77546e-06 0.000371204 209.948
69.98 2.66263e-06 8.76108e-06 0.000370595 209.961
69.99 2.65838e-06 8.74672e-06 0.000369987 209.974
70 2.65413e-06 8.73239e-06 0.000369381 209.988
70.01 2.6499e-06 8.71808e-06 0.000368775 210.001
70.02 2.64567e-06 8.70379e-06 0.00036817 210.014
70.03 2.64145e-06 8.68953e-06 0.000367566 210.028
70.04 2.63723e-06 8.67529e-06 0.000366964 210.041
70.05 2.63302e-06 8.66107e-06 0.000366362 210.054
70.06 2.62882e-06 8.64688e-06 0.000365761 210.068
70.07 2.62463e-06 8.63271e-06 0.000365161 210.081
70.08 2.62044e-06 8.61857e-06 0.000364562 210.094
70.09 2.61626e-06 8.60445e-06 0.000363965 210.108
70.1 2.61208e-06 8.59035e-06 0.000363368 210.121
70.11 2.60791e-06 8.57627e-06 0.000362772 210.134
70.12 2.60375e-06 8.56222e-06 0.000362177 210.148
70.13 2.5996e-06 8.54819e-06 0.000361584 210.161
70.14 2.59545e-06 8.53419e-06 0.000360991 210.174
70.15 2.59131e-06 8.52021e-06 0.000360399 210.188
70.16 2.58717e-06 8.50625e-06 0.000359808 210.201
70.17 2.58305e-06 8.49231e-06 0.000359218 210.214
70.18 2.57893e-06 8.4784e-06 0.000358629 210.228
70.19 2.57481e-06 8.46451e-06 0.000358041 210.241
70.2 2.5707e-06 8.45064e-06 0.000357454 210.254
70.21 2.5666e-06 8.4368e-06 0.000356868 210.268
70.22 2.56251e-06 8.42298e-06 0.000356283 210.281
70.23 2.55842e-06 8.40918e-06 0.000355699 210.294
70.24 2.55434e-06 8.39541e-06 0.000355116 210.308
70.25 2.55026e-06 8.38166e-06 0.000354534 210.321
70.26 2.54619e-06 8.36793e-06 0.000353953 210.334
70.27 2.54213e-06 8.35422e-06 0.000353373 210.348
70.28 2.53808e-06 8.34054e-06 0.000352794 210.361
70.29 2.53403e-06 8.32688e-06 0.000352215 210.374
70.3 2.52999e-06 8.31324e-06 0.000351638 210.388
70.31 2.52595e-06 8.29962e-06 0.000351062 210.401
70.32 2.52192e-06 8.28603e-06 0.000350486 210.414
70.33 2.5179e-06 8.27246e-06 0.000349912 210.428
70.34 2.51388e-06 8.25891e-06 0.000349339 210.441
70.35 2.50987e-06 8.24539e-06 0.000348766 210.454
70.36 2.50587e-06 8.23188e-06 0.000348194 210.468
70.37 2.50187e-06 8.2184e-06 0.000347624 210.481
70.38 2.49788e-06 8.20495e-06 0.000347054 210.494
70.39 2.4939e-06 8.19151e-06 0.000346485 210.508
70.4 2.48992e-06 8.1781e-06 0.000345918 210.521
70.41 2.48595e-06 8.1647e-06 0.000345351 210.534
70.42 2.48199e-06 8.15133e-06 0.000344785 210.547
70.43 2.47803e-06 8.13799e-06 0.00034422 210.561
70.44 2.47408e-06 8.12466e-06 0.000343656 210.574
70.45 2.47013e-06 8.11136e-06 0.000343093 210.587
70.46 2.46619e-06 8.09808e-06 0.000342531 210.601
70.47 2.46226e-06 8.08482e-06 0.000341969 210.614
70.48 2.45833e-06 8.07158e-06 0.000341409 210.627
70.49 2.45441e-06 8.05837e-06 0.00034085 210.641
70.5 2.4505e-06 8.04517e-06 0.000340291 210.654
70.51 2.44659e-06 8.032e-06 0.000339734 210.667
70.52 2.44269e-06 8.01885e-06 0.000339177 210.681
70.53 2.43879e-06 8.00573e-06 0.000338622 210.694
70.54 2.4349e-06 7.99262e-06 0.000338067 210.707
70.55 2.43102e-06 7.97954e-06 0.000337513 210.721
70.56 2.42715e-06 7.96647e-06 0.00033696 210.734
70.57 2.42328e-06 7.95343e-06 0.000336408 210.747
70.58 2.41941e-06 7.94041e-06 0.000335857 210.76
70.59 2.41556e-06 7.92742e-06 0.000335307 210.774
70.6 2.4117e-06 7.91444e-06 0.000334758 210.787
70.61 2.40786e-06 7.90148e-06 0.000334209 210.8
70.62 2.40402e-06 7.88855e-06 0.000333662 210.814
70.63 2.40019e-06 7.87564e-06 0.000333115 210.827
70.64 2.39636e-06 7.86275e-06 0.00033257 210.84
70.65 2.39254e-06 7.84988e-06 0.000332025 210.854
70.66 2.38873e-06 7.83703e-06 0.000331481 210.867
70.67 2.38492e-06 7.82421e-06 0.000330938 210.88
70.68 2.38112e-06 7.8114e-06 0.000330396 210.893
70.69 2.37732e-06 7.79862e-06 0.000329855 210.907
70.7 2.37353e-06 7.78585e-06 0.000329315 210.92
70.71 2.36975e-06 7.77311e-06 0.000328776 210.933
70.72 2.36597e-06 7.76039e-06 0.000328237 210.947
70.73 2.3622e-06 7.74769e-06 0.0003277 210.96
70.74 2.35843e-06 7.73501e-06 0.000327163 210.973
70.75 2.35467e-06 7.72236e-06 0.000326627 210.987
70.76 2.35092e-06 7.70972e-06 0.000326093 211
70.77 2.34717e-06 7.6971e-06 0.000325559 211.013
70.78 2.34343e-06 7.68451e-06 0.000325026 211.026
70.79 2.3397e-06 7.67194e-06 0.000324493 211.04
70.8 2.33597e-06 7.65938e-06 0.000323962 211.053
70.81 2.33225e-06 7.64685e-06 0.000323432 211.066
70.82 2.32853e-06 7.63434e-06 0.000322902 211.08
70.83 2.32482e-06 7.62185e-06 0.000322373 211.093
70.84 2.32111e-06 7.60938e-06 0.000321845 211.106
70.85 2.31741e-06 7.59693e-06 0.000321319 211.119
70.86 2.31372e-06 7.5845e-06 0.000320792 211.133
70.87 2.31003e-06 7.57209e-06 0.000320267 211.146
70.88 2.30635e-06 7.5597e-06 0.000319743 211.159
70.89 2.30268e-06 7.54734e-06 0.00031922 211.173
70.9 2.29901e-06 7.53499e-06 0.000318697 211.186
70.91 2.29534e-06 7.52266e-06 0.000318175 211.199
70.92 2.29169e-06 7.51036e-06 0.000317654 211.212
70.93 2.28804e-06 7.49807e-06 0.000317134 211.226
70.94 2.28439e-06 7.48581e-06 0.000316615 211.239
70.95 2.28075e-06 7.47356e-06 0.000316097 211.252
70.96 2.27712e-06 7.46134e-06 0.00031558 211.266
70.97 2.27349e-06 7.44913e-06 0.000315063 211.279
70.98 2.26987e-06 7.43695e-06 0.000314547 211.292
70.99 2.26625e-06 7.42479e-06 0.000314032 211.305
71 2.26264e-06 7.41264e-06 0.000313518 211.319
71.01 2.25903e-06 7.40052e-06 0.000313005 211.332
71.02 2.25543e-06 7.38842e-06 0.000312493 211.345
71.03 2.25184e-06 7.37633e-06 0.000311982 211.359
71.04 2.24825e-06 7.36427e-06 0.000311471 211.372
71.05 2.24467e-06 7.35222e-06 0.000310961 211.385
71.06 2.2411e-06 7.3402e-06 0.000310452 211.398
71.07 2.23753e-06 7.3282e-06 0.000309944 211.412
71.08 2.23396e-06 7.31621e-06 0.000309437 211.425
71.09 2.2304e-06 7.30425e-06 0.000308931 211.438
71.1 2.22685e-06 7.2923e-06 0.000308425 211.451
71.11 2.2233e-06 7.28038e-06 0.00030792 211.465
71.12 2.21976e-06 7.26848e-06 0.000307417 211.478
71.13 2.21622e-06 7.25659e-06 0.000306914 211.491
71.14 2.21269e-06 7.24472e-06 0.000306411 211.505
71.15 2.20917e-06 7.23288e-06 0.00030591 211.518
71.16 2.20565e-06 7.22105e-06 0.000305409 211.531
71.17 2.20214e-06 7.20925e-06 0.00030491 211.544
71.18 2.19863e-06 7.19746e-06 0.000304411 211.558
71.19 2.19513e-06 7.18569e-06 0.000303913 211.571
71.2 2.19163e-06 7.17394e-06 0.000303416 211.584
71.21 2.18814e-06 7.16221e-06 0.000302919 211.597
71.22 2.18466e-06 7.15051e-06 0.000302424 211.611
71.23 2.18118e-06 7.13882e-06 0.000301929 211.624
71.24 2.1777e-06 7.12715e-06 0.000301435 211.637
71.25 2.17424e-06 7.11549e-06 0.000300942 211.65
71.26 2.17077e-06 7.10386e-06 0.000300449 211.664
71.27 2.16732e-06 7.09225e-06 0.000299958 211.677
71.28 2.16386e-06 7.08066e-06 0.000299467 211.69
71.29 2.16042e-06 7.06908e-06 0.000298977 211.704
71.3 2.15698e-06 7.05753e-06 0.000298488 211.717
71.31 2.15354e-06 7.04599e-06 0.000298 211.73
71.32 2.15011e-06 7.03447e-06 0.000297513 211.743
71.33 2.14669e-06 7.02298e-06 0.000297026 211.757
71.34 2.14327e-06 7.0115e-06 0.00029654 211.77
71.35 2.13986e-06 7.00004e-06 0.000296055 211.783
71.36 2.13645e-06 6.9886e-06 0.000295571 211.796
71.37 2.13305e-06 6.97717e-06 0.000295088 211.81
71.38 2.12965e-06 6.96577e-06 0.000294605 211.823
71.39 2.12626e-06 6.95439e-06 0.000294123 211.836
71.4 2.12288e-06 6.94302e-06 0.000293642 211.849
71.41 2.1195e-06 6.93167e-06 0.000293162 211.863
71.42 2.11612e-06 6.92035e-06 0.000292682 211.876
71.43 2.11275e-06 6.90904e-06 0.000292204 211.889
71.44 2.10939e-06 6.89775e-06 0.000291726 211.902
71.45 2.10603e-06 6.88647e-06 0.000291249 211.916
71.46 2.10268e-06 6.87522e-06 0.000290773 211.929
71.47 2.09933e-06 6.86399e-06 0.000290297 211.942
71.48 2.09599e-06 6.85277e-06 0.000289822 211.955
71.49 2.09265e-06 6.84157e-06 0.000289349 211.969
71.5 2.08932e-06 6.83039e-06 0.000288875 211.982
71.51 2.086e-06 6.81923e-06 0.000288403 211.995
71.52 2.08268e-06 6.80809e-06 0.000287932 212.008
71.53 2.07936e-06 6.79697e-06 0.000287461 212.022
71.54 2.07605e-06 6.78586e-06 0.000286991 212.035
71.55 2.07275e-06 6.77478e-06 0.000286522 212.048
71.56 2.06945e-06 6.76371e-06 0.000286053 212.061
71.57 2.06615e-06 6.75266e-06 0.000285585 212.075
71.58 2.06286e-06 6.74163e-06 0.000285119 212.088
71.59 2.05958e-06 6.73061e-06 0.000284652 212.101
71.6 2.0563e-06 6.71962e-06 0.000284187 212.114
71.61 2.05303e-06 6.70864e-06 0.000283723 212.128
71.62 2.04976e-06 6.69768e-06 0.000283259 212.141
71.63 2.0465e-06 6.68674e-06 0.000282796 212.154
71.64 2.04324e-06 6.67582e-06 0.000282333 212.167
71.65 2.03999e-06 6.66491e-06 0.000281872 212.181
71.66 2.03674e-06 6.65403e-06 0.000281411 212.194
71.67 2.0335e-06 6.64316e-06 0.000280951 212.207
71.68 2.03027e-06 6.63231e-06 0.000280492 212.22
71.69 2.02704e-06 6.62147e-06 0.000280033 212.234
71.7 2.02381e-06 6.61066e-06 0.000279576 212.247
71.71 2.02059e-06 6.59986e-06 0.000279119 212.26
71.72 2.01737e-06 6.58908e-06 0.000278663 212.273
71.73 2.01416e-06 6.57832e-06 0.000278207 212.286
71.74 2.01096e-06 6.56758e-06 0.000277752 212.3
71.75 2.00776e-06 6.55685e-06 0.000277299 212.313
71.76 2.00456e-06 6.54614e-06 0.000276845 212.326
71.77 2.00137e-06 6.53545e-06 0.000276393 212.339
71.78 1.99819e-06 6.52478e-06 0.000275941 212.353
71.79 1.99501e-06 6.51412e-06 0.00027549 212.366
71.8 1.99184e-06 6.50349e-06 0.00027504 212.379
71.81 1.98867e-06 6.49287e-06 0.000274591 212.392
71.82 1.9855e-06 6.48226e-06 0.000274142 212.406
71.83 1.98234e-06 6.47168e-06 0.000273694 212.419
71.84 1.97919e-06 6.46111e-06 0.000273247 212.432
71.85 1.97604e-06 6.45056e-06 0.0002728 212.445
71.86 1.9729e-06 6.44003e-06 0.000272354 212.458
71.87 1.96976e-06 6.42951e-06 0.000271909 212.472
71.88 1.96663e-06 6.41902e-06 0.000271465 212.485
71.89 1.9635e-06 6.40854e-06 0.000271022 212.498
71.9 1.96037e-06 6.39807e-06 0.000270579 212.511
71.91 1.95725e-06 6.38763e-06 0.000270137 212.525
71.92 1.95414e-06 6.3772e-06 0.000269695 212.538
71.93 1.95103e-06 6.36679e-06 0.000269255 212.551
71.94 1.94793e-06 6.35639e-06 0.000268815 212.564
71.95 1.94483e-06 6.34602e-06 0.000268376 212.577
71.96 1.94174e-06 6.33566e-06 0.000267937 212.591
71.97 1.93865e-06 6.32531e-06 0.0002675 212.604
71.98 1.93556e-06 6.31499e-06 0.000267063 212.617
71.99 1.93249e-06 6.30468e-06 0.000266626 212.63
72 1.92941e-06 6.29439e-06 0.000266191 212.644
72.01 1.92634e-06 6.28411e-06 0.000265756 212.657
72.02 1.92328e-06 6.27386e-06 0.000265322 212.67
72.03 1.92022e-06 6.26362e-06 0.000264889 212.683
72.04 1.91717e-06 6.25339e-06 0.000264456 212.696
72.05 1.91412e-06 6.24318e-06 0.000264024 212.71
72.06 1.91107e-06 6.23299e-06 0.000263593 212.723
72.07 1.90803e-06 6.22282e-06 0.000263162 212.736
72.08 1.905e-06 6.21267e-06 0.000262732 212.749
72.09 1.90197e-06 6.20253e-06 0.000262303 212.763
72.1 1.89895e-06 6.1924e-06 0.000261875 212.776
72.11 1.89593e-06 6.1823e-06 0.000261447 212.789
72.12 1.89291e-06 6.17221e-06 0.00026102 212.802
72.13 1.8899e-06 6.16214e-06 0.000260594 212.815
72.14 1.8869e-06 6.15208e-06 0.000260168 212.829
72.15 1.88389e-06 6.14204e-06 0.000259744 212.842
72.16 1.8809e-06 6.13202e-06 0.000259319 212.855
72.17 1.87791e-06 6.12201e-06 0.000258896 212.868
72.18 1.87492e-06 6.11202e-06 0.000258473 212.881
72.19 1.87194e-06 6.10205e-06 0.000258051 212.895
72.2 1.86896e-06 6.09209e-06 0.00025763 212.908
72.21 1.86599e-06 6.08215e-06 0.000257209 212.921
72.22 1.86303e-06 6.07223e-06 0.000256789 212.934
72.23 1.86006e-06 6.06232e-06 0.00025637 212.947
72.24 1.85711e-06 6.05243e-06 0.000255951 212.961
72.25 1.85415e-06 6.04255e-06 0.000255533 212.974
72.26 1.85121e-06 6.03269e-06 0.000255116 212.987
72.27 1.84826e-06 6.02285e-06 0.0002547 213
72.28 1.84533e-06 6.01303e-06 0.000254284 213.013
72.29 1.84239e-06 6.00322e-06 0.000253869 213.027
72.3 1.83946e-06 5.99342e-06 0.000253454 213.04
72.31 1.83654e-06 5.98364e-06 0.00025304 213.053
72.32 1.83362e-06 5.97388e-06 0.000252627 213.066
72.33 1.8307e-06 5.96414e-06 0.000252215 213.079
72.34 1.82779e-06 5.95441e-06 0.000251803 213.093
72.35 1.82489e-06 5.9447e-06 0.000251392 213.106
72.36 1.82199e-06 5.935e-06 0.000250982 213.119
72.37 1.81909e-06 5.92532e-06 0.000250572 213.132
72.38 1.8162e-06 5.91565e-06 0.000250163 213.145
72.39 1.81331e-06 5.906e-06 0.000249755 213.159
72.4 1.81043e-06 5.89637e-06 0.000249347 213.172
72.41 1.80755e-06 5.88675e-06 0.00024894 213.185
72.42 1.80468e-06 5.87715e-06 0.000248534 213.198
72.43 1.80181e-06 5.86757e-06 0.000248128 213.211
72.44 1.79895e-06 5.858e-06 0.000247723 213.225
72.45 1.79609e-06 5.84844e-06 0.000247319 213.238
72.46 1.79323e-06 5.8389e-06 0.000246915 213.251
72.47 1.79038e-06 5.82938e-06 0.000246512 213.264
72.48 1.78754e-06 5.81988e-06 0.00024611 213.277
72.49 1.7847e-06 5.81038e-06 0.000245708 213.291
72.5 1.78186e-06 5.80091e-06 0.000245307 213.304
72.51 1.77903e-06 5.79145e-06 0.000244907 213.317
72.52 1.7762e-06 5.78201e-06 0.000244507 213.33
72.53 1.77338e-06 5.77258e-06 0.000244108 213.343
72.54 1.77056e-06 5.76316e-06 0.00024371 213.356
72.55 1.76775e-06 5.75377e-06 0.000243312 213.37
72.56 1.76494e-06 5.74438e-06 0.000242915 213.383
72.57 1.76214e-06 5.73502e-06 0.000242519 213.396
72.58 1.75933e-06 5.72567e-06 0.000242123 213.409
72.59 1.75654e-06 5.71633e-06 0.000241728 213.422
72.6 1.75375e-06 5.70701e-06 0.000241334 213.436
72.61 1.75096e-06 5.69771e-06 0.00024094 213.449
72.62 1.74818e-06 5.68842e-06 0.000240547 213.462
72.63 1.7454e-06 5.67914e-06 0.000240155 213.475
72.64 1.74263e-06 5.66988e-06 0.000239763 213.488
72.65 1.73986e-06 5.66064e-06 0.000239372 213.501
72.66 1.7371e-06 5.65141e-06 0.000238981 213.515
72.67 1.73434e-06 5.6422e-06 0.000238591 213.528
72.68 1.73158e-06 5.633e-06 0.000238202 213.541
72.69 1.72883e-06 5.62382e-06 0.000237813 213.554
72.7 1.72608e-06 5.61465e-06 0.000237426 213.567
72.71 1.72334e-06 5.6055e-06 0.000237038 213.581
72.72 1.7206e-06 5.59636e-06 0.000236652 213.594
72.73 1.71787e-06 5.58724e-06 0.000236266 213.607
72.74 1.71514e-06 5.57813e-06 0.00023588 213.62
72.75 1.71242e-06 5.56904e-06 0.000235495 213.633
72.76 1.7097e-06 5.55996e-06 0.000235111 213.646
72.77 1.70698e-06 5.5509e-06 0.000234728 213.66
72.78 1.70427e-06 5.54185e-06 0.000234345 213.673
72.79 1.70156e-06 5.53282e-06 0.000233963 213.686
72.8 1.69886e-06 5.5238e-06 0.000233581 213.699
72.81 1.69616e-06 5.5148e-06 0.0002332 213.712
72.82 1.69347e-06 5.50581e-06 0.00023282 213.725
72.83 1.69078e-06 5.49684e-06 0.00023244 213.739
72.84 1.68809e-06 5.48788e-06 0.000232061 213.752
72.85 1.68541e-06 5.47894e-06 0.000231683 213.765
72.86 1.68273e-06 5.47001e-06 0.000231305 213.778
72.87 1.68006e-06 5.4611e-06 0.000230928 213.791
72.88 1.67739e-06 5.4522e-06 0.000230551 213.804
72.89 1.67473e-06 5.44331e-06 0.000230175 213.818
72.9 1.67207e-06 5.43444e-06 0.0002298 213.831
72.91 1.66941e-06 5.42559e-06 0.000229425 213.844
72.92 1.66676e-06 5.41675e-06 0.000229051 213.857
72.93 1.66412e-06 5.40792e-06 0.000228678 213.87
72.94 1.66147e-06 5.39911e-06 0.000228305 213.883
72.95 1.65883e-06 5.39031e-06 0.000227932 213.897
72.96 1.6562e-06 5.38153e-06 0.000227561 213.91
72.97 1.65357e-06 5.37276e-06 0.00022719 213.923
72.98 1.65094e-06 5.36401e-06 0.000226819 213.936
72.99 1.64832e-06 5.35527e-06 0.00022645 213.949
73 1.64571e-06 5.34655e-06 0.00022608 213.962
73.01 1.64309e-06 5.33784e-06 0.000225712 213.976
73.02 1.64048e-06 5.32914e-06 0.000225344 213.989
73.03 1.63788e-06 5.32046e-06 0.000224977 214.002
73.04 1.63528e-06 5.31179e-06 0.00022461 214.015
73.05 1.63268e-06 5.30314e-06 0.000224244 214.028
73.06 1.63009e-06 5.2945e-06 0.000223878 214.041
73.07 1.6275e-06 5.28587e-06 0.000223513 214.054
73.08 1.62492e-06 5.27726e-06 0.000223149 214.068
73.09 1.62234e-06 5.26867e-06 0.000222785 214.081
73.1 1.61976e-06 5.26009e-06 0.000222422 214.094
73.11 1.61719e-06 5.25152e-06 0.000222059 214.107
73.12 1.61462e-06 5.24296e-06 0.000221697 214.12
73.13 1.61206e-06 5.23443e-06 0.000221336 214.133
73.14 1.6095e-06 5.2259e-06 0.000220975 214.147
73.15 1.60695e-06 5.21739e-06 0.000220615 214.16
73.16 1.60439e-06 5.20889e-06 0.000220256 214.173
73.17 1.60185e-06 5.20041e-06 0.000219897 214.186
73.18 1.59931e-06 5.19194e-06 0.000219538 214.199
73.19 1.59677e-06 5.18348e-06 0.00021918 214.212
73.2 1.59423e-06 5.17504e-06 0.000218823 214.225
73.21 1.5917e-06 5.16661e-06 0.000218467 214.239
73.22 1.58917e-06 5.1582e-06 0.000218111 214.252
73.23 1.58665e-06 5.1498e-06 0.000217755 214.265
73.24 1.58413e-06 5.14141e-06 0.0002174 214.278
73.25 1.58162e-06 5.13304e-06 0.000217046 214.291
73.26 1.57911e-06 5.12468e-06 0.000216692 214.304
73.27 1.5766e-06 5.11634e-06 0.000216339 214.317
73.28 1.5741e-06 5.10801e-06 0.000215987 214.331
73.29 1.5716e-06 5.09969e-06 0.000215635 214.344
73.3 1.56911e-06 5.09139e-06 0.000215284 214.357
73.31 1.56662e-06 5.0831e-06 0.000214933 214.37
73.32 1.56413e-06 5.07482e-06 0.000214583 214.383
73.33 1.56165e-06 5.06656e-06 0.000214233 214.396
73.34 1.55917e-06 5.05831e-06 0.000213884 214.409
73.35 1.5567e-06 5.05008e-06 0.000213536 214.423
73.36 1.55423e-06 5.04185e-06 0.000213188 214.436
73.37 1.55176e-06 5.03365e-06 0.00021284 214.449
73.38 1.5493e-06 5.02545e-06 0.000212494 214.462
73.39 1.54684e-06 5.01727e-06 0.000212147 214.475
73.4 1.54438e-06 5.0091e-06 0.000211802 214.488
73.41 1.54193e-06 5.00095e-06 0.000211457 214.501
73.42 1.53949e-06 4.99281e-06 0.000211112 214.514
73.43 1.53704e-06 4.98468e-06 0.000210768 214.528
73.44 1.53461e-06 4.97657e-06 0.000210425 214.541
73.45 1.53217e-06 4.96847e-06 0.000210082 214.554
73.46 1.52974e-06 4.96038e-06 0.00020974 214.567
73.47 1.52731e-06 4.95231e-06 0.000209399 214.58
73.48 1.52489e-06 4.94424e-06 0.000209057 214.593
73.49 1.52247e-06 4.9362e-06 0.000208717 214.606
73.5 1.52005e-06 4.92816e-06 0.000208377 214.62
73.51 1.51764e-06 4.92014e-06 0.000208038 214.633
73.52 1.51524e-06 4.91213e-06 0.000207699 214.646
73.53 1.51283e-06 4.90414e-06 0.000207361 214.659
73.54 1.51043e-06 4.89616e-06 0.000207023 214.672
73.55 1.50804e-06 4.88819e-06 0.000206686 214.685
73.56 1.50564e-06 4.88024e-06 0.000206349 214.698
73.57 1.50325e-06 4.87229e-06 0.000206013 214.711
73.58 1.50087e-06 4.86436e-06 0.000205678 214.725
73.59 1.49849e-06 4.85645e-06 0.000205343 214.738
73.6 1.49611e-06 4.84855e-06 0.000205008 214.751
73.61 1.49374e-06 4.84066e-06 0.000204674 214.764
73.62 1.49137e-06 4.83278e-06 0.000204341 214.777
73.63 1.489e-06 4.82492e-06 0.000204008 214.79
73.64 1.48664e-06 4.81707e-06 0.000203676 214.803
73.65 1.48428e-06 4.80923e-06 0.000203345 214.816
73.66 1.48193e-06 4.8014e-06 0.000203014 214.829
73.67 1.47958e-06 4.79359e-06 0.000202683 214.843
73.68 1.47723e-06 4.78579e-06 0.000202353 214.856
73.69 1.47489e-06 4.778e-06 0.000202024 214.869
73.7 1.47255e-06 4.77023e-06 0.000201695 214.882
73.71 1.47022e-06 4.76247e-06 0.000201366 214.895
73.72 1.46788e-06 4.75472e-06 0.000201038 214.908
73.73 1.46556e-06 4.74699e-06 0.000200711 214.921
73.74 1.46323e-06 4.73926e-06 0.000200384 214.934
73.75 1.46091e-06 4.73155e-06 0.000200058 214.948
73.76 1.45859e-06 4.72386e-06 0.000199732 214.961
73.77 1.45628e-06 4.71617e-06 0.000199407 214.974
73.78 1.45397e-06 4.7085e-06 0.000199083 214.987
73.79 1.45167e-06 4.70084e-06 0.000198759 215
73.8 1.44936e-06 4.6932e-06 0.000198435 215.013
73.81 1.44707e-06 4.68556e-06 0.000198112 215.026
73.82 1.44477e-06 4.67794e-06 0.00019779 215.039
73.83 1.44248e-06 4.67033e-06 0.000197468 215.052
73.84 1.44019e-06 4.66274e-06 0.000197146 215.066
73.85 1.43791e-06 4.65515e-06 0.000196825 215.079
73.86 1.43563e-06 4.64758e-06 0.000196505 215.092
73.87 1.43335e-06 4.64002e-06 0.000196185 215.105
73.88 1.43108e-06 4.63247e-06 0.000195866 215.118
73.89 1.42881e-06 4.62494e-06 0.000195547 215.131
73.9 1.42655e-06 4.61742e-06 0.000195229 215.144
73.91 1.42428e-06 4.60991e-06 0.000194911 215.157
73.92 1.42203e-06 4.60241e-06 0.000194594 215.17
73.93 1.41977e-06 4.59493e-06 0.000194277 215.183
73.94 1.41752e-06 4.58746e-06 0.000193961 215.197
73.95 1.41527e-06 4.58e-06 0.000193646 215.21
73.96 1.41303e-06 4.57255e-06 0.00019333 215.223
73.97 1.41079e-06 4.56511e-06 0.000193016 215.236
73.98 1.40855e-06 4.55769e-06 0.000192702 215.249
73.99 1.40632e-06 4.55028e-06 0.000192388 215.262
74 1.40409e-06 4.54288e-06 0.000192075 215.275
74.01 1.40187e-06 4.53549e-06 0.000191763 215.288
74.02 1.39964e-06 4.52812e-06 0.000191451 215.301
74.03 1.39743e-06 4.52076e-06 0.000191139 215.314
74.04 1.39521e-06 4.51341e-06 0.000190828 215.328
74.05 1.393e-06 4.50607e-06 0.000190518 215.341
74.06 1.39079e-06 4.49874e-06 0.000190208 215.354
74.07 1.38859e-06 4.49143e-06 0.000189898 215.367
74.08 1.38639e-06 4.48413e-06 0.000189589 215.38
74.09 1.38419e-06 4.47684e-06 0.000189281 215.393
74.1 1.38199e-06 4.46956e-06 0.000188973 215.406
74.11 1.3798e-06 4.46229e-06 0.000188666 215.419
74.12 1.37762e-06 4.45504e-06 0.000188359 215.432
74.13 1.37543e-06 4.4478e-06 0.000188052 215.445
74.14 1.37325e-06 4.44057e-06 0.000187746 215.458
74.15 1.37108e-06 4.43335e-06 0.000187441 215.472
74.16 1.3689e-06 4.42614e-06 0.000187136 215.485
74.17 1.36674e-06 4.41895e-06 0.000186832 215.498
74.18 1.36457e-06 4.41176e-06 0.000186528 215.511
74.19 1.36241e-06 4.40459e-06 0.000186224 215.524
74.2 1.36025e-06 4.39743e-06 0.000185921 215.537
74.21 1.35809e-06 4.39029e-06 0.000185619 215.55
74.22 1.35594e-06 4.38315e-06 0.000185317 215.563
74.23 1.35379e-06 4.37603e-06 0.000185016 215.576
74.24 1.35165e-06 4.36892e-06 0.000184715 215.589
74.25 1.3495e-06 4.36181e-06 0.000184414 215.602
74.26 1.34737e-06 4.35473e-06 0.000184115 215.615
74.27 1.34523e-06 4.34765e-06 0.000183815 215.629
74.28 1.3431e-06 4.34058e-06 0.000183516 215.642
74.29 1.34097e-06 4.33353e-06 0.000183218 215.655
74.3 1.33885e-06 4.32649e-06 0.00018292 215.668
74.31 1.33673e-06 4.31946e-06 0.000182622 215.681
74.32 1.33461e-06 4.31244e-06 0.000182325 215.694
74.33 1.33249e-06 4.30543e-06 0.000182029 215.707
74.34 1.33038e-06 4.29843e-06 0.000181733 215.72
74.35 1.32828e-06 4.29145e-06 0.000181437 215.733
74.36 1.32617e-06 4.28448e-06 0.000181142 215.746
74.37 1.32407e-06 4.27752e-06 0.000180848 215.759
74.38 1.32197e-06 4.27056e-06 0.000180554 215.772
74.39 1.31988e-06 4.26363e-06 0.00018026 215.785
74.4 1.31779e-06 4.2567e-06 0.000179967 215.799
74.41 1.3157e-06 4.24978e-06 0.000179675 215.812
74.42 1.31362e-06 4.24288e-06 0.000179382 215.825
74.43 1.31153e-06 4.23599e-06 0.000179091 215.838
74.44 1.30946e-06 4.2291e-06 0.0001788 215.851
74.45 1.30738e-06 4.22223e-06 0.000178509 215.864
74.46 1.30531e-06 4.21537e-06 0.000178219 215.877
74.47 1.30324e-06 4.20853e-06 0.000177929 215.89
74.48 1.30118e-06 4.20169e-06 0.00017764 215.903
74.49 1.29912e-06 4.19486e-06 0.000177351 215.916
74.5 1.29706e-06 4.18805e-06 0.000177063 215.929
74.51 1.29501e-06 4.18125e-06 0.000176775 215.942
74.52 1.29296e-06 4.17445e-06 0.000176488 215.955
74.53 1.29091e-06 4.16767e-06 0.000176201 215.968
74.54 1.28886e-06 4.1609e-06 0.000175914 215.982
74.55 1.28682e-06 4.15415e-06 0.000175628 215.995
74.56 1.28478e-06 4.1474e-06 0.000175343 216.008
74.57 1.28275e-06 4.14066e-06 0.000175058 216.021
74.58 1.28072e-06 4.13394e-06 0.000174773 216.034
74.59 1.27869e-06 4.12722e-06 0.000174489 216.047
74.6 1.27667e-06 4.12052e-06 0.000174206 216.06
74.61 1.27464e-06 4.11383e-06 0.000173923 216.073
74.62 1.27263e-06 4.10715e-06 0.00017364 216.086
74.63 1.27061e-06 4.10048e-06 0.000173358 216.099
74.64 1.2686e-06 4.09382e-06 0.000173076 216.112
74.65 1.26659e-06 4.08717e-06 0.000172795 216.125
74.66 1.26458e-06 4.08053e-06 0.000172514 216.138
74.67 1.26258e-06 4.07391e-06 0.000172234 216.151
74.68 1.26058e-06 4.06729e-06 0.000171954 216.164
74.69 1.25859e-06 4.06069e-06 0.000171674 216.177
74.7 1.25659e-06 4.05409e-06 0.000171395 216.19
74.71 1.2546e-06 4.04751e-06 0.000171117 216.204
74.72 1.25262e-06 4.04094e-06 0.000170839 216.217
74.73 1.25063e-06 4.03437e-06 0.000170561 216.23
74.74 1.24865e-06 4.02782e-06 0.000170284 216.243
74.75 1.24668e-06 4.02128e-06 0.000170007 216.256
74.76 1.2447e-06 4.01476e-06 0.000169731 216.269
74.77 1.24273e-06 4.00824e-06 0.000169455 216.282
74.78 1.24077e-06 4.00173e-06 0.00016918 216.295
74.79 1.2388e-06 3.99523e-06 0.000168905 216.308
74.8 1.23684e-06 3.98875e-06 0.000168631 216.321
74.81 1.23488e-06 3.98227e-06 0.000168357 216.334
74.82 1.23293e-06 3.97581e-06 0.000168083 216.347
74.83 1.23098e-06 3.96935e-06 0.00016781 216.36
74.84 1.22903e-06 3.96291e-06 0.000167538 216.373
74.85 1.22708e-06 3.95647e-06 0.000167266 216.386
74.86 1.22514e-06 3.95005e-06 0.000166994 216.399
74.87 1.2232e-06 3.94364e-06 0.000166723 216.412
74.88 1.22126e-06 3.93724e-06 0.000166452 216.425
74.89 1.21933e-06 3.93085e-06 0.000166181 216.438
74.9 1.2174e-06 3.92447e-06 0.000165911 216.451
74.91 1.21547e-06 3.9181e-06 0.000165642 216.465
74.92 1.21355e-06 3.91174e-06 0.000165373 216.478
74.93 1.21163e-06 3.90539e-06 0.000165104 216.491
74.94 1.20971e-06 3.89905e-06 0.000164836 216.504
74.95 1.2078e-06 3.89272e-06 0.000164568 216.517
74.96 1.20589e-06 3.8864e-06 0.000164301 216.53
74.97 1.20398e-06 3.8801e-06 0.000164034 216.543
74.98 1.20207e-06 3.8738e-06 0.000163768 216.556
74.99 1.20017e-06 3.86751e-06 0.000163502 216.569
75 1.19827e-06 3.86124e-06 0.000163236 216.582
75.01 1.19637e-06 3.85497e-06 0.000162971 216.595
75.02 1.19448e-06 3.84871e-06 0.000162707 216.608
75.03 1.19259e-06 3.84247e-06 0.000162443 216.621
75.04 1.1907e-06 3.83623e-06 0.000162179 216.634
75.05 1.18882e-06 3.83001e-06 0.000161915 216.647
75.06 1.18694e-06 3.82379e-06 0.000161652 216.66
75.07 1.18506e-06 3.81759e-06 0.00016139 216.673
75.08 1.18318e-06 3.81139e-06 0.000161128 216.686
75.09 1.18131e-06 3.80521e-06 0.000160866 216.699
75.1 1.17944e-06 3.79904e-06 0.000160605 216.712
75.11 1.17758e-06 3.79287e-06 0.000160344 216.725
75.12 1.17571e-06 3.78672e-06 0.000160084 216.738
75.13 1.17385e-06 3.78057e-06 0.000159824 216.751
75.14 1.172e-06 3.77444e-06 0.000159565 216.764
75.15 1.17014e-06 3.76832e-06 0.000159306 216.777
75.16 1.16829e-06 3.7622e-06 0.000159047 216.79
75.17 1.16644e-06 3.7561e-06 0.000158789 216.803
75.18 1.1646e-06 3.75001e-06 0.000158531 216.816
75.19 1.16275e-06 3.74392e-06 0.000158274 216.829
75.2 1.16091e-06 3.73785e-06 0.000158017 216.842
75.21 1.15908e-06 3.73179e-06 0.00015776 216.856
75.22 1.15724e-06 3.72573e-06 0.000157504 216.869
75.23 1.15541e-06 3.71969e-06 0.000157248 216.882
75.24 1.15359e-06 3.71365e-06 0.000156993 216.895
75.25 1.15176e-06 3.70763e-06 0.000156738 216.908
75.26 1.14994e-06 3.70162e-06 0.000156484 216.921
75.27 1.14812e-06 3.69561e-06 0.00015623 216.934
75.28 1.1463e-06 3.68962e-06 0.000155976 216.947
75.29 1.14449e-06 3.68363e-06 0.000155723 216.96
75.3 1.14268e-06 3.67766e-06 0.00015547 216.973
75.31 1.14087e-06 3.67169e-06 0.000155218 216.986
75.32 1.13907e-06 3.66574e-06 0.000154966 216.999
75.33 1.13727e-06 3.65979e-06 0.000154715 217.012
75.34 1.13547e-06 3.65386e-06 0.000154464 217.025
75.35 1.13367e-06 3.64793e-06 0.000154213 217.038
75.36 1.13188e-06 3.64202e-06 0.000153963 217.051
75.37 1.13009e-06 3.63611e-06 0.000153713 217.064
75.38 1.1283e-06 3.63021e-06 0.000153463 217.077
75.39 1.12652e-06 3.62433e-06 0.000153214 217.09
75.4 1.12474e-06 3.61845e-06 0.000152966 217.103
75.41 1.12296e-06 3.61258e-06 0.000152717 217.116
75.42 1.12118e-06 3.60672e-06 0.00015247 217.129
75.43 1.11941e-06 3.60088e-06 0.000152222 217.142
75.44 1.11764e-06 3.59504e-06 0.000151975 217.155
75.45 1.11587e-06 3.58921e-06 0.000151729 217.168
75.46 1.11411e-06 3.58339e-06 0.000151482 217.181
75.47 1.11234e-06 3.57758e-06 0.000151237 217.194
75.48 1.11058e-06 3.57178e-06 0.000150991 217.207
75.49 1.10883e-06 3.56599e-06 0.000150746 217.22
75.5 1.10708e-06 3.56021e-06 0.000150502 217.233
75.51 1.10532e-06 3.55443e-06 0.000150258 217.246
75.52 1.10358e-06 3.54867e-06 0.000150014 217.259
75.53 1.10183e-06 3.54292e-06 0.00014977 217.272
75.54 1.10009e-06 3.53717e-06 0.000149527 217.285
75.55 1.09835e-06 3.53144e-06 0.000149285 217.298
75.56 1.09661e-06 3.52571e-06 0.000149043 217.311
75.57 1.09488e-06 3.52e-06 0.000148801 217.324
75.58 1.09315e-06 3.51429e-06 0.000148559 217.337
75.59 1.09142e-06 3.5086e-06 0.000148319 217.35
75.6 1.0897e-06 3.50291e-06 0.000148078 217.363
75.61 1.08797e-06 3.49723e-06 0.000147838 217.376
75.62 1.08625e-06 3.49156e-06 0.000147598 217.389
75.63 1.08454e-06 3.4859e-06 0.000147359 217.402
75.64 1.08282e-06 3.48025e-06 0.00014712 217.415
75.65 1.08111e-06 3.47461e-06 0.000146881 217.428
75.66 1.0794e-06 3.46898e-06 0.000146643 217.441
75.67 1.07769e-06 3.46336e-06 0.000146405 217.454
75.68 1.07599e-06 3.45774e-06 0.000146167 217.467
75.69 1.07429e-06 3.45214e-06 0.00014593 217.48
75.7 1.07259e-06 3.44655e-06 0.000145694 217.493
75.71 1.0709e-06 3.44096e-06 0.000145457 217.506
75.72 1.0692e-06 3.43538e-06 0.000145221 217.519
75.73 1.06751e-06 3.42982e-06 0.000144986 217.532
75.74 1.06583e-06 3.42426e-06 0.000144751 217.545
75.75 1.06414e-06 3.41871e-06 0.000144516 217.558
75.76 1.06246e-06 3.41317e-06 0.000144282 217.571
75.77 1.06078e-06 3.40764e-06 0.000144048 217.584
75.78 1.0591e-06 3.40212e-06 0.000143814 217.597
75.79 1.05743e-06 3.3966e-06 0.000143581 217.61
75.8 1.05576e-06 3.3911e-06 0.000143348 217.623
75.81 1.05409e-06 3.3856e-06 0.000143116 217.636
75.82 1.05242e-06 3.38012e-06 0.000142884 217.649
75.83 1.05076e-06 3.37464e-06 0.000142652 217.662
75.84 1.0491e-06 3.36917e-06 0.000142421 217.675
75.85 1.04744e-06 3.36372e-06 0.00014219 217.688
75.86 1.04579e-06 3.35827e-06 0.000141959 217.701
75.87 1.04413e-06 3.35282e-06 0.000141729 217.714
75.88 1.04248e-06 3.34739e-06 0.000141499 217.727
75.89 1.04084e-06 3.34197e-06 0.00014127 217.74
75.9 1.03919e-06 3.33656e-06 0.000141041 217.753
75.91 1.03755e-06 3.33115e-06 0.000140812 217.766
75.92 1.03591e-06 3.32575e-06 0.000140584 217.779
75.93 1.03427e-06 3.32037e-06 0.000140356 217.792
75.94 1.03264e-06 3.31499e-06 0.000140129 217.805
75.95 1.03101e-06 3.30962e-06 0.000139901 217.818
75.96 1.02938e-06 3.30426e-06 0.000139675 217.831
75.97 1.02775e-06 3.2989e-06 0.000139448 217.844
75.98 1.02613e-06 3.29356e-06 0.000139222 217.857
75.99 1.02451e-06 3.28823e-06 0.000138997 217.87
76 1.02289e-06 3.2829e-06 0.000138771 217.883
76.01 1.02127e-06 3.27758e-06 0.000138546 217.896
76.02 1.01966e-06 3.27227e-06 0.000138322 217.909
76.03 1.01805e-06 3.26697e-06 0.000138098 217.922
76.04 1.01644e-06 3.26168e-06 0.000137874 217.934
76.05 1.01483e-06 3.2564e-06 0.00013765 217.947
76.06 1.01323e-06 3.25113e-06 0.000137427 217.96
76.07 1.01163e-06 3.24586e-06 0.000137205 217.973
76.08 1.01003e-06 3.2406e-06 0.000136982 217.986
76.09 1.00844e-06 3.23536e-06 0.00013676 217.999
76.1 1.00684e-06 3.23012e-06 0.000136539 218.012
76.11 1.00525e-06 3.22488e-06 0.000136317 218.025
76.12 1.00367e-06 3.21966e-06 0.000136096 218.038
76.13 1.00208e-06 3.21445e-06 0.000135876 218.051
76.14 1.0005e-06 3.20924e-06 0.000135656 218.064
76.15 9.98917e-07 3.20405e-06 0.000135436 218.077
76.16 9.97339e-07 3.19886e-06 0.000135216 218.09
76.17 9.95764e-07 3.19368e-06 0.000134997 218.103
76.18 9.94191e-07 3.18851e-06 0.000134779 218.116
76.19 9.92621e-07 3.18335e-06 0.00013456 218.129
76.2 9.91053e-07 3.17819e-06 0.000134342 218.142
76.21 9.89488e-07 3.17305e-06 0.000134124 218.155
76.22 9.87925e-07 3.16791e-06 0.000133907 218.168
76.23 9.86365e-07 3.16278e-06 0.00013369 218.181
76.24 9.84807e-07 3.15766e-06 0.000133474 218.194
76.25 9.83252e-07 3.15255e-06 0.000133257 218.207
76.26 9.81699e-07 3.14744e-06 0.000133042 218.22
76.27 9.80149e-07 3.14235e-06 0.000132826 218.233
76.28 9.78601e-07 3.13726e-06 0.000132611 218.246
76.29 9.77056e-07 3.13218e-06 0.000132396 218.259
76.3 9.75513e-07 3.12711e-06 0.000132181 218.272
76.31 9.73973e-07 3.12205e-06 0.000131967 218.285
76.32 9.72435e-07 3.11699e-06 0.000131754 218.298
76.33 9.70899e-07 3.11195e-06 0.00013154 218.311
76.34 9.69366e-07 3.10691e-06 0.000131327 218.323
76.35 9.67835e-07 3.10188e-06 0.000131114 218.336
76.36 9.66307e-07 3.09686e-06 0.000130902 218.349
76.37 9.64781e-07 3.09185e-06 0.00013069 218.362
76.38 9.63258e-07 3.08684e-06 0.000130478 218.375
76.39 9.61737e-07 3.08185e-06 0.000130267 218.388
76.4 9.60219e-07 3.07686e-06 0.000130056 218.401
76.41 9.58703e-07 3.07188e-06 0.000129845 218.414
76.42 9.57189e-07 3.06691e-06 0.000129635 218.427
76.43 9.55678e-07 3.06195e-06 0.000129425 218.44
76.44 9.54169e-07 3.05699e-06 0.000129216 218.453
76.45 9.52663e-07 3.05204e-06 0.000129006 218.466
76.46 9.51159e-07 3.0471e-06 0.000128797 218.479
76.47 9.49657e-07 3.04217e-06 0.000128589 218.492
76.48 9.48158e-07 3.03725e-06 0.000128381 218.505
76.49 9.46661e-07 3.03233e-06 0.000128173 218.518
76.5 9.45167e-07 3.02743e-06 0.000127965 218.531
76.51 9.43675e-07 3.02253e-06 0.000127758 218.544
76.52 9.42185e-07 3.01764e-06 0.000127551 218.557
76.53 9.40698e-07 3.01276e-06 0.000127344 218.57
76.54 9.39213e-07 3.00788e-06 0.000127138 218.583
76.55 9.3773e-07 3.00301e-06 0.000126932 218.595
76.56 9.3625e-07 2.99815e-06 0.000126727 218.608
76.57 9.34772e-07 2.9933e-06 0.000126522 218.621
76.58 9.33297e-07 2.98846e-06 0.000126317 218.634
76.59 9.31824e-07 2.98363e-06 0.000126112 218.647
76.6 9.30353e-07 2.9788e-06 0.000125908 218.66
76.61 9.28885e-07 2.97398e-06 0.000125704 218.673
76.62 9.27419e-07 2.96917e-06 0.000125501 218.686
76.63 9.25955e-07 2.96436e-06 0.000125298 218.699
76.64 9.24494e-07 2.95957e-06 0.000125095 218.712
76.65 9.23035e-07 2.95478e-06 0.000124892 218.725
76.66 9.21578e-07 2.95e-06 0.00012469 218.738
76.67 9.20123e-07 2.94523e-06 0.000124488 218.751
76.68 9.18671e-07 2.94046e-06 0.000124287 218.764
76.69 9.17222e-07 2.93571e-06 0.000124086 218.777
76.7 9.15774e-07 2.93096e-06 0.000123885 218.79
76.71 9.14329e-07 2.92622e-06 0.000123684 218.802
76.72 9.12886e-07 2.92148e-06 0.000123484 218.815
76.73 9.11446e-07 2.91676e-06 0.000123284 218.828
76.74 9.10007e-07 2.91204e-06 0.000123085 218.841
76.75 9.08571e-07 2.90733e-06 0.000122885 218.854
76.76 9.07138e-07 2.90263e-06 0.000122686 218.867
76.77 9.05706e-07 2.89793e-06 0.000122488 218.88
76.78 9.04277e-07 2.89325e-06 0.00012229 218.893
76.79 9.02851e-07 2.88857e-06 0.000122092 218.906
76.8 9.01426e-07 2.8839e-06 0.000121894 218.919
76.81 9.00004e-07 2.87923e-06 0.000121697 218.932
76.82 8.98584e-07 2.87458e-06 0.0001215 218.945
76.83 8.97166e-07 2.86993e-06 0.000121303 218.958
76.84 8.95751e-07 2.86529e-06 0.000121107 218.971
76.85 8.94337e-07 2.86065e-06 0.000120911 218.984
76.86 8.92926e-07 2.85603e-06 0.000120715 218.996
76.87 8.91518e-07 2.85141e-06 0.00012052 219.009
76.88 8.90111e-07 2.8468e-06 0.000120325 219.022
76.89 8.88707e-07 2.84219e-06 0.00012013 219.035
76.9 8.87305e-07 2.8376e-06 0.000119936 219.048
76.91 8.85905e-07 2.83301e-06 0.000119742 219.061
76.92 8.84508e-07 2.82843e-06 0.000119548 219.074
76.93 8.83112e-07 2.82386e-06 0.000119355 219.087
76.94 8.81719e-07 2.81929e-06 0.000119162 219.1
76.95 8.80328e-07 2.81473e-06 0.000118969 219.113
76.96 8.7894e-07 2.81018e-06 0.000118776 219.126
76.97 8.77553e-07 2.80564e-06 0.000118584 219.139
76.98 8.76169e-07 2.8011e-06 0.000118392 219.152
76.99 8.74787e-07 2.79657e-06 0.000118201 219.164
77 8.73407e-07 2.79205e-06 0.00011801 219.177
77.01 8.7203e-07 2.78754e-06 0.000117819 219.19
77.02 8.70654e-07 2.78303e-06 0.000117628 219.203
77.03 8.69281e-07 2.77853e-06 0.000117438 219.216
77.04 8.6791e-07 2.77404e-06 0.000117248 219.229
77.05 8.66541e-07 2.76956e-06 0.000117058 219.242
77.06 8.65175e-07 2.76508e-06 0.000116869 219.255
77.07 8.6381e-07 2.76061e-06 0.00011668 219.268
77.08 8.62448e-07 2.75615e-06 0.000116491 219.281
77.09 8.61088e-07 2.75169e-06 0.000116303 219.294
77.1 8.5973e-07 2.74725e-06 0.000116114 219.307
77.11 8.58374e-07 2.74281e-06 0.000115927 219.319
77.12 8.5702e-07 2.73837e-06 0.000115739 219.332
77.13 8.55669e-07 2.73395e-06 0.000115552 219.345
77.14 8.54319e-07 2.72953e-06 0.000115365 219.358
77.15 8.52972e-07 2.72512e-06 0.000115179 219.371
77.16 8.51627e-07 2.72071e-06 0.000114992 219.384
77.17 8.50284e-07 2.71632e-06 0.000114806 219.397
77.18 8.48944e-07 2.71193e-06 0.000114621 219.41
77.19 8.47605e-07 2.70754e-06 0.000114435 219.423
77.2 8.46268e-07 2.70317e-06 0.00011425 219.436
77.21 8.44934e-07 2.6988e-06 0.000114065 219.448
77.22 8.43602e-07 2.69444e-06 0.000113881 219.461
77.23 8.42272e-07 2.69008e-06 0.000113697 219.474
77.24 8.40944e-07 2.68574e-06 0.000113513 219.487
77.25 8.39618e-07 2.6814e-06 0.000113329 219.5
77.26 8.38294e-07 2.67706e-06 0.000113146 219.513
77.27 8.36973e-07 2.67274e-06 0.000112963 219.526
77.28 8.35653e-07 2.66842e-06 0.000112781 219.539
77.29 8.34336e-07 2.66411e-06 0.000112598 219.552
77.3 8.3302e-07 2.6598e-06 0.000112416 219.565
77.31 8.31707e-07 2.65551e-06 0.000112234 219.578
77.32 8.30396e-07 2.65122e-06 0.000112053 219.59
77.33 8.29087e-07 2.64693e-06 0.000111872 219.603
77.34 8.2778e-07 2.64266e-06 0.000111691 219.616
77.35 8.26475e-07 2.63839e-06 0.00011151 219.629
77.36 8.25172e-07 2.63412e-06 0.00011133 219.642
77.37 8.23871e-07 2.62987e-06 0.00011115 219.655
77.38 8.22573e-07 2.62562e-06 0.00011097 219.668
77.39 8.21276e-07 2.62138e-06 0.000110791 219.681
77.4 8.19981e-07 2.61714e-06 0.000110612 219.694
77.41 8.18689e-07 2.61292e-06 0.000110433 219.706
77.42 8.17399e-07 2.6087e-06 0.000110255 219.719
77.43 8.1611e-07 2.60448e-06 0.000110076 219.732
77.44 8.14824e-07 2.60027e-06 0.000109898 219.745
77.45 8.1354e-07 2.59607e-06 0.000109721 219.758
77.46 8.12257e-07 2.59188e-06 0.000109543 219.771
77.47 8.10977e-07 2.58769e-06 0.000109366 219.784
77.48 8.09699e-07 2.58352e-06 0.00010919 219.797
77.49 8.08423e-07 2.57934e-06 0.000109013 219.81
77.5 8.07149e-07 2.57518e-06 0.000108837 219.823
77.51 8.05877e-07 2.57102e-06 0.000108661 219.835
77.52 8.04607e-07 2.56686e-06 0.000108485 219.848
77.53 8.03339e-07 2.56272e-06 0.00010831 219.861
77.54 8.02073e-07 2.55858e-06 0.000108135 219.874
77.55 8.00809e-07 2.55445e-06 0.00010796 219.887
77.56 7.99547e-07 2.55032e-06 0.000107786 219.9
77.57 7.98287e-07 2.5462e-06 0.000107612 219.913
77.58 7.97029e-07 2.54209e-06 0.000107438 219.926
77.59 7.95773e-07 2.53799e-06 0.000107264 219.938
77.6 7.94519e-07 2.53389e-06 0.000107091 219.951
77.61 7.93267e-07 2.5298e-06 0.000106918 219.964
77.62 7.92017e-07 2.52571e-06 0.000106745 219.977
77.63 7.90769e-07 2.52163e-06 0.000106573 219.99
77.64 7.89523e-07 2.51756e-06 0.0001064 220.003
77.65 7.8828e-07 2.5135e-06 0.000106228 220.016
77.66 7.87038e-07 2.50944e-06 0.000106057 220.029
77.67 7.85797e-07 2.50539e-06 0.000105885 220.042
77.68 7.84559e-07 2.50134e-06 0.000105714 220.054
77.69 7.83323e-07 2.4973e-06 0.000105544 220.067
77.7 7.82089e-07 2.49327e-06 0.000105373 220.08
77.71 7.80857e-07 2.48925e-06 0.000105203 220.093
77.72 7.79627e-07 2.48523e-06 0.000105033 220.106
77.73 7.78399e-07 2.48122e-06 0.000104863 220.119
77.74 7.77172e-07 2.47721e-06 0.000104694 220.132
77.75 7.75948e-07 2.47321e-06 0.000104525 220.145
77.76 7.74726e-07 2.46922e-06 0.000104356 220.157
77.77 7.73505e-07 2.46523e-06 0.000104187 220.17
77.78 7.72287e-07 2.46125e-06 0.000104019 220.183
77.79 7.7107e-07 2.45728e-06 0.000103851 220.196
77.8 7.69856e-07 2.45331e-06 0.000103683 220.209
77.81 7.68643e-07 2.44935e-06 0.000103516 220.222
77.82 7.67432e-07 2.4454e-06 0.000103348 220.235
77.83 7.66224e-07 2.44145e-06 0.000103182 220.247
77.84 7.65017e-07 2.43751e-06 0.000103015 220.26
77.85 7.63812e-07 2.43358e-06 0.000102848 220.273
77.86 7.62609e-07 2.42965e-06 0.000102682 220.286
77.87 7.61408e-07 2.42573e-06 0.000102517 220.299
77.88 7.60208e-07 2.42181e-06 0.000102351 220.312
77.89 7.59011e-07 2.4179e-06 0.000102186 220.325
77.9 7.57816e-07 2.414e-06 0.000102021 220.338
77.91 7.56622e-07 2.41011e-06 0.000101856 220.35
77.92 7.5543e-07 2.40622e-06 0.000101691 220.363
77.93 7.54241e-07 2.40233e-06 0.000101527 220.376
77.94 7.53053e-07 2.39846e-06 0.000101363 220.389
77.95 7.51867e-07 2.39459e-06 0.0001012 220.402
77.96 7.50683e-07 2.39072e-06 0.000101036 220.415
77.97 7.49501e-07 2.38686e-06 0.000100873 220.428
77.98 7.48321e-07 2.38301e-06 0.00010071 220.44
77.99 7.47142e-07 2.37917e-06 0.000100547 220.453
78 7.45966e-07 2.37533e-06 0.000100385 220.466
78.01 7.44791e-07 2.3715e-06 0.000100223 220.479
78.02 7.43618e-07 2.36767e-06 0.000100061 220.492
78.03 7.42447e-07 2.36385e-06 9.98996e-05 220.505
78.04 7.41278e-07 2.36003e-06 9.97383e-05 220.518
78.05 7.40111e-07 2.35623e-06 9.95773e-05 220.53
78.06 7.38946e-07 2.35243e-06 9.94165e-05 220.543
78.07 7.37782e-07 2.34863e-06 9.9256e-05 220.556
78.08 7.36621e-07 2.34484e-06 9.90958e-05 220.569
78.09 7.35461e-07 2.34106e-06 9.89358e-05 220.582
78.1 7.34303e-07 2.33728e-06 9.87761e-05 220.595
78.11 7.33147e-07 2.33351e-06 9.86166e-05 220.608
78.12 7.31993e-07 2.32975e-06 9.84574e-05 220.62
78.13 7.3084e-07 2.32599e-06 9.82985e-05 220.633
78.14 7.2969e-07 2.32224e-06 9.81398e-05 220.646
78.15 7.28541e-07 2.31849e-06 9.79814e-05 220.659
78.16 7.27394e-07 2.31475e-06 9.78232e-05 220.672
78.17 7.26249e-07 2.31102e-06 9.76653e-05 220.685
78.18 7.25105e-07 2.30729e-06 9.75076e-05 220.698
78.19 7.23964e-07 2.30357e-06 9.73503e-05 220.71
78.2 7.22824e-07 2.29985e-06 9.71931e-05 220.723
78.21 7.21687e-07 2.29614e-06 9.70363e-05 220.736
78.22 7.2055e-07 2.29244e-06 9.68796e-05 220.749
78.23 7.19416e-07 2.28874e-06 9.67233e-05 220.762
78.24 7.18284e-07 2.28505e-06 9.65672e-05 220.775
78.25 7.17153e-07 2.28136e-06 9.64113e-05 220.787
78.26 7.16024e-07 2.27768e-06 9.62557e-05 220.8
78.27 7.14897e-07 2.27401e-06 9.61004e-05 220.813
78.28 7.13772e-07 2.27034e-06 9.59453e-05 220.826
78.29 7.12649e-07 2.26668e-06 9.57904e-05 220.839
78.3 7.11527e-07 2.26303e-06 9.56359e-05 220.852
78.31 7.10407e-07 2.25938e-06 9.54815e-05 220.865
78.32 7.09289e-07 2.25573e-06 9.53274e-05 220.877
78.33 7.08173e-07 2.2521e-06 9.51736e-05 220.89
78.34 7.07058e-07 2.24846e-06 9.502e-05 220.903
78.35 7.05946e-07 2.24484e-06 9.48667e-05 220.916
78.36 7.04835e-07 2.24122e-06 9.47136e-05 220.929
78.37 7.03725e-07 2.2376e-06 9.45608e-05 220.942
78.38 7.02618e-07 2.234e-06 9.44082e-05 220.954
78.39 7.01512e-07 2.23039e-06 9.42559e-05 220.967
78.4 7.00408e-07 2.2268e-06 9.41038e-05 220.98
78.41 6.99306e-07 2.22321e-06 9.3952e-05 220.993
78.42 6.98206e-07 2.21962e-06 9.38004e-05 221.006
78.43 6.97107e-07 2.21604e-06 9.36491e-05 221.019
78.44 6.9601e-07 2.21247e-06 9.3498e-05 221.031
78.45 6.94915e-07 2.2089e-06 9.33471e-05 221.044
78.46 6.93821e-07 2.20534e-06 9.31965e-05 221.057
78.47 6.9273e-07 2.20179e-06 9.30462e-05 221.07
78.48 6.9164e-07 2.19824e-06 9.28961e-05 221.083
78.49 6.90551e-07 2.1947e-06 9.27462e-05 221.096
78.5 6.89465e-07 2.19116e-06 9.25966e-05 221.108
78.51 6.8838e-07 2.18762e-06 9.24472e-05 221.121
78.52 6.87297e-07 2.1841e-06 9.22981e-05 221.134
78.53 6.86216e-07 2.18058e-06 9.21492e-05 221.147
78.54 6.85136e-07 2.17706e-06 9.20006e-05 221.16
78.55 6.84058e-07 2.17355e-06 9.18522e-05 221.172
78.56 6.82982e-07 2.17005e-06 9.1704e-05 221.185
78.57 6.81908e-07 2.16655e-06 9.15561e-05 221.198
78.58 6.80835e-07 2.16306e-06 9.14085e-05 221.211
78.59 6.79764e-07 2.15957e-06 9.1261e-05 221.224
78.6 6.78694e-07 2.15609e-06 9.11138e-05 221.237
78.61 6.77627e-07 2.15262e-06 9.09669e-05 221.249
78.62 6.76561e-07 2.14915e-06 9.08202e-05 221.262
78.63 6.75496e-07 2.14568e-06 9.06737e-05 221.275
78.64 6.74434e-07 2.14223e-06 9.05275e-05 221.288
78.65 6.73373e-07 2.13877e-06 9.03815e-05 221.301
78.66 6.72314e-07 2.13533e-06 9.02357e-05 221.314
78.67 6.71256e-07 2.13189e-06 9.00902e-05 221.326
78.68 6.702e-07 2.12845e-06 8.99449e-05 221.339
78.69 6.69146e-07 2.12502e-06 8.97999e-05 221.352
78.7 6.68094e-07 2.1216e-06 8.96551e-05 221.365
78.71 6.67043e-07 2.11818e-06 8.95105e-05 221.378
78.72 6.65994e-07 2.11476e-06 8.93662e-05 221.39
78.73 6.64946e-07 2.11136e-06 8.92221e-05 221.403
78.74 6.63901e-07 2.10795e-06 8.90782e-05 221.416
78.75 6.62856e-07 2.10456e-06 8.89346e-05 221.429
78.76 6.61814e-07 2.10117e-06 8.87912e-05 221.442
78.77 6.60773e-07 2.09778e-06 8.8648e-05 221.455
78.78 6.59734e-07 2.0944e-06 8.85051e-05 221.467
78.79 6.58696e-07 2.09103e-06 8.83624e-05 221.48
78.8 6.5766e-07 2.08766e-06 8.82199e-05 221.493
78.81 6.56626e-07 2.08429e-06 8.80777e-05 221.506
78.82 6.55594e-07 2.08094e-06 8.79357e-05 221.519
78.83 6.54563e-07 2.07758e-06 8.77939e-05 221.531
78.84 6.53533e-07 2.07424e-06 8.76524e-05 221.544
78.85 6.52506e-07 2.0709e-06 8.75111e-05 221.557
78.86 6.5148e-07 2.06756e-06 8.737e-05 221.57
78.87 6.50455e-07 2.06423e-06 8.72292e-05 221.583
78.88 6.49432e-07 2.0609e-06 8.70886e-05 221.595
78.89 6.48411e-07 2.05758e-06 8.69482e-05 221.608
78.9 6.47392e-07 2.05427e-06 8.6808e-05 221.621
78.91 6.46374e-07 2.05096e-06 8.66681e-05 221.634
78.92 6.45358e-07 2.04766e-06 8.65284e-05 221.647
78.93 6.44343e-07 2.04436e-06 8.63889e-05 221.659
78.94 6.4333e-07 2.04106e-06 8.62497e-05 221.672
78.95 6.42318e-07 2.03778e-06 8.61107e-05 221.685
78.96 6.41308e-07 2.03449e-06 8.59719e-05 221.698
78.97 6.403e-07 2.03122e-06 8.58333e-05 221.711
78.98 6.39294e-07 2.02795e-06 8.5695e-05 221.723
78.99 6.38288e-07 2.02468e-06 8.55569e-05 221.736
79 6.37285e-07 2.02142e-06 8.5419e-05 221.749
79.01 6.36283e-07 2.01816e-06 8.52813e-05 221.762
79.02 6.35283e-07 2.01491e-06 8.51439e-05 221.775
79.03 6.34284e-07 2.01167e-06 8.50067e-05 221.787
79.04 6.33287e-07 2.00843e-06 8.48697e-05 221.8
79.05 6.32292e-07 2.00519e-06 8.47329e-05 221.813
79.06 6.31298e-07 2.00197e-06 8.45963e-05 221.826
79.07 6.30305e-07 1.99874e-06 8.446e-05 221.839
79.08 6.29315e-07 1.99552e-06 8.43239e-05 221.851
79.09 6.28325e-07 1.99231e-06 8.41881e-05 221.864
79.1 6.27338e-07 1.9891e-06 8.40524e-05 221.877
79.11 6.26352e-07 1.9859e-06 8.3917e-05 221.89
79.12 6.25367e-07 1.9827e-06 8.37817e-05 221.903
79.13 6.24384e-07 1.97951e-06 8.36468e-05 221.915
79.14 6.23403e-07 1.97632e-06 8.3512e-05 221.928
79.15 6.22423e-07 1.97314e-06 8.33774e-05 221.941
79.16 6.21445e-07 1.96996e-06 8.32431e-05 221.954
79.17 6.20468e-07 1.96679e-06 8.3109e-05 221.967
79.18 6.19493e-07 1.96362e-06 8.29751e-05 221.979
79.19 6.18519e-07 1.96046e-06 8.28414e-05 221.992
79.2 6.17547e-07 1.95731e-06 8.27079e-05 222.005
79.21 6.16577e-07 1.95416e-06 8.25747e-05 222.018
79.22 6.15608e-07 1.95101e-06 8.24417e-05 222.031
79.23 6.1464e-07 1.94787e-06 8.23089e-05 222.043
79.24 6.13674e-07 1.94473e-06 8.21763e-05 222.056
79.25 6.1271e-07 1.9416e-06 8.20439e-05 222.069
79.26 6.11747e-07 1.93848e-06 8.19117e-05 222.082
79.27 6.10786e-07 1.93536e-06 8.17798e-05 222.094
79.28 6.09826e-07 1.93224e-06 8.16481e-05 222.107
79.29 6.08868e-07 1.92913e-06 8.15165e-05 222.12
79.3 6.07911e-07 1.92603e-06 8.13852e-05 222.133
79.31 6.06956e-07 1.92293e-06 8.12542e-05 222.146
79.32 6.06002e-07 1.91983e-06 8.11233e-05 222.158
79.33 6.0505e-07 1.91674e-06 8.09926e-05 222.171
79.34 6.04099e-07 1.91366e-06 8.08622e-05 222.184
79.35 6.0315e-07 1.91058e-06 8.07319e-05 222.197
79.36 6.02203e-07 1.9075e-06 8.06019e-05 222.209
79.37 6.01256e-07 1.90443e-06 8.04721e-05 222.222
79.38 6.00312e-07 1.90137e-06 8.03425e-05 222.235
79.39 5.99369e-07 1.89831e-06 8.02131e-05 222.248
79.4 5.98427e-07 1.89525e-06 8.00839e-05 222.261
79.41 5.97487e-07 1.8922e-06 7.9955e-05 222.273
79.42 5.96548e-07 1.88916e-06 7.98262e-05 222.286
79.43 5.95611e-07 1.88611e-06 7.96977e-05 222.299
79.44 5.94675e-07 1.88308e-06 7.95693e-05 222.312
79.45 5.93741e-07 1.88005e-06 7.94412e-05 222.324
79.46 5.92808e-07 1.87702e-06 7.93133e-05 222.337
79.47 5.91877e-07 1.874e-06 7.91856e-05 222.35
79.48 5.90947e-07 1.87099e-06 7.90581e-05 222.363
79.49 5.90019e-07 1.86798e-06 7.89308e-05 222.376
79.5 5.89092e-07 1.86497e-06 7.88037e-05 222.388
79.51 5.88167e-07 1.86197e-06 7.86768e-05 222.401
79.52 5.87243e-07 1.85898e-06 7.85501e-05 222.414
79.53 5.86321e-07 1.85598e-06 7.84237e-05 222.427
79.54 5.854e-07 1.853e-06 7.82974e-05 222.439
79.55 5.8448e-07 1.85002e-06 7.81713e-05 222.452
79.56 5.83562e-07 1.84704e-06 7.80455e-05 222.465
79.57 5.82646e-07 1.84407e-06 7.79198e-05 222.478
79.58 5.81731e-07 1.8411e-06 7.77944e-05 222.49
79.59 5.80817e-07 1.83814e-06 7.76692e-05 222.503
79.6 5.79905e-07 1.83518e-06 7.75441e-05 222.516
79.61 5.78994e-07 1.83223e-06 7.74193e-05 222.529
79.62 5.78085e-07 1.82928e-06 7.72947e-05 222.542
79.63 5.77177e-07 1.82634e-06 7.71702e-05 222.554
79.64 5.7627e-07 1.8234e-06 7.7046e-05 222.567
79.65 5.75365e-07 1.82047e-06 7.6922e-05 222.58
79.66 5.74462e-07 1.81754e-06 7.67982e-05 222.593
79.67 5.7356e-07 1.81462e-06 7.66746e-05 222.605
79.68 5.72659e-07 1.8117e-06 7.65512e-05 222.618
79.69 5.7176e-07 1.80879e-06 7.64279e-05 222.631
79.7 5.70862e-07 1.80588e-06 7.63049e-05 222.644
79.71 5.69965e-07 1.80297e-06 7.61821e-05 222.656
79.72 5.6907e-07 1.80007e-06 7.60595e-05 222.669
79.73 5.68177e-07 1.79718e-06 7.59371e-05 222.682
79.74 5.67285e-07 1.79429e-06 7.58149e-05 222.695
79.75 5.66394e-07 1.7914e-06 7.56929e-05 222.707
79.76 5.65505e-07 1.78852e-06 7.55711e-05 222.72
79.77 5.64617e-07 1.78564e-06 7.54494e-05 222.733
79.78 5.6373e-07 1.78277e-06 7.5328e-05 222.746
79.79 5.62845e-07 1.7799e-06 7.52068e-05 222.758
79.8 5.61961e-07 1.77704e-06 7.50858e-05 222.771
79.81 5.61079e-07 1.77418e-06 7.49649e-05 222.784
79.82 5.60198e-07 1.77133e-06 7.48443e-05 222.797
79.83 5.59319e-07 1.76848e-06 7.47239e-05 222.809
79.84 5.58441e-07 1.76564e-06 7.46036e-05 222.822
79.85 5.57564e-07 1.7628e-06 7.44836e-05 222.835
79.86 5.56689e-07 1.75997e-06 7.43638e-05 222.848
79.87 5.55815e-07 1.75714e-06 7.42441e-05 222.86
79.88 5.54942e-07 1.75431e-06 7.41246e-05 222.873
79.89 5.54071e-07 1.75149e-06 7.40054e-05 222.886
79.9 5.53201e-07 1.74867e-06 7.38863e-05 222.899
79.91 5.52333e-07 1.74586e-06 7.37674e-05 222.911
79.92 5.51466e-07 1.74306e-06 7.36488e-05 222.924
79.93 5.506e-07 1.74025e-06 7.35303e-05 222.937
79.94 5.49736e-07 1.73745e-06 7.3412e-05 222.95
79.95 5.48873e-07 1.73466e-06 7.32939e-05 222.962
79.96 5.48011e-07 1.73187e-06 7.3176e-05 222.975
79.97 5.47151e-07 1.72909e-06 7.30582e-05 222.988
79.98 5.46293e-07 1.72631e-06 7.29407e-05 223.001
79.99 5.45435e-07 1.72353e-06 7.28234e-05 223.013
80 5.44579e-07 1.72076e-06 7.27062e-05 223.026
80.01 5.43724e-07 1.718e-06 7.25893e-05 223.039
80.02 5.42871e-07 1.71524e-06 7.24725e-05 223.052
80.03 5.42019e-07 1.71248e-06 7.23559e-05 223.064
80.04 5.41168e-07 1.70973e-06 7.22396e-05 223.077
80.05 5.40319e-07 1.70698e-06 7.21234e-05 223.09
80.06 5.39471e-07 1.70423e-06 7.20074e-05 223.103
80.07 5.38624e-07 1.70149e-06 7.18915e-05 223.115
80.08 5.37779e-07 1.69876e-06 7.17759e-05 223.128
80.09 5.36935e-07 1.69603e-06 7.16605e-05 223.141
80.1 5.36093e-07 1.6933e-06 7.15452e-05 223.153
80.11 5.35251e-07 1.69058e-06 7.14302e-05 223.166
80.12 5.34411e-07 1.68786e-06 7.13153e-05 223.179
80.13 5.33573e-07 1.68515e-06 7.12006e-05 223.192
80.14 5.32735e-07 1.68244e-06 7.10861e-05 223.204
80.15 5.319e-07 1.67974e-06 7.09718e-05 223.217
80.16 5.31065e-07 1.67704e-06 7.08576e-05 223.23
80.17 5.30232e-07 1.67435e-06 7.07437e-05 223.243
80.18 5.294e-07 1.67165e-06 7.06299e-05 223.255
80.19 5.28569e-07 1.66897e-06 7.05163e-05 223.268
80.2 5.2774e-07 1.66629e-06 7.0403e-05 223.281
80.21 5.26912e-07 1.66361e-06 7.02897e-05 223.294
80.22 5.26085e-07 1.66094e-06 7.01767e-05 223.306
80.23 5.2526e-07 1.65827e-06 7.00639e-05 223.319
80.24 5.24435e-07 1.6556e-06 6.99512e-05 223.332
80.25 5.23613e-07 1.65294e-06 6.98388e-05 223.344
80.26 5.22791e-07 1.65029e-06 6.97265e-05 223.357
80.27 5.21971e-07 1.64764e-06 6.96144e-05 223.37
80.28 5.21152e-07 1.64499e-06 6.95024e-05 223.383
80.29 5.20335e-07 1.64234e-06 6.93907e-05 223.395
80.3 5.19518e-07 1.63971e-06 6.92791e-05 223.408
80.31 5.18703e-07 1.63707e-06 6.91678e-05 223.421
80.32 5.1789e-07 1.63444e-06 6.90566e-05 223.433
80.33 5.17077e-07 1.63182e-06 6.89455e-05 223.446
80.34 5.16266e-07 1.62919e-06 6.88347e-05 223.459
80.35 5.15456e-07 1.62658e-06 6.8724e-05 223.472
80.36 5.14648e-07 1.62396e-06 6.86136e-05 223.484
80.37 5.1384e-07 1.62136e-06 6.85033e-05 223.497
80.38 5.13034e-07 1.61875e-06 6.83932e-05 223.51
80.39 5.1223e-07 1.61615e-06 6.82832e-05 223.523
80.4 5.11426e-07 1.61355e-06 6.81735e-05 223.535
80.41 5.10624e-07 1.61096e-06 6.80639e-05 223.548
80.42 5.09823e-07 1.60837e-06 6.79545e-05 223.561
80.43 5.09024e-07 1.60579e-06 6.78453e-05 223.573
80.44 5.08225e-07 1.60321e-06 6.77362e-05 223.586
80.45 5.07428e-07 1.60064e-06 6.76273e-05 223.599
80.46 5.06632e-07 1.59807e-06 6.75186e-05 223.612
80.47 5.05838e-07 1.5955e-06 6.74101e-05 223.624
80.48 5.05045e-07 1.59294e-06 6.73018e-05 223.637
80.49 5.04252e-07 1.59038e-06 6.71936e-05 223.65
80.5 5.03462e-07 1.58782e-06 6.70856e-05 223.662
80.51 5.02672e-07 1.58527e-06 6.69778e-05 223.675
80.52 5.01884e-07 1.58273e-06 6.68702e-05 223.688
80.53 5.01097e-07 1.58019e-06 6.67627e-05 223.701
80.54 5.00311e-07 1.57765e-06 6.66554e-05 223.713
80.55 4.99526e-07 1.57512e-06 6.65483e-05 223.726
80.56 4.98743e-07 1.57259e-06 6.64414e-05 223.739
80.57 4.97961e-07 1.57006e-06 6.63346e-05 223.751
80.58 4.9718e-07 1.56754e-06 6.6228e-05 223.764
80.59 4.96401e-07 1.56502e-06 6.61216e-05 223.777
80.6 4.95622e-07 1.56251e-06 6.60154e-05 223.789
80.61 4.94845e-07 1.56e-06 6.59093e-05 223.802
80.62 4.94069e-07 1.5575e-06 6.58034e-05 223.815
80.63 4.93295e-07 1.555e-06 6.56977e-05 223.828
80.64 4.92521e-07 1.5525e-06 6.55921e-05 223.84
80.65 4.91749e-07 1.55001e-06 6.54867e-05 223.853
80.66 4.90978e-07 1.54752e-06 6.53815e-05 223.866
80.67 4.90208e-07 1.54503e-06 6.52765e-05 223.878
80.68 4.8944e-07 1.54255e-06 6.51716e-05 223.891
80.69 4.88672e-07 1.54008e-06 6.50669e-05 223.904
80.7 4.87906e-07 1.5376e-06 6.49624e-05 223.917
80.71 4.87141e-07 1.53513e-06 6.4858e-05 223.929
80.72 4.86378e-07 1.53267e-06 6.47538e-05 223.942
80.73 4.85615e-07 1.53021e-06 6.46498e-05 223.955
80.74 4.84854e-07 1.52775e-06 6.45459e-05 223.967
80.75 4.84094e-07 1.5253e-06 6.44423e-05 223.98
80.76 4.83335e-07 1.52285e-06 6.43387e-05 223.993
80.77 4.82577e-07 1.52041e-06 6.42354e-05 224.005
80.78 4.81821e-07 1.51797e-06 6.41322e-05 224.018
80.79 4.81066e-07 1.51553e-06 6.40292e-05 224.031
80.8 4.80312e-07 1.5131e-06 6.39264e-05 224.043
80.81 4.79559e-07 1.51067e-06 6.38237e-05 224.056
80.82 4.78807e-07 1.50824e-06 6.37212e-05 224.069
80.83 4.78057e-07 1.50582e-06 6.36188e-05 224.082
80.84 4.77307e-07 1.50341e-06 6.35167e-05 224.094
80.85 4.76559e-07 1.50099e-06 6.34146e-05 224.107
80.86 4.75812e-07 1.49858e-06 6.33128e-05 224.12
80.87 4.75066e-07 1.49618e-06 6.32111e-05 224.132
80.88 4.74322e-07 1.49378e-06 6.31096e-05 224.145
80.89 4.73579e-07 1.49138e-06 6.30082e-05 224.158
80.9 4.72836e-07 1.48899e-06 6.29071e-05 224.17
80.91 4.72095e-07 1.4866e-06 6.2806e-05 224.183
80.92 4.71355e-07 1.48421e-06 6.27052e-05 224.196
80.93 4.70617e-07 1.48183e-06 6.26045e-05 224.208
80.94 4.69879e-07 1.47945e-06 6.2504e-05 224.221
80.95 4.69143e-07 1.47708e-06 6.24036e-05 224.234
80.96 4.68408e-07 1.47471e-06 6.23034e-05 224.247
80.97 4.67674e-07 1.47234e-06 6.22033e-05 224.259
80.98 4.66941e-07 1.46998e-06 6.21035e-05 224.272
80.99 4.66209e-07 1.46762e-06 6.20038e-05 224.285
81 4.65479e-07 1.46527e-06 6.19042e-05 224.297
81.01 4.64749e-07 1.46292e-06 6.18048e-05 224.31
81.02 4.64021e-07 1.46057e-06 6.17056e-05 224.323
81.03 4.63294e-07 1.45822e-06 6.16065e-05 224.335
81.04 4.62568e-07 1.45588e-06 6.15076e-05 224.348
81.05 4.61843e-07 1.45355e-06 6.14089e-05 224.361
81.06 4.6112e-07 1.45122e-06 6.13103e-05 224.373
81.07 4.60397e-07 1.44889e-06 6.12118e-05 224.386
81.08 4.59676e-07 1.44656e-06 6.11136e-05 224.399
81.09 4.58956e-07 1.44424e-06 6.10155e-05 224.411
81.1 4.58237e-07 1.44193e-06 6.09175e-05 224.424
81.11 4.57519e-07 1.43961e-06 6.08197e-05 224.437
81.12 4.56802e-07 1.4373e-06 6.07221e-05 224.449
81.13 4.56086e-07 1.435e-06 6.06246e-05 224.462
81.14 4.55372e-07 1.4327e-06 6.05273e-05 224.475
81.15 4.54658e-07 1.4304e-06 6.04301e-05 224.487
81.16 4.53946e-07 1.4281e-06 6.03331e-05 224.5
81.17 4.53235e-07 1.42581e-06 6.02363e-05 224.513
81.18 4.52525e-07 1.42353e-06 6.01396e-05 224.525
81.19 4.51816e-07 1.42124e-06 6.00431e-05 224.538
81.2 4.51108e-07 1.41896e-06 5.99467e-05 224.551
81.21 4.50402e-07 1.41669e-06 5.98505e-05 224.563
81.22 4.49696e-07 1.41442e-06 5.97545e-05 224.576
81.23 4.48992e-07 1.41215e-06 5.96586e-05 224.589
81.24 4.48288e-07 1.40988e-06 5.95628e-05 224.601
81.25 4.47586e-07 1.40762e-06 5.94672e-05 224.614
81.26 4.46885e-07 1.40536e-06 5.93718e-05 224.627
81.27 4.46185e-07 1.40311e-06 5.92765e-05 224.639
81.28 4.45486e-07 1.40086e-06 5.91814e-05 224.652
81.29 4.44789e-07 1.39861e-06 5.90864e-05 224.665
81.3 4.44092e-07 1.39637e-06 5.89916e-05 224.677
81.31 4.43397e-07 1.39413e-06 5.88969e-05 224.69
81.32 4.42702e-07 1.3919e-06 5.88024e-05 224.703
81.33 4.42009e-07 1.38966e-06 5.87081e-05 224.715
81.34 4.41317e-07 1.38743e-06 5.86139e-05 224.728
81.35 4.40625e-07 1.38521e-06 5.85198e-05 224.741
81.36 4.39935e-07 1.38299e-06 5.84259e-05 224.753
81.37 4.39246e-07 1.38077e-06 5.83322e-05 224.766
81.38 4.38559e-07 1.37856e-06 5.82386e-05 224.779
81.39 4.37872e-07 1.37635e-06 5.81451e-05 224.791
81.4 4.37186e-07 1.37414e-06 5.80518e-05 224.804
81.41 4.36501e-07 1.37194e-06 5.79587e-05 224.817
81.42 4.35818e-07 1.36974e-06 5.78657e-05 224.829
81.43 4.35136e-07 1.36754e-06 5.77729e-05 224.842
81.44 4.34454e-07 1.36535e-06 5.76802e-05 224.855
81.45 4.33774e-07 1.36316e-06 5.75877e-05 224.867
81.46 4.33095e-07 1.36097e-06 5.74953e-05 224.88
81.47 4.32417e-07 1.35879e-06 5.7403e-05 224.893
81.48 4.3174e-07 1.35661e-06 5.7311e-05 224.905
81.49 4.31064e-07 1.35444e-06 5.7219e-05 224.918
81.5 4.30389e-07 1.35227e-06 5.71272e-05 224.931
81.51 4.29715e-07 1.3501e-06 5.70356e-05 224.943
81.52 4.29042e-07 1.34794e-06 5.69441e-05 224.956
81.53 4.2837e-07 1.34578e-06 5.68528e-05 224.969
81.54 4.277e-07 1.34362e-06 5.67616e-05 224.981
81.55 4.2703e-07 1.34147e-06 5.66705e-05 224.994
81.56 4.26361e-07 1.33931e-06 5.65796e-05 225.007
81.57 4.25694e-07 1.33717e-06 5.64889e-05 225.019
81.58 4.25028e-07 1.33502e-06 5.63983e-05 225.032
81.59 4.24362e-07 1.33289e-06 5.63078e-05 225.044
81.6 4.23698e-07 1.33075e-06 5.62175e-05 225.057
81.61 4.23035e-07 1.32862e-06 5.61274e-05 225.07
81.62 4.22372e-07 1.32649e-06 5.60374e-05 225.082
81.63 4.21711e-07 1.32436e-06 5.59475e-05 225.095
81.64 4.21051e-07 1.32224e-06 5.58578e-05 225.108
81.65 4.20392e-07 1.32012e-06 5.57682e-05 225.12
81.66 4.19734e-07 1.318e-06 5.56787e-05 225.133
81.67 4.19077e-07 1.31589e-06 5.55895e-05 225.146
81.68 4.18421e-07 1.31378e-06 5.55003e-05 225.158
81.69 4.17766e-07 1.31168e-06 5.54113e-05 225.171
81.7 4.17112e-07 1.30958e-06 5.53225e-05 225.184
81.71 4.16459e-07 1.30748e-06 5.52338e-05 225.196
81.72 4.15808e-07 1.30538e-06 5.51452e-05 225.209
81.73 4.15157e-07 1.30329e-06 5.50568e-05 225.221
81.74 4.14507e-07 1.3012e-06 5.49685e-05 225.234
81.75 4.13858e-07 1.29912e-06 5.48804e-05 225.247
81.76 4.13211e-07 1.29704e-06 5.47924e-05 225.259
81.77 4.12564e-07 1.29496e-06 5.47045e-05 225.272
81.78 4.11918e-07 1.29288e-06 5.46168e-05 225.285
81.79 4.11274e-07 1.29081e-06 5.45292e-05 225.297
81.8 4.1063e-07 1.28874e-06 5.44418e-05 225.31
81.81 4.09987e-07 1.28668e-06 5.43545e-05 225.323
81.82 4.09346e-07 1.28462e-06 5.42674e-05 225.335
81.83 4.08705e-07 1.28256e-06 5.41804e-05 225.348
81.84 4.08066e-07 1.2805e-06 5.40935e-05 225.361
81.85 4.07427e-07 1.27845e-06 5.40068e-05 225.373
81.86 4.0679e-07 1.2764e-06 5.39203e-05 225.386
81.87 4.06153e-07 1.27436e-06 5.38338e-05 225.398
81.88 4.05518e-07 1.27232e-06 5.37475e-05 225.411
81.89 4.04883e-07 1.27028e-06 5.36614e-05 225.424
81.9 4.0425e-07 1.26825e-06 5.35754e-05 225.436
81.91 4.03617e-07 1.26621e-06 5.34895e-05 225.449
81.92 4.02986e-07 1.26419e-06 5.34037e-05 225.462
81.93 4.02355e-07 1.26216e-06 5.33181e-05 225.474
81.94 4.01725e-07 1.26014e-06 5.32327e-05 225.487
81.95 4.01097e-07 1.25812e-06 5.31474e-05 225.499
81.96 4.00469e-07 1.25611e-06 5.30622e-05 225.512
81.97 3.99843e-07 1.25409e-06 5.29771e-05 225.525
81.98 3.99217e-07 1.25209e-06 5.28922e-05 225.537
81.99 3.98593e-07 1.25008e-06 5.28075e-05 225.55
82 3.97969e-07 1.24808e-06 5.27228e-05 225.563
82.01 3.97347e-07 1.24608e-06 5.26383e-05 225.575
82.02 3.96725e-07 1.24408e-06 5.2554e-05 225.588
82.03 3.96104e-07 1.24209e-06 5.24698e-05 225.6
82.04 3.95485e-07 1.2401e-06 5.23857e-05 225.613
82.05 3.94866e-07 1.23812e-06 5.23017e-05 225.626
82.06 3.94248e-07 1.23613e-06 5.22179e-05 225.638
82.07 3.93632e-07 1.23415e-06 5.21342e-05 225.651
82.08 3.93016e-07 1.23218e-06 5.20507e-05 225.664
82.09 3.92401e-07 1.2302e-06 5.19673e-05 225.676
82.1 3.91787e-07 1.22823e-06 5.1884e-05 225.689
82.11 3.91175e-07 1.22627e-06 5.18009e-05 225.701
82.12 3.90563e-07 1.2243e-06 5.17179e-05 225.714
82.13 3.89952e-07 1.22234e-06 5.1635e-05 225.727
82.14 3.89342e-07 1.22039e-06 5.15523e-05 225.739
82.15 3.88733e-07 1.21843e-06 5.14697e-05 225.752
82.16 3.88125e-07 1.21648e-06 5.13872e-05 225.764
82.17 3.87518e-07 1.21453e-06 5.13049e-05 225.777
82.18 3.86912e-07 1.21259e-06 5.12227e-05 225.79
82.19 3.86307e-07 1.21065e-06 5.11407e-05 225.802
82.2 3.85703e-07 1.20871e-06 5.10587e-05 225.815
82.21 3.851e-07 1.20678e-06 5.09769e-05 225.828
82.22 3.84497e-07 1.20484e-06 5.08953e-05 225.84
82.23 3.83896e-07 1.20291e-06 5.08137e-05 225.853
82.24 3.83296e-07 1.20099e-06 5.07323e-05 225.865
82.25 3.82696e-07 1.19907e-06 5.06511e-05 225.878
82.26 3.82098e-07 1.19715e-06 5.05699e-05 225.891
82.27 3.815e-07 1.19523e-06 5.04889e-05 225.903
82.28 3.80904e-07 1.19332e-06 5.04081e-05 225.916
82.29 3.80308e-07 1.19141e-06 5.03273e-05 225.928
82.3 3.79713e-07 1.1895e-06 5.02467e-05 225.941
82.31 3.7912e-07 1.1876e-06 5.01662e-05 225.954
82.32 3.78527e-07 1.18569e-06 5.00859e-05 225.966
82.33 3.77935e-07 1.1838e-06 5.00056e-05 225.979
82.34 3.77344e-07 1.1819e-06 4.99256e-05 225.991
82.35 3.76754e-07 1.18001e-06 4.98456e-05 226.004
82.36 3.76165e-07 1.17812e-06 4.97658e-05 226.017
82.37 3.75577e-07 1.17624e-06 4.96861e-05 226.029
82.38 3.7499e-07 1.17435e-06 4.96065e-05 226.042
82.39 3.74403e-07 1.17247e-06 4.9527e-05 226.054
82.4 3.73818e-07 1.1706e-06 4.94477e-05 226.067
82.41 3.73234e-07 1.16872e-06 4.93685e-05 226.08
82.42 3.7265e-07 1.16685e-06 4.92895e-05 226.092
82.43 3.72068e-07 1.16499e-06 4.92106e-05 226.105
82.44 3.71486e-07 1.16312e-06 4.91318e-05 226.117
82.45 3.70905e-07 1.16126e-06 4.90531e-05 226.13
82.46 3.70325e-07 1.1594e-06 4.89745e-05 226.143
82.47 3.69746e-07 1.15755e-06 4.88961e-05 226.155
82.48 3.69168e-07 1.1557e-06 4.88178e-05 226.168
82.49 3.68591e-07 1.15385e-06 4.87397e-05 226.18
82.5 3.68015e-07 1.152e-06 4.86616e-05 226.193
82.51 3.6744e-07 1.15016e-06 4.85837e-05 226.206
82.52 3.66866e-07 1.14832e-06 4.85059e-05 226.218
82.53 3.66292e-07 1.14648e-06 4.84283e-05 226.231
82.54 3.6572e-07 1.14465e-06 4.83507e-05 226.243
82.55 3.65148e-07 1.14281e-06 4.82733e-05 226.256
82.56 3.64577e-07 1.14099e-06 4.8196e-05 226.269
82.57 3.64007e-07 1.13916e-06 4.81189e-05 226.281
82.58 3.63438e-07 1.13734e-06 4.80418e-05 226.294
82.59 3.6287e-07 1.13552e-06 4.79649e-05 226.306
82.6 3.62303e-07 1.1337e-06 4.78881e-05 226.319
82.61 3.61737e-07 1.13189e-06 4.78115e-05 226.332
82.62 3.61172e-07 1.13008e-06 4.77349e-05 226.344
82.63 3.60607e-07 1.12827e-06 4.76585e-05 226.357
82.64 3.60044e-07 1.12646e-06 4.75822e-05 226.369
82.65 3.59481e-07 1.12466e-06 4.75061e-05 226.382
82.66 3.58919e-07 1.12286e-06 4.743e-05 226.394
82.67 3.58358e-07 1.12107e-06 4.73541e-05 226.407
82.68 3.57798e-07 1.11927e-06 4.72783e-05 226.42
82.69 3.57239e-07 1.11748e-06 4.72026e-05 226.432
82.7 3.56681e-07 1.1157e-06 4.71271e-05 226.445
82.71 3.56124e-07 1.11391e-06 4.70517e-05 226.457
82.72 3.55567e-07 1.11213e-06 4.69764e-05 226.47
82.73 3.55012e-07 1.11035e-06 4.69012e-05 226.483
82.74 3.54457e-07 1.10858e-06 4.68261e-05 226.495
82.75 3.53903e-07 1.1068e-06 4.67512e-05 226.508
82.76 3.5335e-07 1.10503e-06 4.66764e-05 226.52
82.77 3.52798e-07 1.10327e-06 4.66017e-05 226.533
82.78 3.52247e-07 1.1015e-06 4.65271e-05 226.545
82.79 3.51696e-07 1.09974e-06 4.64526e-05 226.558
82.8 3.51147e-07 1.09798e-06 4.63783e-05 226.571
82.81 3.50598e-07 1.09622e-06 4.63041e-05 226.583
82.82 3.5005e-07 1.09447e-06 4.623e-05 226.596
82.83 3.49504e-07 1.09272e-06 4.6156e-05 226.608
82.84 3.48958e-07 1.09097e-06 4.60821e-05 226.621
82.85 3.48412e-07 1.08923e-06 4.60084e-05 226.634
82.86 3.47868e-07 1.08749e-06 4.59348e-05 226.646
82.87 3.47325e-07 1.08575e-06 4.58613e-05 226.659
82.88 3.46782e-07 1.08401e-06 4.57879e-05 226.671
82.89 3.4624e-07 1.08228e-06 4.57146e-05 226.684
82.9 3.45699e-07 1.08055e-06 4.56415e-05 226.696
82.91 3.45159e-07 1.07882e-06 4.55685e-05 226.709
82.92 3.4462e-07 1.0771e-06 4.54956e-05 226.722
82.93 3.44082e-07 1.07537e-06 4.54228e-05 226.734
82.94 3.43544e-07 1.07366e-06 4.53501e-05 226.747
82.95 3.43008e-07 1.07194e-06 4.52776e-05 226.759
82.96 3.42472e-07 1.07022e-06 4.52051e-05 226.772
82.97 3.41937e-07 1.06851e-06 4.51328e-05 226.784
82.98 3.41403e-07 1.06681e-06 4.50606e-05 226.797
82.99 3.4087e-07 1.0651e-06 4.49885e-05 226.81
83 3.40337e-07 1.0634e-06 4.49166e-05 226.822
83.01 3.39806e-07 1.0617e-06 4.48447e-05 226.835
83.02 3.39275e-07 1.06e-06 4.4773e-05 226.847
83.03 3.38745e-07 1.05831e-06 4.47014e-05 226.86
83.04 3.38216e-07 1.05661e-06 4.46299e-05 226.872
83.05 3.37688e-07 1.05493e-06 4.45585e-05 226.885
83.06 3.3716e-07 1.05324e-06 4.44872e-05 226.897
83.07 3.36634e-07 1.05156e-06 4.4416e-05 226.91
83.08 3.36108e-07 1.04987e-06 4.4345e-05 226.923
83.09 3.35583e-07 1.0482e-06 4.42741e-05 226.935
83.1 3.35059e-07 1.04652e-06 4.42033e-05 226.948
83.11 3.34536e-07 1.04485e-06 4.41326e-05 226.96
83.12 3.34014e-07 1.04318e-06 4.4062e-05 226.973
83.13 3.33492e-07 1.04151e-06 4.39915e-05 226.985
83.14 3.32971e-07 1.03985e-06 4.39212e-05 226.998
83.15 3.32451e-07 1.03819e-06 4.38509e-05 227.011
83.16 3.31932e-07 1.03653e-06 4.37808e-05 227.023
83.17 3.31414e-07 1.03487e-06 4.37108e-05 227.036
83.18 3.30896e-07 1.03322e-06 4.36409e-05 227.048
83.19 3.3038e-07 1.03156e-06 4.35711e-05 227.061
83.2 3.29864e-07 1.02992e-06 4.35014e-05 227.073
83.21 3.29349e-07 1.02827e-06 4.34319e-05 227.086
83.22 3.28835e-07 1.02663e-06 4.33624e-05 227.098
83.23 3.28321e-07 1.02499e-06 4.32931e-05 227.111
83.24 3.27809e-07 1.02335e-06 4.32238e-05 227.123
83.25 3.27297e-07 1.02171e-06 4.31547e-05 227.136
83.26 3.26786e-07 1.02008e-06 4.30857e-05 227.149
83.27 3.26276e-07 1.01845e-06 4.30168e-05 227.161
83.28 3.25766e-07 1.01682e-06 4.29481e-05 227.174
83.29 3.25258e-07 1.0152e-06 4.28794e-05 227.186
83.3 3.2475e-07 1.01358e-06 4.28108e-05 227.199
83.31 3.24243e-07 1.01196e-06 4.27424e-05 227.211
83.32 3.23737e-07 1.01034e-06 4.26741e-05 227.224
83.33 3.23231e-07 1.00873e-06 4.26058e-05 227.236
83.34 3.22727e-07 1.00712e-06 4.25377e-05 227.249
83.35 3.22223e-07 1.00551e-06 4.24697e-05 227.262
83.36 3.2172e-07 1.0039e-06 4.24018e-05 227.274
83.37 3.21218e-07 1.0023e-06 4.23341e-05 227.287
83.38 3.20716e-07 1.00069e-06 4.22664e-05 227.299
83.39 3.20216e-07 9.99096e-07 4.21988e-05 227.312
83.4 3.19716e-07 9.975e-07 4.21314e-05 227.324
83.41 3.19217e-07 9.95907e-07 4.2064e-05 227.337
83.42 3.18719e-07 9.94316e-07 4.19968e-05 227.349
83.43 3.18221e-07 9.92728e-07 4.19297e-05 227.362
83.44 3.17725e-07 9.91142e-07 4.18626e-05 227.374
83.45 3.17229e-07 9.89559e-07 4.17957e-05 227.387
83.46 3.16734e-07 9.87978e-07 4.17289e-05 227.4
83.47 3.16239e-07 9.864e-07 4.16622e-05 227.412
83.48 3.15746e-07 9.84825e-07 4.15956e-05 227.425
83.49 3.15253e-07 9.83252e-07 4.15292e-05 227.437
83.5 3.14761e-07 9.81681e-07 4.14628e-05 227.45
83.51 3.1427e-07 9.80114e-07 4.13965e-05 227.462
83.52 3.13779e-07 9.78548e-07 4.13304e-05 227.475
83.53 3.1329e-07 9.76985e-07 4.12643e-05 227.487
83.54 3.12801e-07 9.75425e-07 4.11984e-05 227.5
83.55 3.12312e-07 9.73867e-07 4.11325e-05 227.512
83.56 3.11825e-07 9.72312e-07 4.10668e-05 227.525
83.57 3.11339e-07 9.70759e-07 4.10012e-05 227.537
83.58 3.10853e-07 9.69209e-07 4.09357e-05 227.55
83.59 3.10368e-07 9.67661e-07 4.08702e-05 227.562
83.6 3.09883e-07 9.66116e-07 4.08049e-05 227.575
83.61 3.094e-07 9.64574e-07 4.07397e-05 227.588
83.62 3.08917e-07 9.63033e-07 4.06746e-05 227.6
83.63 3.08435e-07 9.61496e-07 4.06096e-05 227.613
83.64 3.07954e-07 9.5996e-07 4.05448e-05 227.625
83.65 3.07473e-07 9.58428e-07 4.048e-05 227.638
83.66 3.06994e-07 9.56897e-07 4.04153e-05 227.65
83.67 3.06515e-07 9.55369e-07 4.03507e-05 227.663
83.68 3.06036e-07 9.53844e-07 4.02863e-05 227.675
83.69 3.05559e-07 9.52321e-07 4.02219e-05 227.688
83.7 3.05082e-07 9.50801e-07 4.01576e-05 227.7
83.71 3.04606e-07 9.49283e-07 4.00935e-05 227.713
83.72 3.04131e-07 9.47767e-07 4.00294e-05 227.725
83.73 3.03657e-07 9.46254e-07 3.99655e-05 227.738
83.74 3.03183e-07 9.44743e-07 3.99016e-05 227.75
83.75 3.0271e-07 9.43235e-07 3.98379e-05 227.763
83.76 3.02238e-07 9.41729e-07 3.97743e-05 227.775
83.77 3.01766e-07 9.40226e-07 3.97107e-05 227.788
83.78 3.01295e-07 9.38725e-07 3.96473e-05 227.8
83.79 3.00825e-07 9.37227e-07 3.9584e-05 227.813
83.8 3.00356e-07 9.35731e-07 3.95207e-05 227.826
83.81 2.99888e-07 9.34237e-07 3.94576e-05 227.838
83.82 2.9942e-07 9.32746e-07 3.93946e-05 227.851
83.83 2.98953e-07 9.31257e-07 3.93317e-05 227.863
83.84 2.98487e-07 9.2977e-07 3.92688e-05 227.876
83.85 2.98021e-07 9.28286e-07 3.92061e-05 227.888
83.86 2.97556e-07 9.26805e-07 3.91435e-05 227.901
83.87 2.97092e-07 9.25326e-07 3.9081e-05 227.913
83.88 2.96629e-07 9.23849e-07 3.90186e-05 227.926
83.89 2.96166e-07 9.22374e-07 3.89563e-05 227.938
83.9 2.95704e-07 9.20902e-07 3.8894e-05 227.951
83.91 2.95243e-07 9.19432e-07 3.88319e-05 227.963
83.92 2.94782e-07 9.17965e-07 3.87699e-05 227.976
83.93 2.94323e-07 9.165e-07 3.8708e-05 227.988
83.94 2.93864e-07 9.15037e-07 3.86462e-05 228.001
83.95 2.93405e-07 9.13577e-07 3.85845e-05 228.013
83.96 2.92948e-07 9.12119e-07 3.85229e-05 228.026
83.97 2.92491e-07 9.10664e-07 3.84613e-05 228.038
83.98 2.92035e-07 9.09211e-07 3.83999e-05 228.051
83.99 2.9158e-07 9.0776e-07 3.83386e-05 228.063
84 2.91125e-07 9.06311e-07 3.82774e-05 228.076
84.01 2.90671e-07 9.04865e-07 3.82163e-05 228.088
84.02 2.90218e-07 9.03421e-07 3.81553e-05 228.101
84.03 2.89765e-07 9.0198e-07 3.80943e-05 228.113
84.04 2.89313e-07 9.00541e-07 3.80335e-05 228.126
84.05 2.88862e-07 8.99104e-07 3.79728e-05 228.138
84.06 2.88412e-07 8.97669e-07 3.79122e-05 228.151
84.07 2.87962e-07 8.96237e-07 3.78516e-05 228.163
84.08 2.87513e-07 8.94807e-07 3.77912e-05 228.176
84.09 2.87065e-07 8.93379e-07 3.77309e-05 228.188
84.1 2.86617e-07 8.91954e-07 3.76706e-05 228.201
84.11 2.8617e-07 8.90531e-07 3.76105e-05 228.213
84.12 2.85724e-07 8.8911e-07 3.75505e-05 228.226
84.13 2.85279e-07 8.87692e-07 3.74905e-05 228.238
84.14 2.84834e-07 8.86276e-07 3.74307e-05 228.251
84.15 2.8439e-07 8.84862e-07 3.73709e-05 228.263
84.16 2.83947e-07 8.83451e-07 3.73113e-05 228.276
84.17 2.83504e-07 8.82041e-07 3.72517e-05 228.288
84.18 2.83062e-07 8.80634e-07 3.71922e-05 228.301
84.19 2.82621e-07 8.79229e-07 3.71329e-05 228.313
84.2 2.8218e-07 8.77827e-07 3.70736e-05 228.326
84.21 2.8174e-07 8.76427e-07 3.70144e-05 228.338
84.22 2.81301e-07 8.75029e-07 3.69554e-05 228.351
84.23 2.80862e-07 8.73633e-07 3.68964e-05 228.363
84.24 2.80425e-07 8.7224e-07 3.68375e-05 228.376
84.25 2.79988e-07 8.70849e-07 3.67787e-05 228.388
84.26 2.79551e-07 8.6946e-07 3.672e-05 228.401
84.27 2.79115e-07 8.68073e-07 3.66614e-05 228.413
84.28 2.7868e-07 8.66688e-07 3.66029e-05 228.426
84.29 2.78246e-07 8.65306e-07 3.65445e-05 228.438
84.3 2.77812e-07 8.63926e-07 3.64861e-05 228.451
84.31 2.77379e-07 8.62548e-07 3.64279e-05 228.463
84.32 2.76947e-07 8.61173e-07 3.63698e-05 228.476
84.33 2.76515e-07 8.598e-07 3.63117e-05 228.488
84.34 2.76084e-07 8.58428e-07 3.62538e-05 228.501
84.35 2.75654e-07 8.57059e-07 3.6196e-05 228.513
84.36 2.75224e-07 8.55693e-07 3.61382e-05 228.526
84.37 2.74796e-07 8.54328e-07 3.60805e-05 228.538
84.38 2.74367e-07 8.52966e-07 3.6023e-05 228.551
84.39 2.7394e-07 8.51606e-07 3.59655e-05 228.563
84.4 2.73513e-07 8.50248e-07 3.59081e-05 228.576
84.41 2.73087e-07 8.48892e-07 3.58508e-05 228.588
84.42 2.72661e-07 8.47539e-07 3.57936e-05 228.601
84.43 2.72236e-07 8.46187e-07 3.57365e-05 228.613
84.44 2.71812e-07 8.44838e-07 3.56795e-05 228.626
84.45 2.71388e-07 8.43491e-07 3.56226e-05 228.638
84.46 2.70965e-07 8.42146e-07 3.55657e-05 228.651
84.47 2.70543e-07 8.40804e-07 3.5509e-05 228.663
84.48 2.70122e-07 8.39463e-07 3.54523e-05 228.676
84.49 2.69701e-07 8.38125e-07 3.53958e-05 228.688
84.5 2.69281e-07 8.36789e-07 3.53393e-05 228.701
84.51 2.68861e-07 8.35455e-07 3.52829e-05 228.713
84.52 2.68442e-07 8.34123e-07 3.52266e-05 228.725
84.53 2.68024e-07 8.32793e-07 3.51705e-05 228.738
84.54 2.67606e-07 8.31466e-07 3.51144e-05 228.75
84.55 2.67189e-07 8.3014e-07 3.50583e-05 228.763
84.56 2.66773e-07 8.28817e-07 3.50024e-05 228.775
84.57 2.66357e-07 8.27496e-07 3.49466e-05 228.788
84.58 2.65942e-07 8.26177e-07 3.48908e-05 228.8
84.59 2.65528e-07 8.2486e-07 3.48352e-05 228.813
84.6 2.65114e-07 8.23545e-07 3.47796e-05 228.825
84.61 2.64701e-07 8.22232e-07 3.47242e-05 228.838
84.62 2.64289e-07 8.20922e-07 3.46688e-05 228.85
84.63 2.63877e-07 8.19613e-07 3.46135e-05 228.863
84.64 2.63466e-07 8.18307e-07 3.45583e-05 228.875
84.65 2.63056e-07 8.17003e-07 3.45032e-05 228.888
84.66 2.62646e-07 8.15701e-07 3.44481e-05 228.9
84.67 2.62237e-07 8.14401e-07 3.43932e-05 228.913
84.68 2.61829e-07 8.13103e-07 3.43384e-05 228.925
84.69 2.61421e-07 8.11807e-07 3.42836e-05 228.938
84.7 2.61013e-07 8.10513e-07 3.42289e-05 228.95
84.71 2.60607e-07 8.09222e-07 3.41743e-05 228.962
84.72 2.60201e-07 8.07932e-07 3.41198e-05 228.975
84.73 2.59796e-07 8.06644e-07 3.40654e-05 228.987
84.74 2.59391e-07 8.05359e-07 3.40111e-05 229
84.75 2.58987e-07 8.04076e-07 3.39569e-05 229.012
84.76 2.58584e-07 8.02794e-07 3.39027e-05 229.025
84.77 2.58181e-07 8.01515e-07 3.38487e-05 229.037
84.78 2.57779e-07 8.00238e-07 3.37947e-05 229.05
84.79 2.57377e-07 7.98963e-07 3.37408e-05 229.062
84.8 2.56977e-07 7.9769e-07 3.3687e-05 229.075
84.81 2.56576e-07 7.96419e-07 3.36333e-05 229.087
84.82 2.56177e-07 7.9515e-07 3.35797e-05 229.1
84.83 2.55778e-07 7.93883e-07 3.35262e-05 229.112
84.84 2.5538e-07 7.92618e-07 3.34727e-05 229.124
84.85 2.54982e-07 7.91355e-07 3.34193e-05 229.137
84.86 2.54585e-07 7.90095e-07 3.33661e-05 229.149
84.87 2.54188e-07 7.88836e-07 3.33129e-05 229.162
84.88 2.53792e-07 7.87579e-07 3.32598e-05 229.174
84.89 2.53397e-07 7.86324e-07 3.32067e-05 229.187
84.9 2.53003e-07 7.85072e-07 3.31538e-05 229.199
84.91 2.52609e-07 7.83821e-07 3.3101e-05 229.212
84.92 2.52215e-07 7.82572e-07 3.30482e-05 229.224
84.93 2.51823e-07 7.81326e-07 3.29955e-05 229.237
84.94 2.51431e-07 7.80081e-07 3.29429e-05 229.249
84.95 2.51039e-07 7.78839e-07 3.28904e-05 229.262
84.96 2.50648e-07 7.77598e-07 3.2838e-05 229.274
84.97 2.50258e-07 7.76359e-07 3.27856e-05 229.286
84.98 2.49868e-07 7.75123e-07 3.27334e-05 229.299
84.99 2.49479e-07 7.73888e-07 3.26812e-05 229.311
85 2.49091e-07 7.72655e-07 3.26291e-05 229.324
85.01 2.48703e-07 7.71425e-07 3.25771e-05 229.336
85.02 2.48316e-07 7.70196e-07 3.25252e-05 229.349
85.03 2.47929e-07 7.68969e-07 3.24734e-05 229.361
85.04 2.47543e-07 7.67745e-07 3.24216e-05 229.374
85.05 2.47158e-07 7.66522e-07 3.23699e-05 229.386
85.06 2.46773e-07 7.65301e-07 3.23184e-05 229.398
85.07 2.46389e-07 7.64082e-07 3.22668e-05 229.411
85.08 2.46006e-07 7.62866e-07 3.22154e-05 229.423
85.09 2.45623e-07 7.61651e-07 3.21641e-05 229.436
85.1 2.4524e-07 7.60438e-07 3.21128e-05 229.448
85.11 2.44859e-07 7.59227e-07 3.20617e-05 229.461
85.12 2.44477e-07 7.58018e-07 3.20106e-05 229.473
85.13 2.44097e-07 7.56811e-07 3.19596e-05 229.486
85.14 2.43717e-07 7.55606e-07 3.19086e-05 229.498
85.15 2.43338e-07 7.54402e-07 3.18578e-05 229.51
85.16 2.42959e-07 7.53201e-07 3.1807e-05 229.523
85.17 2.42581e-07 7.52002e-07 3.17564e-05 229.535
85.18 2.42203e-07 7.50804e-07 3.17058e-05 229.548
85.19 2.41826e-07 7.49609e-07 3.16552e-05 229.56
85.2 2.4145e-07 7.48415e-07 3.16048e-05 229.573
85.21 2.41074e-07 7.47224e-07 3.15545e-05 229.585
85.22 2.40699e-07 7.46034e-07 3.15042e-05 229.598
85.23 2.40324e-07 7.44846e-07 3.1454e-05 229.61
85.24 2.3995e-07 7.4366e-07 3.14039e-05 229.622
85.25 2.39577e-07 7.42477e-07 3.13539e-05 229.635
85.26 2.39204e-07 7.41294e-07 3.13039e-05 229.647
85.27 2.38832e-07 7.40114e-07 3.1254e-05 229.66
85.28 2.3846e-07 7.38936e-07 3.12042e-05 229.672
85.29 2.38089e-07 7.3776e-07 3.11545e-05 229.685
85.3 2.37718e-07 7.36585e-07 3.11049e-05 229.697
85.31 2.37348e-07 7.35413e-07 3.10554e-05 229.709
85.32 2.36979e-07 7.34242e-07 3.10059e-05 229.722
85.33 2.3661e-07 7.33073e-07 3.09565e-05 229.734
85.34 2.36242e-07 7.31906e-07 3.09072e-05 229.747
85.35 2.35875e-07 7.30741e-07 3.0858e-05 229.759
85.36 2.35508e-07 7.29578e-07 3.08088e-05 229.772
85.37 2.35141e-07 7.28417e-07 3.07597e-05 229.784
85.38 2.34775e-07 7.27257e-07 3.07108e-05 229.797
85.39 2.3441e-07 7.261e-07 3.06618e-05 229.809
85.4 2.34045e-07 7.24944e-07 3.0613e-05 229.821
85.41 2.33681e-07 7.2379e-07 3.05643e-05 229.834
85.42 2.33318e-07 7.22638e-07 3.05156e-05 229.846
85.43 2.32955e-07 7.21488e-07 3.0467e-05 229.859
85.44 2.32592e-07 7.2034e-07 3.04185e-05 229.871
85.45 2.3223e-07 7.19194e-07 3.037e-05 229.884
85.46 2.31869e-07 7.18049e-07 3.03216e-05 229.896
85.47 2.31508e-07 7.16906e-07 3.02734e-05 229.908
85.48 2.31148e-07 7.15765e-07 3.02252e-05 229.921
85.49 2.30788e-07 7.14626e-07 3.0177e-05 229.933
85.5 2.30429e-07 7.13489e-07 3.0129e-05 229.946
85.51 2.30071e-07 7.12354e-07 3.0081e-05 229.958
85.52 2.29713e-07 7.1122e-07 3.00331e-05 229.97
85.53 2.29356e-07 7.10089e-07 2.99853e-05 229.983
85.54 2.28999e-07 7.08959e-07 2.99375e-05 229.995
85.55 2.28643e-07 7.07831e-07 2.98899e-05 230.008
85.56 2.28287e-07 7.06704e-07 2.98423e-05 230.02
85.57 2.27932e-07 7.0558e-07 2.97948e-05 230.033
85.58 2.27577e-07 7.04457e-07 2.97473e-05 230.045
85.59 2.27223e-07 7.03336e-07 2.97e-05 230.057
85.6 2.2687e-07 7.02217e-07 2.96527e-05 230.07
85.61 2.26517e-07 7.011e-07 2.96055e-05 230.082
85.62 2.26165e-07 6.99985e-07 2.95583e-05 230.095
85.63 2.25813e-07 6.98871e-07 2.95113e-05 230.107
85.64 2.25462e-07 6.97759e-07 2.94643e-05 230.119
85.65 2.25111e-07 6.96649e-07 2.94174e-05 230.132
85.66 2.24761e-07 6.95541e-07 2.93706e-05 230.144
85.67 2.24412e-07 6.94434e-07 2.93238e-05 230.157
85.68 2.24063e-07 6.93329e-07 2.92771e-05 230.169
85.69 2.23714e-07 6.92226e-07 2.92305e-05 230.182
85.7 2.23366e-07 6.91125e-07 2.9184e-05 230.194
85.71 2.23019e-07 6.90026e-07 2.91375e-05 230.206
85.72 2.22672e-07 6.88928e-07 2.90912e-05 230.219
85.73 2.22326e-07 6.87832e-07 2.90448e-05 230.231
85.74 2.2198e-07 6.86738e-07 2.89986e-05 230.244
85.75 2.21635e-07 6.85646e-07 2.89525e-05 230.256
85.76 2.2129e-07 6.84555e-07 2.89064e-05 230.268
85.77 2.20946e-07 6.83467e-07 2.88604e-05 230.281
85.78 2.20603e-07 6.82379e-07 2.88144e-05 230.293
85.79 2.2026e-07 6.81294e-07 2.87686e-05 230.306
85.8 2.19917e-07 6.80211e-07 2.87228e-05 230.318
85.81 2.19575e-07 6.79129e-07 2.86771e-05 230.33
85.82 2.19234e-07 6.78049e-07 2.86314e-05 230.343
85.83 2.18893e-07 6.7697e-07 2.85859e-05 230.355
85.84 2.18552e-07 6.75894e-07 2.85404e-05 230.368
85.85 2.18213e-07 6.74819e-07 2.8495e-05 230.38
85.86 2.17873e-07 6.73746e-07 2.84496e-05 230.392
85.87 2.17535e-07 6.72674e-07 2.84044e-05 230.405
85.88 2.17196e-07 6.71604e-07 2.83592e-05 230.417
85.89 2.16859e-07 6.70536e-07 2.8314e-05 230.43
85.9 2.16522e-07 6.6947e-07 2.8269e-05 230.442
85.91 2.16185e-07 6.68406e-07 2.8224e-05 230.454
85.92 2.15849e-07 6.67343e-07 2.81791e-05 230.467
85.93 2.15513e-07 6.66282e-07 2.81342e-05 230.479
85.94 2.15178e-07 6.65222e-07 2.80895e-05 230.492
85.95 2.14844e-07 6.64164e-07 2.80448e-05 230.504
85.96 2.1451e-07 6.63108e-07 2.80002e-05 230.516
85.97 2.14176e-07 6.62054e-07 2.79556e-05 230.529
85.98 2.13844e-07 6.61001e-07 2.79111e-05 230.541
85.99 2.13511e-07 6.5995e-07 2.78667e-05 230.554
86 2.13179e-07 6.58901e-07 2.78224e-05 230.566
86.01 2.12848e-07 6.57854e-07 2.77781e-05 230.578
86.02 2.12517e-07 6.56808e-07 2.77339e-05 230.591
86.03 2.12187e-07 6.55763e-07 2.76898e-05 230.603
86.04 2.11857e-07 6.54721e-07 2.76458e-05 230.616
86.05 2.11528e-07 6.5368e-07 2.76018e-05 230.628
86.06 2.11199e-07 6.52641e-07 2.75579e-05 230.64
86.07 2.10871e-07 6.51603e-07 2.75141e-05 230.653
86.08 2.10543e-07 6.50568e-07 2.74703e-05 230.665
86.09 2.10216e-07 6.49533e-07 2.74266e-05 230.678
86.1 2.09889e-07 6.48501e-07 2.7383e-05 230.69
86.11 2.09563e-07 6.4747e-07 2.73394e-05 230.702
86.12 2.09237e-07 6.46441e-07 2.72959e-05 230.715
86.13 2.08912e-07 6.45413e-07 2.72525e-05 230.727
86.14 2.08587e-07 6.44387e-07 2.72092e-05 230.739
86.15 2.08263e-07 6.43363e-07 2.71659e-05 230.752
86.16 2.07939e-07 6.42341e-07 2.71227e-05 230.764
86.17 2.07616e-07 6.4132e-07 2.70795e-05 230.777
86.18 2.07294e-07 6.403e-07 2.70365e-05 230.789
86.19 2.06972e-07 6.39283e-07 2.69935e-05 230.801
86.2 2.0665e-07 6.38267e-07 2.69505e-05 230.814
86.21 2.06329e-07 6.37252e-07 2.69077e-05 230.826
86.22 2.06008e-07 6.36239e-07 2.68649e-05 230.839
86.23 2.05688e-07 6.35228e-07 2.68222e-05 230.851
86.24 2.05369e-07 6.34219e-07 2.67795e-05 230.863
86.25 2.05049e-07 6.33211e-07 2.67369e-05 230.876
86.26 2.04731e-07 6.32205e-07 2.66944e-05 230.888
86.27 2.04413e-07 6.312e-07 2.6652e-05 230.9
86.28 2.04095e-07 6.30197e-07 2.66096e-05 230.913
86.29 2.03778e-07 6.29196e-07 2.65673e-05 230.925
86.3 2.03461e-07 6.28196e-07 2.6525e-05 230.938
86.31 2.03145e-07 6.27197e-07 2.64829e-05 230.95
86.32 2.0283e-07 6.26201e-07 2.64407e-05 230.962
86.33 2.02515e-07 6.25206e-07 2.63987e-05 230.975
86.34 2.022e-07 6.24212e-07 2.63567e-05 230.987
86.35 2.01886e-07 6.23221e-07 2.63148e-05 230.999
86.36 2.01572e-07 6.2223e-07 2.6273e-05 231.012
86.37 2.01259e-07 6.21242e-07 2.62312e-05 231.024
86.38 2.00946e-07 6.20255e-07 2.61895e-05 231.037
86.39 2.00634e-07 6.19269e-07 2.61479e-05 231.049
86.4 2.00323e-07 6.18285e-07 2.61063e-05 231.061
86.41 2.00011e-07 6.17303e-07 2.60648e-05 231.074
86.42 1.99701e-07 6.16322e-07 2.60234e-05 231.086
86.43 1.99391e-07 6.15343e-07 2.5982e-05 231.098
86.44 1.99081e-07 6.14366e-07 2.59407e-05 231.111
86.45 1.98772e-07 6.1339e-07 2.58995e-05 231.123
86.46 1.98463e-07 6.12415e-07 2.58583e-05 231.136
86.47 1.98155e-07 6.11442e-07 2.58172e-05 231.148
86.48 1.97847e-07 6.10471e-07 2.57761e-05 231.16
86.49 1.97539e-07 6.09501e-07 2.57352e-05 231.173
86.5 1.97233e-07 6.08533e-07 2.56943e-05 231.185
86.51 1.96926e-07 6.07567e-07 2.56534e-05 231.197
86.52 1.96621e-07 6.06602e-07 2.56127e-05 231.21
86.53 1.96315e-07 6.05638e-07 2.55719e-05 231.222
86.54 1.9601e-07 6.04676e-07 2.55313e-05 231.234
86.55 1.95706e-07 6.03716e-07 2.54907e-05 231.247
86.56 1.95402e-07 6.02757e-07 2.54502e-05 231.259
86.57 1.95098e-07 6.01799e-07 2.54098e-05 231.272
86.58 1.94795e-07 6.00844e-07 2.53694e-05 231.284
86.59 1.94493e-07 5.99889e-07 2.53291e-05 231.296
86.6 1.94191e-07 5.98937e-07 2.52888e-05 231.309
86.61 1.93889e-07 5.97985e-07 2.52486e-05 231.321
86.62 1.93588e-07 5.97036e-07 2.52085e-05 231.333
86.63 1.93288e-07 5.96088e-07 2.51684e-05 231.346
86.64 1.92988e-07 5.95141e-07 2.51284e-05 231.358
86.65 1.92688e-07 5.94196e-07 2.50885e-05 231.37
86.66 1.92389e-07 5.93252e-07 2.50486e-05 231.383
86.67 1.9209e-07 5.9231e-07 2.50088e-05 231.395
86.68 1.91792e-07 5.9137e-07 2.49691e-05 231.408
86.69 1.91494e-07 5.90431e-07 2.49294e-05 231.42
86.7 1.91197e-07 5.89493e-07 2.48898e-05 231.432
86.71 1.909e-07 5.88557e-07 2.48503e-05 231.445
86.72 1.90603e-07 5.87622e-07 2.48108e-05 231.457
86.73 1.90307e-07 5.86689e-07 2.47714e-05 231.469
86.74 1.90012e-07 5.85758e-07 2.4732e-05 231.482
86.75 1.89717e-07 5.84828e-07 2.46927e-05 231.494
86.76 1.89422e-07 5.83899e-07 2.46535e-05 231.506
86.77 1.89128e-07 5.82972e-07 2.46143e-05 231.519
86.78 1.88835e-07 5.82047e-07 2.45752e-05 231.531
86.79 1.88541e-07 5.81123e-07 2.45362e-05 231.543
86.8 1.88249e-07 5.802e-07 2.44972e-05 231.556
86.81 1.87957e-07 5.79279e-07 2.44583e-05 231.568
86.82 1.87665e-07 5.78359e-07 2.44194e-05 231.58
86.83 1.87373e-07 5.77441e-07 2.43806e-05 231.593
86.84 1.87083e-07 5.76524e-07 2.43419e-05 231.605
86.85 1.86792e-07 5.75609e-07 2.43032e-05 231.617
86.86 1.86502e-07 5.74695e-07 2.42646e-05 231.63
86.87 1.86213e-07 5.73783e-07 2.42261e-05 231.642
86.88 1.85924e-07 5.72872e-07 2.41876e-05 231.655
86.89 1.85635e-07 5.71963e-07 2.41492e-05 231.667
86.9 1.85347e-07 5.71055e-07 2.41108e-05 231.679
86.91 1.85059e-07 5.70149e-07 2.40725e-05 231.692
86.92 1.84772e-07 5.69244e-07 2.40343e-05 231.704
86.93 1.84485e-07 5.6834e-07 2.39961e-05 231.716
86.94 1.84199e-07 5.67438e-07 2.3958e-05 231.729
86.95 1.83913e-07 5.66537e-07 2.392e-05 231.741
86.96 1.83628e-07 5.65638e-07 2.3882e-05 231.753
86.97 1.83343e-07 5.6474e-07 2.3844e-05 231.766
86.98 1.83058e-07 5.63844e-07 2.38062e-05 231.778
86.99 1.82774e-07 5.62949e-07 2.37684e-05 231.79
87 1.8249e-07 5.62056e-07 2.37306e-05 231.803
87.01 1.82207e-07 5.61164e-07 2.36929e-05 231.815
87.02 1.81924e-07 5.60273e-07 2.36553e-05 231.827
87.03 1.81642e-07 5.59384e-07 2.36177e-05 231.84
87.04 1.8136e-07 5.58497e-07 2.35802e-05 231.852
87.05 1.81079e-07 5.5761e-07 2.35428e-05 231.864
87.06 1.80798e-07 5.56725e-07 2.35054e-05 231.877
87.07 1.80517e-07 5.55842e-07 2.34681e-05 231.889
87.08 1.80237e-07 5.5496e-07 2.34308e-05 231.901
87.09 1.79957e-07 5.54079e-07 2.33936e-05 231.914
87.1 1.79678e-07 5.532e-07 2.33565e-05 231.926
87.11 1.79399e-07 5.52322e-07 2.33194e-05 231.938
87.12 1.79121e-07 5.51446e-07 2.32824e-05 231.951
87.13 1.78843e-07 5.50571e-07 2.32454e-05 231.963
87.14 1.78565e-07 5.49697e-07 2.32085e-05 231.975
87.15 1.78288e-07 5.48825e-07 2.31717e-05 231.988
87.16 1.78012e-07 5.47955e-07 2.31349e-05 232
87.17 1.77736e-07 5.47085e-07 2.30981e-05 232.012
87.18 1.7746e-07 5.46217e-07 2.30615e-05 232.025
87.19 1.77185e-07 5.45351e-07 2.30249e-05 232.037
87.2 1.7691e-07 5.44485e-07 2.29883e-05 232.049
87.21 1.76635e-07 5.43622e-07 2.29518e-05 232.062
87.22 1.76361e-07 5.42759e-07 2.29154e-05 232.074
87.23 1.76088e-07 5.41898e-07 2.2879e-05 232.086
87.24 1.75814e-07 5.41039e-07 2.28427e-05 232.099
87.25 1.75542e-07 5.4018e-07 2.28064e-05 232.111
87.26 1.75269e-07 5.39323e-07 2.27702e-05 232.123
87.27 1.74997e-07 5.38468e-07 2.27341e-05 232.135
87.28 1.74726e-07 5.37614e-07 2.2698e-05 232.148
87.29 1.74455e-07 5.36761e-07 2.2662e-05 232.16
87.3 1.74184e-07 5.3591e-07 2.2626e-05 232.172
87.31 1.73914e-07 5.3506e-07 2.25901e-05 232.185
87.32 1.73644e-07 5.34211e-07 2.25542e-05 232.197
87.33 1.73375e-07 5.33364e-07 2.25184e-05 232.209
87.34 1.73106e-07 5.32518e-07 2.24827e-05 232.222
87.35 1.72838e-07 5.31673e-07 2.2447e-05 232.234
87.36 1.72569e-07 5.3083e-07 2.24114e-05 232.246
87.37 1.72302e-07 5.29988e-07 2.23758e-05 232.259
87.38 1.72035e-07 5.29147e-07 2.23403e-05 232.271
87.39 1.71768e-07 5.28308e-07 2.23049e-05 232.283
87.4 1.71501e-07 5.2747e-07 2.22695e-05 232.296
87.41 1.71235e-07 5.26634e-07 2.22341e-05 232.308
87.42 1.7097e-07 5.25799e-07 2.21988e-05 232.32
87.43 1.70705e-07 5.24965e-07 2.21636e-05 232.333
87.44 1.7044e-07 5.24132e-07 2.21284e-05 232.345
87.45 1.70176e-07 5.23301e-07 2.20933e-05 232.357
87.46 1.69912e-07 5.22471e-07 2.20583e-05 232.369
87.47 1.69648e-07 5.21643e-07 2.20233e-05 232.382
87.48 1.69385e-07 5.20816e-07 2.19883e-05 232.394
87.49 1.69122e-07 5.1999e-07 2.19534e-05 232.406
87.5 1.6886e-07 5.19165e-07 2.19186e-05 232.419
87.51 1.68598e-07 5.18342e-07 2.18838e-05 232.431
87.52 1.68337e-07 5.1752e-07 2.18491e-05 232.443
87.53 1.68076e-07 5.167e-07 2.18144e-05 232.456
87.54 1.67815e-07 5.1588e-07 2.17798e-05 232.468
87.55 1.67555e-07 5.15063e-07 2.17453e-05 232.48
87.56 1.67295e-07 5.14246e-07 2.17108e-05 232.493
87.57 1.67036e-07 5.13431e-07 2.16763e-05 232.505
87.58 1.66777e-07 5.12617e-07 2.1642e-05 232.517
87.59 1.66518e-07 5.11804e-07 2.16076e-05 232.529
87.6 1.6626e-07 5.10993e-07 2.15733e-05 232.542
87.61 1.66002e-07 5.10183e-07 2.15391e-05 232.554
87.62 1.65745e-07 5.09374e-07 2.1505e-05 232.566
87.63 1.65488e-07 5.08566e-07 2.14708e-05 232.579
87.64 1.65231e-07 5.0776e-07 2.14368e-05 232.591
87.65 1.64975e-07 5.06955e-07 2.14028e-05 232.603
87.66 1.64719e-07 5.06152e-07 2.13688e-05 232.616
87.67 1.64464e-07 5.05349e-07 2.13349e-05 232.628
87.68 1.64209e-07 5.04548e-07 2.13011e-05 232.64
87.69 1.63955e-07 5.03748e-07 2.12673e-05 232.652
87.7 1.637e-07 5.0295e-07 2.12336e-05 232.665
87.71 1.63447e-07 5.02153e-07 2.11999e-05 232.677
87.72 1.63193e-07 5.01357e-07 2.11663e-05 232.689
87.73 1.6294e-07 5.00562e-07 2.11327e-05 232.702
87.74 1.62688e-07 4.99769e-07 2.10992e-05 232.714
87.75 1.62436e-07 4.98977e-07 2.10657e-05 232.726
87.76 1.62184e-07 4.98186e-07 2.10323e-05 232.739
87.77 1.61932e-07 4.97396e-07 2.0999e-05 232.751
87.78 1.61681e-07 4.96608e-07 2.09657e-05 232.763
87.79 1.61431e-07 4.95821e-07 2.09324e-05 232.775
87.8 1.61181e-07 4.95035e-07 2.08992e-05 232.788
87.81 1.60931e-07 4.94251e-07 2.08661e-05 232.8
87.82 1.60681e-07 4.93468e-07 2.0833e-05 232.812
87.83 1.60432e-07 4.92686e-07 2.08e-05 232.825
87.84 1.60184e-07 4.91905e-07 2.0767e-05 232.837
87.85 1.59935e-07 4.91125e-07 2.0734e-05 232.849
87.86 1.59687e-07 4.90347e-07 2.07012e-05 232.861
87.87 1.5944e-07 4.8957e-07 2.06683e-05 232.874
87.88 1.59193e-07 4.88794e-07 2.06356e-05 232.886
87.89 1.58946e-07 4.8802e-07 2.06029e-05 232.898
87.9 1.587e-07 4.87247e-07 2.05702e-05 232.911
87.91 1.58454e-07 4.86475e-07 2.05376e-05 232.923
87.92 1.58208e-07 4.85704e-07 2.0505e-05 232.935
87.93 1.57963e-07 4.84934e-07 2.04725e-05 232.947
87.94 1.57718e-07 4.84166e-07 2.04401e-05 232.96
87.95 1.57474e-07 4.83399e-07 2.04076e-05 232.972
87.96 1.5723e-07 4.82633e-07 2.03753e-05 232.984
87.97 1.56986e-07 4.81868e-07 2.0343e-05 232.997
87.98 1.56743e-07 4.81105e-07 2.03107e-05 233.009
87.99 1.565e-07 4.80343e-07 2.02785e-05 233.021
88 1.56258e-07 4.79582e-07 2.02464e-05 233.033
88.01 1.56016e-07 4.78822e-07 2.02143e-05 233.046
88.02 1.55774e-07 4.78064e-07 2.01823e-05 233.058
88.03 1.55532e-07 4.77306e-07 2.01503e-05 233.07
88.04 1.55292e-07 4.7655e-07 2.01183e-05 233.083
88.05 1.55051e-07 4.75795e-07 2.00864e-05 233.095
88.06 1.54811e-07 4.75042e-07 2.00546e-05 233.107
88.07 1.54571e-07 4.74289e-07 2.00228e-05 233.119
88.08 1.54331e-07 4.73538e-07 1.99911e-05 233.132
88.09 1.54092e-07 4.72788e-07 1.99594e-05 233.144
88.1 1.53854e-07 4.72039e-07 1.99278e-05 233.156
88.11 1.53615e-07 4.71291e-07 1.98962e-05 233.169
88.12 1.53377e-07 4.70545e-07 1.98646e-05 233.181
88.13 1.5314e-07 4.698e-07 1.98332e-05 233.193
88.14 1.52902e-07 4.69055e-07 1.98017e-05 233.205
88.15 1.52665e-07 4.68313e-07 1.97703e-05 233.218
88.16 1.52429e-07 4.67571e-07 1.9739e-05 233.23
88.17 1.52193e-07 4.6683e-07 1.97077e-05 233.242
88.18 1.51957e-07 4.66091e-07 1.96765e-05 233.254
88.19 1.51722e-07 4.65353e-07 1.96453e-05 233.267
88.2 1.51487e-07 4.64616e-07 1.96142e-05 233.279
88.21 1.51252e-07 4.6388e-07 1.95831e-05 233.291
88.22 1.51018e-07 4.63146e-07 1.95521e-05 233.303
88.23 1.50784e-07 4.62412e-07 1.95211e-05 233.316
88.24 1.5055e-07 4.6168e-07 1.94902e-05 233.328
88.25 1.50317e-07 4.60949e-07 1.94593e-05 233.34
88.26 1.50084e-07 4.60219e-07 1.94284e-05 233.353
88.27 1.49852e-07 4.5949e-07 1.93977e-05 233.365
88.28 1.4962e-07 4.58763e-07 1.93669e-05 233.377
88.29 1.49388e-07 4.58036e-07 1.93362e-05 233.389
88.3 1.49157e-07 4.57311e-07 1.93056e-05 233.402
88.31 1.48926e-07 4.56587e-07 1.9275e-05 233.414
88.32 1.48695e-07 4.55864e-07 1.92445e-05 233.426
88.33 1.48465e-07 4.55142e-07 1.9214e-05 233.438
88.34 1.48235e-07 4.54422e-07 1.91836e-05 233.451
88.35 1.48005e-07 4.53702e-07 1.91532e-05 233.463
88.36 1.47776e-07 4.52984e-07 1.91228e-05 233.475
88.37 1.47547e-07 4.52267e-07 1.90925e-05 233.487
88.38 1.47319e-07 4.51551e-07 1.90623e-05 233.5
88.39 1.47091e-07 4.50836e-07 1.90321e-05 233.512
88.4 1.46863e-07 4.50122e-07 1.90019e-05 233.524
88.41 1.46635e-07 4.4941e-07 1.89718e-05 233.536
88.42 1.46408e-07 4.48698e-07 1.89418e-05 233.549
88.43 1.46182e-07 4.47988e-07 1.89118e-05 233.561
88.44 1.45955e-07 4.47279e-07 1.88818e-05 233.573
88.45 1.45729e-07 4.46571e-07 1.88519e-05 233.586
88.46 1.45504e-07 4.45864e-07 1.88221e-05 233.598
88.47 1.45278e-07 4.45158e-07 1.87922e-05 233.61
88.48 1.45053e-07 4.44454e-07 1.87625e-05 233.622
88.49 1.44829e-07 4.4375e-07 1.87328e-05 233.635
88.5 1.44605e-07 4.43048e-07 1.87031e-05 233.647
88.51 1.44381e-07 4.42346e-07 1.86735e-05 233.659
88.52 1.44157e-07 4.41646e-07 1.86439e-05 233.671
88.53 1.43934e-07 4.40947e-07 1.86144e-05 233.684
88.54 1.43711e-07 4.40249e-07 1.85849e-05 233.696
88.55 1.43489e-07 4.39553e-07 1.85555e-05 233.708
88.56 1.43267e-07 4.38857e-07 1.85261e-05 233.72
88.57 1.43045e-07 4.38163e-07 1.84967e-05 233.733
88.58 1.42823e-07 4.37469e-07 1.84674e-05 233.745
88.59 1.42602e-07 4.36777e-07 1.84382e-05 233.757
88.6 1.42382e-07 4.36086e-07 1.8409e-05 233.769
88.61 1.42161e-07 4.35395e-07 1.83799e-05 233.782
88.62 1.41941e-07 4.34706e-07 1.83507e-05 233.794
88.63 1.41721e-07 4.34019e-07 1.83217e-05 233.806
88.64 1.41502e-07 4.33332e-07 1.82927e-05 233.818
88.65 1.41283e-07 4.32646e-07 1.82637e-05 233.83
88.66 1.41064e-07 4.31962e-07 1.82348e-05 233.843
88.67 1.40846e-07 4.31278e-07 1.82059e-05 233.855
88.68 1.40628e-07 4.30596e-07 1.81771e-05 233.867
88.69 1.4041e-07 4.29914e-07 1.81483e-05 233.879
88.7 1.40193e-07 4.29234e-07 1.81196e-05 233.892
88.71 1.39976e-07 4.28555e-07 1.80909e-05 233.904
88.72 1.39759e-07 4.27877e-07 1.80623e-05 233.916
88.73 1.39543e-07 4.272e-07 1.80337e-05 233.928
88.74 1.39327e-07 4.26524e-07 1.80051e-05 233.941
88.75 1.39111e-07 4.25849e-07 1.79766e-05 233.953
88.76 1.38896e-07 4.25176e-07 1.79482e-05 233.965
88.77 1.38681e-07 4.24503e-07 1.79197e-05 233.977
88.78 1.38466e-07 4.23831e-07 1.78914e-05 233.99
88.79 1.38252e-07 4.23161e-07 1.78631e-05 234.002
88.8 1.38038e-07 4.22491e-07 1.78348e-05 234.014
88.81 1.37825e-07 4.21823e-07 1.78065e-05 234.026
88.82 1.37611e-07 4.21156e-07 1.77784e-05 234.039
88.83 1.37398e-07 4.2049e-07 1.77502e-05 234.051
88.84 1.37186e-07 4.19824e-07 1.77221e-05 234.063
88.85 1.36974e-07 4.1916e-07 1.76941e-05 234.075
88.86 1.36762e-07 4.18497e-07 1.76661e-05 234.087
88.87 1.3655e-07 4.17835e-07 1.76381e-05 234.1
88.88 1.36339e-07 4.17174e-07 1.76102e-05 234.112
88.89 1.36128e-07 4.16515e-07 1.75823e-05 234.124
88.9 1.35917e-07 4.15856e-07 1.75545e-05 234.136
88.91 1.35707e-07 4.15198e-07 1.75267e-05 234.149
88.92 1.35497e-07 4.14541e-07 1.7499e-05 234.161
88.93 1.35287e-07 4.13886e-07 1.74713e-05 234.173
88.94 1.35078e-07 4.13231e-07 1.74436e-05 234.185
88.95 1.34869e-07 4.12578e-07 1.7416e-05 234.198
88.96 1.3466e-07 4.11925e-07 1.73885e-05 234.21
88.97 1.34452e-07 4.11274e-07 1.73609e-05 234.222
88.98 1.34244e-07 4.10623e-07 1.73335e-05 234.234
88.99 1.34036e-07 4.09974e-07 1.7306e-05 234.246
89 1.33829e-07 4.09326e-07 1.72787e-05 234.259
89.01 1.33622e-07 4.08678e-07 1.72513e-05 234.271
89.02 1.33415e-07 4.08032e-07 1.7224e-05 234.283
89.03 1.33209e-07 4.07387e-07 1.71968e-05 234.295
89.04 1.33003e-07 4.06743e-07 1.71695e-05 234.308
89.05 1.32797e-07 4.06099e-07 1.71424e-05 234.32
89.06 1.32591e-07 4.05457e-07 1.71153e-05 234.332
89.07 1.32386e-07 4.04816e-07 1.70882e-05 234.344
89.08 1.32182e-07 4.04176e-07 1.70611e-05 234.356
89.09 1.31977e-07 4.03537e-07 1.70342e-05 234.369
89.1 1.31773e-07 4.02899e-07 1.70072e-05 234.381
89.11 1.31569e-07 4.02262e-07 1.69803e-05 234.393
89.12 1.31366e-07 4.01626e-07 1.69534e-05 234.405
89.13 1.31162e-07 4.00991e-07 1.69266e-05 234.418
89.14 1.3096e-07 4.00357e-07 1.68998e-05 234.43
89.15 1.30757e-07 3.99724e-07 1.68731e-05 234.442
89.16 1.30555e-07 3.99092e-07 1.68464e-05 234.454
89.17 1.30353e-07 3.98461e-07 1.68198e-05 234.466
89.18 1.30151e-07 3.97831e-07 1.67931e-05 234.479
89.19 1.2995e-07 3.97202e-07 1.67666e-05 234.491
89.2 1.29749e-07 3.96575e-07 1.67401e-05 234.503
89.21 1.29548e-07 3.95948e-07 1.67136e-05 234.515
89.22 1.29348e-07 3.95322e-07 1.66871e-05 234.527
89.23 1.29148e-07 3.94697e-07 1.66607e-05 234.54
89.24 1.28948e-07 3.94073e-07 1.66344e-05 234.552
89.25 1.28749e-07 3.9345e-07 1.66081e-05 234.564
89.26 1.2855e-07 3.92828e-07 1.65818e-05 234.576
89.27 1.28351e-07 3.92207e-07 1.65556e-05 234.589
89.28 1.28152e-07 3.91587e-07 1.65294e-05 234.601
89.29 1.27954e-07 3.90968e-07 1.65033e-05 234.613
89.3 1.27756e-07 3.9035e-07 1.64772e-05 234.625
89.31 1.27559e-07 3.89733e-07 1.64511e-05 234.637
89.32 1.27362e-07 3.89117e-07 1.64251e-05 234.65
89.33 1.27165e-07 3.88502e-07 1.63991e-05 234.662
89.34 1.26968e-07 3.87888e-07 1.63732e-05 234.674
89.35 1.26772e-07 3.87275e-07 1.63473e-05 234.686
89.36 1.26576e-07 3.86663e-07 1.63214e-05 234.698
89.37 1.2638e-07 3.86052e-07 1.62956e-05 234.711
89.38 1.26185e-07 3.85442e-07 1.62699e-05 234.723
89.39 1.2599e-07 3.84833e-07 1.62441e-05 234.735
89.4 1.25795e-07 3.84225e-07 1.62184e-05 234.747
89.41 1.256e-07 3.83618e-07 1.61928e-05 234.759
89.42 1.25406e-07 3.83012e-07 1.61672e-05 234.772
89.43 1.25212e-07 3.82406e-07 1.61416e-05 234.784
89.44 1.25019e-07 3.81802e-07 1.61161e-05 234.796
89.45 1.24825e-07 3.81199e-07 1.60906e-05 234.808
89.46 1.24632e-07 3.80597e-07 1.60652e-05 234.82
89.47 1.2444e-07 3.79995e-07 1.60398e-05 234.833
89.48 1.24247e-07 3.79395e-07 1.60144e-05 234.845
89.49 1.24055e-07 3.78795e-07 1.59891e-05 234.857
89.5 1.23863e-07 3.78197e-07 1.59638e-05 234.869
89.51 1.23672e-07 3.77599e-07 1.59386e-05 234.881
89.52 1.23481e-07 3.77003e-07 1.59134e-05 234.894
89.53 1.2329e-07 3.76407e-07 1.58882e-05 234.906
89.54 1.23099e-07 3.75812e-07 1.58631e-05 234.918
89.55 1.22909e-07 3.75219e-07 1.5838e-05 234.93
89.56 1.22719e-07 3.74626e-07 1.5813e-05 234.942
89.57 1.22529e-07 3.74034e-07 1.5788e-05 234.955
89.58 1.2234e-07 3.73443e-07 1.5763e-05 234.967
89.59 1.22151e-07 3.72853e-07 1.57381e-05 234.979
89.6 1.21962e-07 3.72264e-07 1.57132e-05 234.991
89.61 1.21774e-07 3.71676e-07 1.56884e-05 235.003
89.62 1.21585e-07 3.71089e-07 1.56636e-05 235.016
89.63 1.21398e-07 3.70503e-07 1.56389e-05 235.028
89.64 1.2121e-07 3.69918e-07 1.56141e-05 235.04
89.65 1.21023e-07 3.69333e-07 1.55895e-05 235.052
89.66 1.20836e-07 3.6875e-07 1.55648e-05 235.064
89.67 1.20649e-07 3.68167e-07 1.55402e-05 235.076
89.68 1.20462e-07 3.67586e-07 1.55157e-05 235.089
89.69 1.20276e-07 3.67005e-07 1.54911e-05 235.101
89.7 1.2009e-07 3.66426e-07 1.54666e-05 235.113
89.71 1.19905e-07 3.65847e-07 1.54422e-05 235.125
89.72 1.1972e-07 3.65269e-07 1.54178e-05 235.137
89.73 1.19535e-07 3.64692e-07 1.53934e-05 235.15
89.74 1.1935e-07 3.64116e-07 1.53691e-05 235.162
89.75 1.19165e-07 3.63541e-07 1.53448e-05 235.174
89.76 1.18981e-07 3.62967e-07 1.53206e-05 235.186
89.77 1.18797e-07 3.62394e-07 1.52964e-05 235.198
89.78 1.18614e-07 3.61822e-07 1.52722e-05 235.21
89.79 1.18431e-07 3.6125e-07 1.52481e-05 235.223
89.8 1.18248e-07 3.6068e-07 1.5224e-05 235.235
89.81 1.18065e-07 3.6011e-07 1.51999e-05 235.247
89.82 1.17882e-07 3.59542e-07 1.51759e-05 235.259
89.83 1.177e-07 3.58974e-07 1.51519e-05 235.271
89.84 1.17518e-07 3.58407e-07 1.5128e-05 235.284
89.85 1.17337e-07 3.57841e-07 1.51041e-05 235.296
89.86 1.17156e-07 3.57276e-07 1.50802e-05 235.308
89.87 1.16975e-07 3.56712e-07 1.50564e-05 235.32
89.88 1.16794e-07 3.56149e-07 1.50326e-05 235.332
89.89 1.16613e-07 3.55586e-07 1.50088e-05 235.344
89.9 1.16433e-07 3.55025e-07 1.49851e-05 235.357
89.91 1.16253e-07 3.54464e-07 1.49615e-05 235.369
89.92 1.16074e-07 3.53905e-07 1.49378e-05 235.381
89.93 1.15895e-07 3.53346e-07 1.49142e-05 235.393
89.94 1.15716e-07 3.52788e-07 1.48907e-05 235.405
89.95 1.15537e-07 3.52231e-07 1.48671e-05 235.417
89.96 1.15358e-07 3.51675e-07 1.48436e-05 235.43
89.97 1.1518e-07 3.5112e-07 1.48202e-05 235.442
89.98 1.15002e-07 3.50566e-07 1.47968e-05 235.454
89.99 1.14825e-07 3.50012e-07 1.47734e-05 235.466
90 1.14647e-07 3.4946e-07 1.47501e-05 235.478
90.01 1.1447e-07 3.48908e-07 1.47268e-05 235.49
90.02 1.14293e-07 3.48357e-07 1.47035e-05 235.503
90.03 1.14117e-07 3.47808e-07 1.46803e-05 235.515
90.04 1.13941e-07 3.47258e-07 1.46571e-05 235.527
90.05 1.13765e-07 3.4671e-07 1.4634e-05 235.539
90.06 1.13589e-07 3.46163e-07 1.46108e-05 235.551
90.07 1.13413e-07 3.45617e-07 1.45878e-05 235.563
90.08 1.13238e-07 3.45071e-07 1.45647e-05 235.576
90.09 1.13063e-07 3.44527e-07 1.45417e-05 235.588
90.1 1.12889e-07 3.43983e-07 1.45188e-05 235.6
90.11 1.12714e-07 3.4344e-07 1.44958e-05 235.612
90.12 1.1254e-07 3.42898e-07 1.44729e-05 235.624
90.13 1.12367e-07 3.42357e-07 1.44501e-05 235.636
90.14 1.12193e-07 3.41816e-07 1.44273e-05 235.649
90.15 1.1202e-07 3.41277e-07 1.44045e-05 235.661
90.16 1.11847e-07 3.40738e-07 1.43817e-05 235.673
90.17 1.11674e-07 3.40201e-07 1.4359e-05 235.685
90.18 1.11502e-07 3.39664e-07 1.43363e-05 235.697
90.19 1.11329e-07 3.39128e-07 1.43137e-05 235.709
90.2 1.11158e-07 3.38593e-07 1.42911e-05 235.722
90.21 1.10986e-07 3.38058e-07 1.42685e-05 235.734
90.22 1.10815e-07 3.37525e-07 1.4246e-05 235.746
90.23 1.10643e-07 3.36992e-07 1.42235e-05 235.758
90.24 1.10473e-07 3.3646e-07 1.42011e-05 235.77
90.25 1.10302e-07 3.3593e-07 1.41786e-05 235.782
90.26 1.10132e-07 3.354e-07 1.41563e-05 235.794
90.27 1.09962e-07 3.3487e-07 1.41339e-05 235.807
90.28 1.09792e-07 3.34342e-07 1.41116e-05 235.819
90.29 1.09622e-07 3.33814e-07 1.40893e-05 235.831
90.3 1.09453e-07 3.33288e-07 1.40671e-05 235.843
90.31 1.09284e-07 3.32762e-07 1.40449e-05 235.855
90.32 1.09115e-07 3.32237e-07 1.40227e-05 235.867
90.33 1.08947e-07 3.31713e-07 1.40005e-05 235.88
90.34 1.08779e-07 3.31189e-07 1.39784e-05 235.892
90.35 1.08611e-07 3.30667e-07 1.39564e-05 235.904
90.36 1.08443e-07 3.30145e-07 1.39343e-05 235.916
90.37 1.08276e-07 3.29624e-07 1.39124e-05 235.928
90.38 1.08109e-07 3.29104e-07 1.38904e-05 235.94
90.39 1.07942e-07 3.28585e-07 1.38685e-05 235.952
90.4 1.07775e-07 3.28067e-07 1.38466e-05 235.965
90.41 1.07609e-07 3.27549e-07 1.38247e-05 235.977
90.42 1.07443e-07 3.27033e-07 1.38029e-05 235.989
90.43 1.07277e-07 3.26517e-07 1.37811e-05 236.001
90.44 1.07111e-07 3.26002e-07 1.37594e-05 236.013
90.45 1.06946e-07 3.25488e-07 1.37376e-05 236.025
90.46 1.06781e-07 3.24974e-07 1.3716e-05 236.037
90.47 1.06616e-07 3.24462e-07 1.36943e-05 236.05
90.48 1.06451e-07 3.2395e-07 1.36727e-05 236.062
90.49 1.06287e-07 3.23439e-07 1.36511e-05 236.074
90.5 1.06123e-07 3.22929e-07 1.36296e-05 236.086
90.51 1.05959e-07 3.2242e-07 1.36081e-05 236.098
90.52 1.05796e-07 3.21911e-07 1.35866e-05 236.11
90.53 1.05632e-07 3.21403e-07 1.35651e-05 236.122
90.54 1.05469e-07 3.20896e-07 1.35437e-05 236.135
90.55 1.05307e-07 3.2039e-07 1.35224e-05 236.147
90.56 1.05144e-07 3.19885e-07 1.3501e-05 236.159
90.57 1.04982e-07 3.19381e-07 1.34797e-05 236.171
90.58 1.0482e-07 3.18877e-07 1.34585e-05 236.183
90.59 1.04658e-07 3.18374e-07 1.34372e-05 236.195
90.6 1.04497e-07 3.17872e-07 1.3416e-05 236.207
90.61 1.04335e-07 3.17371e-07 1.33948e-05 236.219
90.62 1.04174e-07 3.1687e-07 1.33737e-05 236.232
90.63 1.04014e-07 3.16371e-07 1.33526e-05 236.244
90.64 1.03853e-07 3.15872e-07 1.33315e-05 236.256
90.65 1.03693e-07 3.15374e-07 1.33105e-05 236.268
90.66 1.03533e-07 3.14877e-07 1.32895e-05 236.28
90.67 1.03373e-07 3.1438e-07 1.32685e-05 236.292
90.68 1.03214e-07 3.13884e-07 1.32476e-05 236.304
90.69 1.03054e-07 3.1339e-07 1.32267e-05 236.317
90.7 1.02895e-07 3.12895e-07 1.32058e-05 236.329
90.71 1.02737e-07 3.12402e-07 1.3185e-05 236.341
90.72 1.02578e-07 3.1191e-07 1.31642e-05 236.353
90.73 1.0242e-07 3.11418e-07 1.31434e-05 236.365
90.74 1.02262e-07 3.10927e-07 1.31227e-05 236.377
90.75 1.02104e-07 3.10437e-07 1.3102e-05 236.389
90.76 1.01947e-07 3.09947e-07 1.30813e-05 236.401
90.77 1.01789e-07 3.09459e-07 1.30607e-05 236.414
90.78 1.01632e-07 3.08971e-07 1.30401e-05 236.426
90.79 1.01475e-07 3.08484e-07 1.30195e-05 236.438
90.8 1.01319e-07 3.07997e-07 1.2999e-05 236.45
90.81 1.01163e-07 3.07512e-07 1.29785e-05 236.462
90.82 1.01007e-07 3.07027e-07 1.2958e-05 236.474
90.83 1.00851e-07 3.06543e-07 1.29376e-05 236.486
90.84 1.00695e-07 3.0606e-07 1.29172e-05 236.498
90.85 1.0054e-07 3.05578e-07 1.28968e-05 236.511
90.86 1.00385e-07 3.05096e-07 1.28765e-05 236.523
90.87 1.0023e-07 3.04615e-07 1.28561e-05 236.535
90.88 1.00075e-07 3.04135e-07 1.28359e-05 236.547
90.89 9.99209e-08 3.03656e-07 1.28156e-05 236.559
90.9 9.97668e-08 3.03177e-07 1.27954e-05 236.571
90.91 9.96129e-08 3.02699e-07 1.27752e-05 236.583
90.92 9.94592e-08 3.02222e-07 1.27551e-05 236.595
90.93 9.93058e-08 3.01746e-07 1.2735e-05 236.607
90.94 9.91527e-08 3.0127e-07 1.27149e-05 236.62
90.95 9.89998e-08 3.00796e-07 1.26948e-05 236.632
90.96 9.88471e-08 3.00321e-07 1.26748e-05 236.644
90.97 9.86946e-08 2.99848e-07 1.26548e-05 236.656
90.98 9.85424e-08 2.99376e-07 1.26349e-05 236.668
90.99 9.83904e-08 2.98904e-07 1.2615e-05 236.68
91 9.82387e-08 2.98433e-07 1.25951e-05 236.692
91.01 9.80872e-08 2.97963e-07 1.25752e-05 236.704
91.02 9.79359e-08 2.97493e-07 1.25554e-05 236.717
91.03 9.77849e-08 2.97024e-07 1.25356e-05 236.729
91.04 9.76341e-08 2.96556e-07 1.25158e-05 236.741
91.05 9.74835e-08 2.96089e-07 1.24961e-05 236.753
91.06 9.73332e-08 2.95623e-07 1.24764e-05 236.765
91.07 9.71831e-08 2.95157e-07 1.24567e-05 236.777
91.08 9.70333e-08 2.94692e-07 1.24371e-05 236.789
91.09 9.68836e-08 2.94227e-07 1.24175e-05 236.801
91.1 9.67342e-08 2.93764e-07 1.23979e-05 236.813
91.11 9.65851e-08 2.93301e-07 1.23783e-05 236.825
91.12 9.64361e-08 2.92839e-07 1.23588e-05 236.838
91.13 9.62875e-08 2.92378e-07 1.23393e-05 236.85
91.14 9.6139e-08 2.91917e-07 1.23199e-05 236.862
91.15 9.59908e-08 2.91457e-07 1.23005e-05 236.874
91.16 9.58428e-08 2.90998e-07 1.22811e-05 236.886
91.17 9.5695e-08 2.90539e-07 1.22617e-05 236.898
91.18 9.55474e-08 2.90082e-07 1.22424e-05 236.91
91.19 9.54001e-08 2.89625e-07 1.22231e-05 236.922
91.2 9.52531e-08 2.89169e-07 1.22038e-05 236.934
91.21 9.51062e-08 2.88713e-07 1.21846e-05 236.947
91.22 9.49596e-08 2.88258e-07 1.21654e-05 236.959
91.23 9.48132e-08 2.87804e-07 1.21462e-05 236.971
91.24 9.4667e-08 2.87351e-07 1.21271e-05 236.983
91.25 9.45211e-08 2.86898e-07 1.2108e-05 236.995
91.26 9.43754e-08 2.86446e-07 1.20889e-05 237.007
91.27 9.42299e-08 2.85995e-07 1.20698e-05 237.019
91.28 9.40846e-08 2.85545e-07 1.20508e-05 237.031
91.29 9.39396e-08 2.85095e-07 1.20318e-05 237.043
91.3 9.37948e-08 2.84646e-07 1.20128e-05 237.055
91.31 9.36502e-08 2.84198e-07 1.19939e-05 237.068
91.32 9.35058e-08 2.8375e-07 1.1975e-05 237.08
91.33 9.33617e-08 2.83303e-07 1.19561e-05 237.092
91.34 9.32178e-08 2.82857e-07 1.19373e-05 237.104
91.35 9.30741e-08 2.82412e-07 1.19185e-05 237.116
91.36 9.29307e-08 2.81967e-07 1.18997e-05 237.128
91.37 9.27874e-08 2.81523e-07 1.1881e-05 237.14
91.38 9.26444e-08 2.81079e-07 1.18622e-05 237.152
91.39 9.25016e-08 2.80637e-07 1.18435e-05 237.164
91.4 9.23591e-08 2.80195e-07 1.18249e-05 237.176
91.41 9.22167e-08 2.79754e-07 1.18062e-05 237.188
91.42 9.20746e-08 2.79313e-07 1.17876e-05 237.201
91.43 9.19327e-08 2.78873e-07 1.17691e-05 237.213
91.44 9.1791e-08 2.78434e-07 1.17505e-05 237.225
91.45 9.16495e-08 2.77996e-07 1.1732e-05 237.237
91.46 9.15083e-08 2.77558e-07 1.17135e-05 237.249
91.47 9.13673e-08 2.77121e-07 1.16951e-05 237.261
91.48 9.12265e-08 2.76685e-07 1.16766e-05 237.273
91.49 9.10859e-08 2.76249e-07 1.16583e-05 237.285
91.5 9.09455e-08 2.75814e-07 1.16399e-05 237.297
91.51 9.08054e-08 2.7538e-07 1.16215e-05 237.309
91.52 9.06654e-08 2.74946e-07 1.16032e-05 237.321
91.53 9.05257e-08 2.74514e-07 1.1585e-05 237.333
91.54 9.03862e-08 2.74081e-07 1.15667e-05 237.346
91.55 9.0247e-08 2.7365e-07 1.15485e-05 237.358
91.56 9.01079e-08 2.73219e-07 1.15303e-05 237.37
91.57 8.99691e-08 2.72789e-07 1.15121e-05 237.382
91.58 8.98304e-08 2.7236e-07 1.1494e-05 237.394
91.59 8.9692e-08 2.71931e-07 1.14759e-05 237.406
91.6 8.95538e-08 2.71503e-07 1.14578e-05 237.418
91.61 8.94159e-08 2.71075e-07 1.14398e-05 237.43
91.62 8.92781e-08 2.70649e-07 1.14218e-05 237.442
91.63 8.91405e-08 2.70223e-07 1.14038e-05 237.454
91.64 8.90032e-08 2.69797e-07 1.13858e-05 237.466
91.65 8.88661e-08 2.69373e-07 1.13679e-05 237.478
91.66 8.87292e-08 2.68949e-07 1.135e-05 237.49
91.67 8.85925e-08 2.68525e-07 1.13321e-05 237.503
91.68 8.8456e-08 2.68103e-07 1.13142e-05 237.515
91.69 8.83197e-08 2.67681e-07 1.12964e-05 237.527
91.7 8.81837e-08 2.67259e-07 1.12786e-05 237.539
91.71 8.80478e-08 2.66839e-07 1.12609e-05 237.551
91.72 8.79122e-08 2.66419e-07 1.12431e-05 237.563
91.73 8.77767e-08 2.66e-07 1.12254e-05 237.575
91.74 8.76415e-08 2.65581e-07 1.12078e-05 237.587
91.75 8.75065e-08 2.65163e-07 1.11901e-05 237.599
91.76 8.73717e-08 2.64746e-07 1.11725e-05 237.611
91.77 8.72371e-08 2.64329e-07 1.11549e-05 237.623
91.78 8.71028e-08 2.63913e-07 1.11373e-05 237.635
91.79 8.69686e-08 2.63498e-07 1.11198e-05 237.647
91.8 8.68347e-08 2.63083e-07 1.11023e-05 237.659
91.81 8.67009e-08 2.62669e-07 1.10848e-05 237.672
91.82 8.65674e-08 2.62256e-07 1.10673e-05 237.684
91.83 8.6434e-08 2.61843e-07 1.10499e-05 237.696
91.84 8.63009e-08 2.61431e-07 1.10325e-05 237.708
91.85 8.6168e-08 2.6102e-07 1.10151e-05 237.72
91.86 8.60353e-08 2.60609e-07 1.09978e-05 237.732
91.87 8.59028e-08 2.60199e-07 1.09805e-05 237.744
91.88 8.57705e-08 2.5979e-07 1.09632e-05 237.756
91.89 8.56384e-08 2.59381e-07 1.09459e-05 237.768
91.9 8.55065e-08 2.58973e-07 1.09287e-05 237.78
91.91 8.53748e-08 2.58565e-07 1.09115e-05 237.792
91.92 8.52433e-08 2.58159e-07 1.08943e-05 237.804
91.93 8.51121e-08 2.57752e-07 1.08772e-05 237.816
91.94 8.4981e-08 2.57347e-07 1.08601e-05 237.828
91.95 8.48501e-08 2.56942e-07 1.0843e-05 237.84
91.96 8.47195e-08 2.56538e-07 1.08259e-05 237.852
91.97 8.4589e-08 2.56134e-07 1.08089e-05 237.865
91.98 8.44587e-08 2.55731e-07 1.07918e-05 237.877
91.99 8.43287e-08 2.55329e-07 1.07748e-05 237.889
92 8.41988e-08 2.54927e-07 1.07579e-05 237.901
92.01 8.40692e-08 2.54526e-07 1.0741e-05 237.913
92.02 8.39397e-08 2.54126e-07 1.0724e-05 237.925
92.03 8.38105e-08 2.53726e-07 1.07072e-05 237.937
92.04 8.36815e-08 2.53327e-07 1.06903e-05 237.949
92.05 8.35526e-08 2.52929e-07 1.06735e-05 237.961
92.06 8.3424e-08 2.52531e-07 1.06567e-05 237.973
92.07 8.32955e-08 2.52134e-07 1.06399e-05 237.985
92.08 8.31673e-08 2.51737e-07 1.06232e-05 237.997
92.09 8.30392e-08 2.51341e-07 1.06065e-05 238.009
92.1 8.29114e-08 2.50946e-07 1.05898e-05 238.021
92.11 8.27837e-08 2.50551e-07 1.05731e-05 238.033
92.12 8.26563e-08 2.50157e-07 1.05565e-05 238.045
92.13 8.2529e-08 2.49764e-07 1.05398e-05 238.057
92.14 8.2402e-08 2.49371e-07 1.05233e-05 238.069
92.15 8.22751e-08 2.48979e-07 1.05067e-05 238.082
92.16 8.21485e-08 2.48587e-07 1.04902e-05 238.094
92.17 8.2022e-08 2.48196e-07 1.04737e-05 238.106
92.18 8.18958e-08 2.47806e-07 1.04572e-05 238.118
92.19 8.17697e-08 2.47416e-07 1.04407e-05 238.13
92.2 8.16438e-08 2.47027e-07 1.04243e-05 238.142
92.21 8.15181e-08 2.46639e-07 1.04079e-05 238.154
92.22 8.13927e-08 2.46251e-07 1.03915e-05 238.166
92.23 8.12674e-08 2.45864e-07 1.03752e-05 238.178
92.24 8.11423e-08 2.45477e-07 1.03588e-05 238.19
92.25 8.10174e-08 2.45091e-07 1.03425e-05 238.202
92.26 8.08927e-08 2.44706e-07 1.03263e-05 238.214
92.27 8.07682e-08 2.44321e-07 1.031e-05 238.226
92.28 8.06439e-08 2.43937e-07 1.02938e-05 238.238
92.29 8.05197e-08 2.43553e-07 1.02776e-05 238.25
92.3 8.03958e-08 2.4317e-07 1.02614e-05 238.262
92.31 8.02721e-08 2.42788e-07 1.02453e-05 238.274
92.32 8.01485e-08 2.42406e-07 1.02292e-05 238.286
92.33 8.00252e-08 2.42025e-07 1.02131e-05 238.298
92.34 7.9902e-08 2.41645e-07 1.0197e-05 238.31
92.35 7.97791e-08 2.41265e-07 1.0181e-05 238.322
92.36 7.96563e-08 2.40886e-07 1.0165e-05 238.334
92.37 7.95337e-08 2.40507e-07 1.0149e-05 238.346
92.38 7.94113e-08 2.40129e-07 1.0133e-05 238.358
92.39 7.92891e-08 2.39751e-07 1.01171e-05 238.371
92.4 7.91671e-08 2.39375e-07 1.01012e-05 238.383
92.41 7.90453e-08 2.38998e-07 1.00853e-05 238.395
92.42 7.89236e-08 2.38623e-07 1.00694e-05 238.407
92.43 7.88022e-08 2.38247e-07 1.00536e-05 238.419
92.44 7.86809e-08 2.37873e-07 1.00378e-05 238.431
92.45 7.85598e-08 2.37499e-07 1.0022e-05 238.443
92.46 7.8439e-08 2.37126e-07 1.00062e-05 238.455
92.47 7.83183e-08 2.36753e-07 9.99047e-06 238.467
92.48 7.81978e-08 2.36381e-07 9.97476e-06 238.479
92.49 7.80774e-08 2.36009e-07 9.95907e-06 238.491
92.5 7.79573e-08 2.35638e-07 9.94341e-06 238.503
92.51 7.78374e-08 2.35268e-07 9.92777e-06 238.515
92.52 7.77176e-08 2.34898e-07 9.91216e-06 238.527
92.53 7.7598e-08 2.34529e-07 9.89657e-06 238.539
92.54 7.74787e-08 2.34161e-07 9.88101e-06 238.551
92.55 7.73595e-08 2.33793e-07 9.86547e-06 238.563
92.56 7.72404e-08 2.33425e-07 9.84996e-06 238.575
92.57 7.71216e-08 2.33058e-07 9.83447e-06 238.587
92.58 7.7003e-08 2.32692e-07 9.819e-06 238.599
92.59 7.68845e-08 2.32326e-07 9.80356e-06 238.611
92.6 7.67662e-08 2.31961e-07 9.78815e-06 238.623
92.61 7.66481e-08 2.31597e-07 9.77276e-06 238.635
92.62 7.65302e-08 2.31233e-07 9.75739e-06 238.647
92.63 7.64125e-08 2.3087e-07 9.74205e-06 238.659
92.64 7.62949e-08 2.30507e-07 9.72673e-06 238.671
92.65 7.61776e-08 2.30145e-07 9.71144e-06 238.683
92.66 7.60604e-08 2.29783e-07 9.69617e-06 238.695
92.67 7.59434e-08 2.29422e-07 9.68093e-06 238.707
92.68 7.58266e-08 2.29062e-07 9.66571e-06 238.719
92.69 7.571e-08 2.28702e-07 9.65051e-06 238.731
92.7 7.55935e-08 2.28342e-07 9.63534e-06 238.743
92.71 7.54772e-08 2.27984e-07 9.62019e-06 238.755
92.72 7.53611e-08 2.27625e-07 9.60507e-06 238.767
92.73 7.52452e-08 2.27268e-07 9.58997e-06 238.779
92.74 7.51295e-08 2.26911e-07 9.57489e-06 238.791
92.75 7.50139e-08 2.26554e-07 9.55984e-06 238.803
92.76 7.48986e-08 2.26198e-07 9.54481e-06 238.815
92.77 7.47834e-08 2.25843e-07 9.52981e-06 238.827
92.78 7.46684e-08 2.25488e-07 9.51483e-06 238.839
92.79 7.45535e-08 2.25134e-07 9.49987e-06 238.851
92.8 7.44389e-08 2.2478e-07 9.48494e-06 238.863
92.81 7.43244e-08 2.24427e-07 9.47003e-06 238.875
92.82 7.42101e-08 2.24075e-07 9.45515e-06 238.888
92.83 7.4096e-08 2.23723e-07 9.44029e-06 238.9
92.84 7.3982e-08 2.23371e-07 9.42545e-06 238.912
92.85 7.38683e-08 2.2302e-07 9.41063e-06 238.924
92.86 7.37547e-08 2.2267e-07 9.39584e-06 238.936
92.87 7.36412e-08 2.2232e-07 9.38108e-06 238.948
92.88 7.3528e-08 2.21971e-07 9.36633e-06 238.96
92.89 7.34149e-08 2.21623e-07 9.35161e-06 238.972
92.9 7.33021e-08 2.21275e-07 9.33691e-06 238.984
92.91 7.31893e-08 2.20927e-07 9.32224e-06 238.996
92.92 7.30768e-08 2.2058e-07 9.30759e-06 239.008
92.93 7.29644e-08 2.20234e-07 9.29296e-06 239.02
92.94 7.28523e-08 2.19888e-07 9.27836e-06 239.032
92.95 7.27402e-08 2.19542e-07 9.26378e-06 239.044
92.96 7.26284e-08 2.19198e-07 9.24922e-06 239.056
92.97 7.25167e-08 2.18853e-07 9.23469e-06 239.068
92.98 7.24052e-08 2.1851e-07 9.22018e-06 239.08
92.99 7.22939e-08 2.18167e-07 9.20569e-06 239.092
93 7.21828e-08 2.17824e-07 9.19122e-06 239.104
93.01 7.20718e-08 2.17482e-07 9.17678e-06 239.116
93.02 7.1961e-08 2.1714e-07 9.16236e-06 239.128
93.03 7.18504e-08 2.16799e-07 9.14797e-06 239.14
93.04 7.17399e-08 2.16459e-07 9.13359e-06 239.152
93.05 7.16296e-08 2.16119e-07 9.11924e-06 239.164
93.06 7.15195e-08 2.1578e-07 9.10492e-06 239.176
93.07 7.14096e-08 2.15441e-07 9.09061e-06 239.188
93.08 7.12998e-08 2.15103e-07 9.07633e-06 239.2
93.09 7.11902e-08 2.14765e-07 9.06207e-06 239.212
93.1 7.10807e-08 2.14428e-07 9.04783e-06 239.224
93.11 7.09715e-08 2.14091e-07 9.03362e-06 239.236
93.12 7.08624e-08 2.13755e-07 9.01943e-06 239.248
93.13 7.07535e-08 2.13419e-07 9.00526e-06 239.26
93.14 7.06447e-08 2.13084e-07 8.99111e-06 239.272
93.15 7.05361e-08 2.1275e-07 8.97699e-06 239.284
93.16 7.04277e-08 2.12416e-07 8.96289e-06 239.296
93.17 7.03195e-08 2.12082e-07 8.94881e-06 239.308
93.18 7.02114e-08 2.11749e-07 8.93475e-06 239.32
93.19 7.01035e-08 2.11417e-07 8.92071e-06 239.332
93.2 6.99957e-08 2.11085e-07 8.9067e-06 239.344
93.21 6.98881e-08 2.10754e-07 8.89271e-06 239.356
93.22 6.97807e-08 2.10423e-07 8.87874e-06 239.368
93.23 6.96735e-08 2.10093e-07 8.8648e-06 239.379
93.24 6.95664e-08 2.09763e-07 8.85088e-06 239.391
93.25 6.94595e-08 2.09434e-07 8.83697e-06 239.403
93.26 6.93527e-08 2.09105e-07 8.82309e-06 239.415
93.27 6.92462e-08 2.08777e-07 8.80924e-06 239.427
93.28 6.91397e-08 2.08449e-07 8.7954e-06 239.439
93.29 6.90335e-08 2.08122e-07 8.78159e-06 239.451
93.3 6.89274e-08 2.07795e-07 8.7678e-06 239.463
93.31 6.88215e-08 2.07469e-07 8.75403e-06 239.475
93.32 6.87157e-08 2.07143e-07 8.74028e-06 239.487
93.33 6.86101e-08 2.06818e-07 8.72655e-06 239.499
93.34 6.85047e-08 2.06494e-07 8.71285e-06 239.511
93.35 6.83994e-08 2.0617e-07 8.69917e-06 239.523
93.36 6.82943e-08 2.05846e-07 8.68551e-06 239.535
93.37 6.81894e-08 2.05523e-07 8.67187e-06 239.547
93.38 6.80846e-08 2.05201e-07 8.65825e-06 239.559
93.39 6.798e-08 2.04879e-07 8.64466e-06 239.571
93.4 6.78756e-08 2.04557e-07 8.63108e-06 239.583
93.41 6.77713e-08 2.04236e-07 8.61753e-06 239.595
93.42 6.76672e-08 2.03916e-07 8.604e-06 239.607
93.43 6.75632e-08 2.03596e-07 8.59049e-06 239.619
93.44 6.74594e-08 2.03276e-07 8.577e-06 239.631
93.45 6.73557e-08 2.02957e-07 8.56354e-06 239.643
93.46 6.72523e-08 2.02639e-07 8.55009e-06 239.655
93.47 6.71489e-08 2.02321e-07 8.53667e-06 239.667
93.48 6.70458e-08 2.02003e-07 8.52326e-06 239.679
93.49 6.69428e-08 2.01686e-07 8.50988e-06 239.691
93.5 6.68399e-08 2.0137e-07 8.49652e-06 239.703
93.51 6.67373e-08 2.01054e-07 8.48318e-06 239.715
93.52 6.66347e-08 2.00739e-07 8.46987e-06 239.727
93.53 6.65324e-08 2.00424e-07 8.45657e-06 239.739
93.54 6.64302e-08 2.00109e-07 8.44329e-06 239.751
93.55 6.63281e-08 1.99795e-07 8.43004e-06 239.763
93.56 6.62262e-08 1.99482e-07 8.41681e-06 239.775
93.57 6.61245e-08 1.99169e-07 8.40359e-06 239.787
93.58 6.60229e-08 1.98856e-07 8.3904e-06 239.799
93.59 6.59215e-08 1.98545e-07 8.37723e-06 239.811
93.6 6.58203e-08 1.98233e-07 8.36408e-06 239.823
93.61 6.57192e-08 1.97922e-07 8.35095e-06 239.835
93.62 6.56182e-08 1.97612e-07 8.33785e-06 239.847
93.63 6.55174e-08 1.97302e-07 8.32476e-06 239.859
93.64 6.54168e-08 1.96992e-07 8.31169e-06 239.871
93.65 6.53163e-08 1.96683e-07 8.29865e-06 239.883
93.66 6.5216e-08 1.96375e-07 8.28562e-06 239.894
93.67 6.51159e-08 1.96067e-07 8.27262e-06 239.906
93.68 6.50158e-08 1.95759e-07 8.25963e-06 239.918
93.69 6.4916e-08 1.95452e-07 8.24667e-06 239.93
93.7 6.48163e-08 1.95146e-07 8.23373e-06 239.942
93.71 6.47168e-08 1.94839e-07 8.22081e-06 239.954
93.72 6.46174e-08 1.94534e-07 8.20791e-06 239.966
93.73 6.45181e-08 1.94229e-07 8.19503e-06 239.978
93.74 6.44191e-08 1.93924e-07 8.18217e-06 239.99
93.75 6.43201e-08 1.9362e-07 8.16933e-06 240.002
93.76 6.42214e-08 1.93316e-07 8.15651e-06 240.014
93.77 6.41227e-08 1.93013e-07 8.14371e-06 240.026
93.78 6.40243e-08 1.92711e-07 8.13093e-06 240.038
93.79 6.3926e-08 1.92408e-07 8.11817e-06 240.05
93.8 6.38278e-08 1.92107e-07 8.10543e-06 240.062
93.81 6.37298e-08 1.91805e-07 8.09271e-06 240.074
93.82 6.36319e-08 1.91505e-07 8.08001e-06 240.086
93.83 6.35342e-08 1.91204e-07 8.06734e-06 240.098
93.84 6.34367e-08 1.90905e-07 8.05468e-06 240.11
93.85 6.33393e-08 1.90605e-07 8.04204e-06 240.122
93.86 6.3242e-08 1.90306e-07 8.02942e-06 240.134
93.87 6.31449e-08 1.90008e-07 8.01683e-06 240.146
93.88 6.3048e-08 1.8971e-07 8.00425e-06 240.158
93.89 6.29512e-08 1.89413e-07 7.99169e-06 240.17
93.9 6.28545e-08 1.89116e-07 7.97915e-06 240.181
93.91 6.2758e-08 1.88819e-07 7.96663e-06 240.193
93.92 6.26617e-08 1.88523e-07 7.95414e-06 240.205
93.93 6.25655e-08 1.88227e-07 7.94166e-06 240.217
93.94 6.24694e-08 1.87932e-07 7.9292e-06 240.229
93.95 6.23735e-08 1.87638e-07 7.91676e-06 240.241
93.96 6.22778e-08 1.87344e-07 7.90434e-06 240.253
93.97 6.21822e-08 1.8705e-07 7.89194e-06 240.265
93.98 6.20867e-08 1.86757e-07 7.87956e-06 240.277
93.99 6.19914e-08 1.86464e-07 7.8672e-06 240.289
94 6.18962e-08 1.86172e-07 7.85486e-06 240.301
94.01 6.18012e-08 1.8588e-07 7.84254e-06 240.313
94.02 6.17064e-08 1.85588e-07 7.83024e-06 240.325
94.03 6.16116e-08 1.85297e-07 7.81796e-06 240.337
94.04 6.15171e-08 1.85007e-07 7.8057e-06 240.349
94.05 6.14226e-08 1.84717e-07 7.79345e-06 240.361
94.06 6.13284e-08 1.84427e-07 7.78123e-06 240.373
94.07 6.12342e-08 1.84138e-07 7.76903e-06 240.385
94.08 6.11402e-08 1.8385e-07 7.75684e-06 240.397
94.09 6.10464e-08 1.83562e-07 7.74468e-06 240.408
94.1 6.09527e-08 1.83274e-07 7.73253e-06 240.42
94.11 6.08592e-08 1.82987e-07 7.7204e-06 240.432
94.12 6.07657e-08 1.827e-07 7.7083e-06 240.444
94.13 6.06725e-08 1.82414e-07 7.69621e-06 240.456
94.14 6.05794e-08 1.82128e-07 7.68414e-06 240.468
94.15 6.04864e-08 1.81842e-07 7.67209e-06 240.48
94.16 6.03936e-08 1.81557e-07 7.66006e-06 240.492
94.17 6.03009e-08 1.81273e-07 7.64804e-06 240.504
94.18 6.02083e-08 1.80989e-07 7.63605e-06 240.516
94.19 6.01159e-08 1.80705e-07 7.62408e-06 240.528
94.2 6.00237e-08 1.80422e-07 7.61212e-06 240.54
94.21 5.99316e-08 1.80139e-07 7.60019e-06 240.552
94.22 5.98396e-08 1.79857e-07 7.58827e-06 240.564
94.23 5.97478e-08 1.79575e-07 7.57637e-06 240.576
94.24 5.96561e-08 1.79294e-07 7.56449e-06 240.588
94.25 5.95646e-08 1.79013e-07 7.55263e-06 240.599
94.26 5.94732e-08 1.78732e-07 7.54079e-06 240.611
94.27 5.93819e-08 1.78452e-07 7.52897e-06 240.623
94.28 5.92908e-08 1.78172e-07 7.51716e-06 240.635
94.29 5.91998e-08 1.77893e-07 7.50538e-06 240.647
94.3 5.9109e-08 1.77615e-07 7.49361e-06 240.659
94.31 5.90183e-08 1.77336e-07 7.48186e-06 240.671
94.32 5.89277e-08 1.77058e-07 7.47013e-06 240.683
94.33 5.88373e-08 1.76781e-07 7.45842e-06 240.695
94.34 5.87471e-08 1.76504e-07 7.44673e-06 240.707
94.35 5.86569e-08 1.76228e-07 7.43506e-06 240.719
94.36 5.85669e-08 1.75952e-07 7.4234e-06 240.731
94.37 5.84771e-08 1.75676e-07 7.41177e-06 240.743
94.38 5.83874e-08 1.75401e-07 7.40015e-06 240.755
94.39 5.82978e-08 1.75126e-07 7.38855e-06 240.766
94.4 5.82084e-08 1.74852e-07 7.37697e-06 240.778
94.41 5.81191e-08 1.74578e-07 7.3654e-06 240.79
94.42 5.80299e-08 1.74304e-07 7.35386e-06 240.802
94.43 5.79409e-08 1.74031e-07 7.34233e-06 240.814
94.44 5.7852e-08 1.73759e-07 7.33082e-06 240.826
94.45 5.77632e-08 1.73486e-07 7.31933e-06 240.838
94.46 5.76746e-08 1.73215e-07 7.30786e-06 240.85
94.47 5.75862e-08 1.72943e-07 7.29641e-06 240.862
94.48 5.74978e-08 1.72672e-07 7.28497e-06 240.874
94.49 5.74096e-08 1.72402e-07 7.27355e-06 240.886
94.5 5.73216e-08 1.72132e-07 7.26215e-06 240.898
94.51 5.72337e-08 1.71862e-07 7.25077e-06 240.91
94.52 5.71459e-08 1.71593e-07 7.23941e-06 240.921
94.53 5.70582e-08 1.71324e-07 7.22806e-06 240.933
94.54 5.69707e-08 1.71056e-07 7.21674e-06 240.945
94.55 5.68833e-08 1.70788e-07 7.20543e-06 240.957
94.56 5.67961e-08 1.70521e-07 7.19414e-06 240.969
94.57 5.6709e-08 1.70254e-07 7.18286e-06 240.981
94.58 5.6622e-08 1.69987e-07 7.17161e-06 240.993
94.59 5.65352e-08 1.69721e-07 7.16037e-06 241.005
94.6 5.64484e-08 1.69455e-07 7.14915e-06 241.017
94.61 5.63619e-08 1.6919e-07 7.13795e-06 241.029
94.62 5.62754e-08 1.68925e-07 7.12676e-06 241.041
94.63 5.61891e-08 1.6866e-07 7.1156e-06 241.053
94.64 5.6103e-08 1.68396e-07 7.10445e-06 241.064
94.65 5.60169e-08 1.68132e-07 7.09332e-06 241.076
94.66 5.5931e-08 1.67869e-07 7.0822e-06 241.088
94.67 5.58453e-08 1.67606e-07 7.07111e-06 241.1
94.68 5.57596e-08 1.67344e-07 7.06003e-06 241.112
94.69 5.56741e-08 1.67082e-07 7.04897e-06 241.124
94.7 5.55887e-08 1.6682e-07 7.03792e-06 241.136
94.71 5.55035e-08 1.66559e-07 7.0269e-06 241.148
94.72 5.54184e-08 1.66298e-07 7.01589e-06 241.16
94.73 5.53334e-08 1.66038e-07 7.0049e-06 241.172
94.74 5.52486e-08 1.65778e-07 6.99392e-06 241.183
94.75 5.51639e-08 1.65518e-07 6.98297e-06 241.195
94.76 5.50793e-08 1.65259e-07 6.97203e-06 241.207
94.77 5.49948e-08 1.65001e-07 6.96111e-06 241.219
94.78 5.49105e-08 1.64742e-07 6.9502e-06 241.231
94.79 5.48263e-08 1.64484e-07 6.93931e-06 241.243
94.8 5.47423e-08 1.64227e-07 6.92844e-06 241.255
94.81 5.46583e-08 1.6397e-07 6.91759e-06 241.267
94.82 5.45745e-08 1.63713e-07 6.90676e-06 241.279
94.83 5.44909e-08 1.63457e-07 6.89594e-06 241.291
94.84 5.44073e-08 1.63201e-07 6.88514e-06 241.303
94.85 5.43239e-08 1.62946e-07 6.87435e-06 241.314
94.86 5.42406e-08 1.6269e-07 6.86359e-06 241.326
94.87 5.41575e-08 1.62436e-07 6.85284e-06 241.338
94.88 5.40745e-08 1.62182e-07 6.8421e-06 241.35
94.89 5.39916e-08 1.61928e-07 6.83139e-06 241.362
94.9 5.39088e-08 1.61674e-07 6.82069e-06 241.374
94.91 5.38262e-08 1.61421e-07 6.81001e-06 241.386
94.92 5.37437e-08 1.61169e-07 6.79934e-06 241.398
94.93 5.36613e-08 1.60916e-07 6.78869e-06 241.41
94.94 5.3579e-08 1.60664e-07 6.77806e-06 241.421
94.95 5.34969e-08 1.60413e-07 6.76745e-06 241.433
94.96 5.34149e-08 1.60162e-07 6.75685e-06 241.445
94.97 5.3333e-08 1.59911e-07 6.74627e-06 241.457
94.98 5.32513e-08 1.59661e-07 6.7357e-06 241.469
94.99 5.31696e-08 1.59411e-07 6.72516e-06 241.481
95 5.30882e-08 1.59162e-07 6.71462e-06 241.493
95.01 5.30068e-08 1.58913e-07 6.70411e-06 241.505
95.02 5.29255e-08 1.58664e-07 6.69361e-06 241.517
95.03 5.28444e-08 1.58416e-07 6.68313e-06 241.529
95.04 5.27634e-08 1.58168e-07 6.67267e-06 241.54
95.05 5.26826e-08 1.5792e-07 6.66222e-06 241.552
95.06 5.26018e-08 1.57673e-07 6.65179e-06 241.564
95.07 5.25212e-08 1.57427e-07 6.64137e-06 241.576
95.08 5.24407e-08 1.5718e-07 6.63098e-06 241.588
95.09 5.23604e-08 1.56934e-07 6.62059e-06 241.6
95.1 5.22801e-08 1.56689e-07 6.61023e-06 241.612
95.11 5.22e-08 1.56444e-07 6.59988e-06 241.624
95.12 5.212e-08 1.56199e-07 6.58955e-06 241.636
95.13 5.20401e-08 1.55954e-07 6.57923e-06 241.647
95.14 5.19604e-08 1.5571e-07 6.56893e-06 241.659
95.15 5.18808e-08 1.55467e-07 6.55865e-06 241.671
95.16 5.18013e-08 1.55224e-07 6.54838e-06 241.683
95.17 5.17219e-08 1.54981e-07 6.53813e-06 241.695
95.18 5.16426e-08 1.54738e-07 6.5279e-06 241.707
95.19 5.15635e-08 1.54496e-07 6.51768e-06 241.719
95.2 5.14845e-08 1.54254e-07 6.50747e-06 241.731
95.21 5.14056e-08 1.54013e-07 6.49729e-06 241.742
95.22 5.13269e-08 1.53772e-07 6.48712e-06 241.754
95.23 5.12482e-08 1.53532e-07 6.47696e-06 241.766
95.24 5.11697e-08 1.53292e-07 6.46683e-06 241.778
95.25 5.10913e-08 1.53052e-07 6.4567e-06 241.79
95.26 5.1013e-08 1.52812e-07 6.4466e-06 241.802
95.27 5.09349e-08 1.52573e-07 6.43651e-06 241.814
95.28 5.08568e-08 1.52335e-07 6.42643e-06 241.826
95.29 5.07789e-08 1.52096e-07 6.41638e-06 241.837
95.3 5.07011e-08 1.51859e-07 6.40633e-06 241.849
95.31 5.06234e-08 1.51621e-07 6.39631e-06 241.861
95.32 5.05459e-08 1.51384e-07 6.3863e-06 241.873
95.33 5.04685e-08 1.51147e-07 6.3763e-06 241.885
95.34 5.03911e-08 1.50911e-07 6.36632e-06 241.897
95.35 5.03139e-08 1.50675e-07 6.35636e-06 241.909
95.36 5.02369e-08 1.50439e-07 6.34641e-06 241.921
95.37 5.01599e-08 1.50204e-07 6.33648e-06 241.932
95.38 5.00831e-08 1.49969e-07 6.32657e-06 241.944
95.39 5.00064e-08 1.49734e-07 6.31667e-06 241.956
95.4 4.99298e-08 1.495e-07 6.30678e-06 241.968
95.41 4.98533e-08 1.49266e-07 6.29691e-06 241.98
95.42 4.97769e-08 1.49033e-07 6.28706e-06 241.992
95.43 4.97007e-08 1.488e-07 6.27722e-06 242.004
95.44 4.96246e-08 1.48567e-07 6.2674e-06 242.016
95.45 4.95485e-08 1.48335e-07 6.25759e-06 242.027
95.46 4.94727e-08 1.48103e-07 6.2478e-06 242.039
95.47 4.93969e-08 1.47871e-07 6.23803e-06 242.051
95.48 4.93212e-08 1.4764e-07 6.22827e-06 242.063
95.49 4.92457e-08 1.47409e-07 6.21852e-06 242.075
95.5 4.91703e-08 1.47179e-07 6.20879e-06 242.087
95.51 4.9095e-08 1.46949e-07 6.19908e-06 242.099
95.52 4.90198e-08 1.46719e-07 6.18938e-06 242.11
95.53 4.89447e-08 1.4649e-07 6.1797e-06 242.122
95.54 4.88697e-08 1.4626e-07 6.17003e-06 242.134
95.55 4.87949e-08 1.46032e-07 6.16038e-06 242.146
95.56 4.87202e-08 1.45804e-07 6.15074e-06 242.158
95.57 4.86456e-08 1.45576e-07 6.14112e-06 242.17
95.58 4.85711e-08 1.45348e-07 6.13151e-06 242.182
95.59 4.84967e-08 1.45121e-07 6.12192e-06 242.193
95.6 4.84224e-08 1.44894e-07 6.11235e-06 242.205
95.61 4.83483e-08 1.44667e-07 6.10278e-06 242.217
95.62 4.82743e-08 1.44441e-07 6.09324e-06 242.229
95.63 4.82003e-08 1.44215e-07 6.08371e-06 242.241
95.64 4.81265e-08 1.4399e-07 6.07419e-06 242.253
95.65 4.80528e-08 1.43765e-07 6.06469e-06 242.265
95.66 4.79793e-08 1.4354e-07 6.0552e-06 242.276
95.67 4.79058e-08 1.43316e-07 6.04573e-06 242.288
95.68 4.78324e-08 1.43092e-07 6.03628e-06 242.3
95.69 4.77592e-08 1.42868e-07 6.02684e-06 242.312
95.7 4.76861e-08 1.42645e-07 6.01741e-06 242.324
95.71 4.76131e-08 1.42422e-07 6.008e-06 242.336
95.72 4.75402e-08 1.42199e-07 5.9986e-06 242.348
95.73 4.74674e-08 1.41977e-07 5.98922e-06 242.359
95.74 4.73947e-08 1.41755e-07 5.97986e-06 242.371
95.75 4.73222e-08 1.41534e-07 5.9705e-06 242.383
95.76 4.72497e-08 1.41312e-07 5.96117e-06 242.395
95.77 4.71774e-08 1.41092e-07 5.95184e-06 242.407
95.78 4.71052e-08 1.40871e-07 5.94254e-06 242.419
95.79 4.7033e-08 1.40651e-07 5.93324e-06 242.431
95.8 4.6961e-08 1.40431e-07 5.92397e-06 242.442
95.81 4.68892e-08 1.40212e-07 5.9147e-06 242.454
95.82 4.68174e-08 1.39992e-07 5.90545e-06 242.466
95.83 4.67457e-08 1.39774e-07 5.89622e-06 242.478
95.84 4.66742e-08 1.39555e-07 5.887e-06 242.49
95.85 4.66027e-08 1.39337e-07 5.8778e-06 242.502
95.86 4.65314e-08 1.39119e-07 5.86861e-06 242.513
95.87 4.64602e-08 1.38902e-07 5.85943e-06 242.525
95.88 4.6389e-08 1.38685e-07 5.85027e-06 242.537
95.89 4.6318e-08 1.38468e-07 5.84112e-06 242.549
95.9 4.62471e-08 1.38252e-07 5.83199e-06 242.561
95.91 4.61764e-08 1.38036e-07 5.82287e-06 242.573
95.92 4.61057e-08 1.3782e-07 5.81377e-06 242.585
95.93 4.60351e-08 1.37605e-07 5.80468e-06 242.596
95.94 4.59647e-08 1.3739e-07 5.7956e-06 242.608
95.95 4.58943e-08 1.37175e-07 5.78654e-06 242.62
95.96 4.58241e-08 1.36961e-07 5.7775e-06 242.632
95.97 4.57539e-08 1.36747e-07 5.76847e-06 242.644
95.98 4.56839e-08 1.36533e-07 5.75945e-06 242.656
95.99 4.5614e-08 1.3632e-07 5.75044e-06 242.667
96 4.55442e-08 1.36107e-07 5.74146e-06 242.679
96.01 4.54745e-08 1.35894e-07 5.73248e-06 242.691
96.02 4.54049e-08 1.35682e-07 5.72352e-06 242.703
96.03 4.53354e-08 1.3547e-07 5.71457e-06 242.715
96.04 4.5266e-08 1.35259e-07 5.70564e-06 242.727
96.05 4.51968e-08 1.35047e-07 5.69672e-06 242.738
96.06 4.51276e-08 1.34836e-07 5.68782e-06 242.75
96.07 4.50586e-08 1.34626e-07 5.67893e-06 242.762
96.08 4.49896e-08 1.34415e-07 5.67005e-06 242.774
96.09 4.49208e-08 1.34206e-07 5.66119e-06 242.786
96.1 4.4852e-08 1.33996e-07 5.65234e-06 242.798
96.11 4.47834e-08 1.33787e-07 5.64351e-06 242.809
96.12 4.47149e-08 1.33578e-07 5.63469e-06 242.821
96.13 4.46465e-08 1.33369e-07 5.62588e-06 242.833
96.14 4.45781e-08 1.33161e-07 5.61709e-06 242.845
96.15 4.45099e-08 1.32953e-07 5.60831e-06 242.857
96.16 4.44418e-08 1.32745e-07 5.59955e-06 242.869
96.17 4.43738e-08 1.32538e-07 5.5908e-06 242.88
96.18 4.4306e-08 1.32331e-07 5.58206e-06 242.892
96.19 4.42382e-08 1.32124e-07 5.57334e-06 242.904
96.2 4.41705e-08 1.31918e-07 5.56463e-06 242.916
96.21 4.41029e-08 1.31712e-07 5.55593e-06 242.928
96.22 4.40354e-08 1.31506e-07 5.54725e-06 242.94
96.23 4.39681e-08 1.31301e-07 5.53858e-06 242.951
96.24 4.39008e-08 1.31096e-07 5.52993e-06 242.963
96.25 4.38337e-08 1.30891e-07 5.52129e-06 242.975
96.26 4.37666e-08 1.30687e-07 5.51266e-06 242.987
96.27 4.36996e-08 1.30482e-07 5.50405e-06 242.999
96.28 4.36328e-08 1.30279e-07 5.49545e-06 243.01
96.29 4.35661e-08 1.30075e-07 5.48686e-06 243.022
96.3 4.34994e-08 1.29872e-07 5.47829e-06 243.034
96.31 4.34329e-08 1.29669e-07 5.46973e-06 243.046
96.32 4.33664e-08 1.29467e-07 5.46118e-06 243.058
96.33 4.33001e-08 1.29265e-07 5.45265e-06 243.07
96.34 4.32339e-08 1.29063e-07 5.44413e-06 243.081
96.35 4.31677e-08 1.28861e-07 5.43563e-06 243.093
96.36 4.31017e-08 1.2866e-07 5.42713e-06 243.105
96.37 4.30358e-08 1.28459e-07 5.41866e-06 243.117
96.38 4.297e-08 1.28259e-07 5.41019e-06 243.129
96.39 4.29042e-08 1.28059e-07 5.40174e-06 243.14
96.4 4.28386e-08 1.27859e-07 5.3933e-06 243.152
96.41 4.27731e-08 1.27659e-07 5.38488e-06 243.164
96.42 4.27077e-08 1.2746e-07 5.37646e-06 243.176
96.43 4.26424e-08 1.27261e-07 5.36807e-06 243.188
96.44 4.25772e-08 1.27062e-07 5.35968e-06 243.2
96.45 4.2512e-08 1.26864e-07 5.35131e-06 243.211
96.46 4.2447e-08 1.26666e-07 5.34295e-06 243.223
96.47 4.23821e-08 1.26468e-07 5.33461e-06 243.235
96.48 4.23173e-08 1.26271e-07 5.32627e-06 243.247
96.49 4.22526e-08 1.26074e-07 5.31795e-06 243.259
96.5 4.2188e-08 1.25877e-07 5.30965e-06 243.27
96.51 4.21235e-08 1.2568e-07 5.30136e-06 243.282
96.52 4.20591e-08 1.25484e-07 5.29308e-06 243.294
96.53 4.19947e-08 1.25288e-07 5.28481e-06 243.306
96.54 4.19305e-08 1.25093e-07 5.27656e-06 243.318
96.55 4.18664e-08 1.24897e-07 5.26831e-06 243.329
96.56 4.18024e-08 1.24702e-07 5.26009e-06 243.341
96.57 4.17385e-08 1.24508e-07 5.25187e-06 243.353
96.58 4.16747e-08 1.24314e-07 5.24367e-06 243.365
96.59 4.16109e-08 1.2412e-07 5.23548e-06 243.377
96.6 4.15473e-08 1.23926e-07 5.22731e-06 243.388
96.61 4.14838e-08 1.23732e-07 5.21914e-06 243.4
96.62 4.14204e-08 1.23539e-07 5.21099e-06 243.412
96.63 4.1357e-08 1.23347e-07 5.20286e-06 243.424
96.64 4.12938e-08 1.23154e-07 5.19473e-06 243.436
96.65 4.12307e-08 1.22962e-07 5.18662e-06 243.447
96.66 4.11676e-08 1.2277e-07 5.17852e-06 243.459
96.67 4.11047e-08 1.22578e-07 5.17044e-06 243.471
96.68 4.10419e-08 1.22387e-07 5.16236e-06 243.483
96.69 4.09791e-08 1.22196e-07 5.1543e-06 243.495
96.7 4.09165e-08 1.22005e-07 5.14626e-06 243.506
96.71 4.08539e-08 1.21815e-07 5.13822e-06 243.518
96.72 4.07915e-08 1.21625e-07 5.1302e-06 243.53
96.73 4.07291e-08 1.21435e-07 5.12219e-06 243.542
96.74 4.06668e-08 1.21246e-07 5.11419e-06 243.554
96.75 4.06047e-08 1.21057e-07 5.10621e-06 243.565
96.76 4.05426e-08 1.20868e-07 5.09824e-06 243.577
96.77 4.04806e-08 1.20679e-07 5.09028e-06 243.589
96.78 4.04188e-08 1.20491e-07 5.08233e-06 243.601
96.79 4.0357e-08 1.20303e-07 5.0744e-06 243.613
96.8 4.02953e-08 1.20115e-07 5.06648e-06 243.624
96.81 4.02337e-08 1.19928e-07 5.05857e-06 243.636
96.82 4.01722e-08 1.19741e-07 5.05067e-06 243.648
96.83 4.01108e-08 1.19554e-07 5.04279e-06 243.66
96.84 4.00495e-08 1.19367e-07 5.03491e-06 243.672
96.85 3.99883e-08 1.19181e-07 5.02705e-06 243.683
96.86 3.99272e-08 1.18995e-07 5.01921e-06 243.695
96.87 3.98661e-08 1.1881e-07 5.01137e-06 243.707
96.88 3.98052e-08 1.18624e-07 5.00355e-06 243.719
96.89 3.97444e-08 1.18439e-07 4.99574e-06 243.731
96.9 3.96836e-08 1.18255e-07 4.98794e-06 243.742
96.91 3.9623e-08 1.1807e-07 4.98016e-06 243.754
96.92 3.95624e-08 1.17886e-07 4.97239e-06 243.766
96.93 3.9502e-08 1.17702e-07 4.96463e-06 243.778
96.94 3.94416e-08 1.17518e-07 4.95688e-06 243.79
96.95 3.93813e-08 1.17335e-07 4.94914e-06 243.801
96.96 3.93212e-08 1.17152e-07 4.94142e-06 243.813
96.97 3.92611e-08 1.16969e-07 4.93371e-06 243.825
96.98 3.92011e-08 1.16787e-07 4.92601e-06 243.837
96.99 3.91412e-08 1.16605e-07 4.91832e-06 243.848
97 3.90814e-08 1.16423e-07 4.91064e-06 243.86
97.01 3.90217e-08 1.16241e-07 4.90298e-06 243.872
97.02 3.8962e-08 1.1606e-07 4.89533e-06 243.884
97.03 3.89025e-08 1.15879e-07 4.88769e-06 243.896
97.04 3.88431e-08 1.15698e-07 4.88006e-06 243.907
97.05 3.87837e-08 1.15518e-07 4.87245e-06 243.919
97.06 3.87244e-08 1.15338e-07 4.86485e-06 243.931
97.07 3.86653e-08 1.15158e-07 4.85726e-06 243.943
97.08 3.86062e-08 1.14978e-07 4.84968e-06 243.954
97.09 3.85472e-08 1.14799e-07 4.84211e-06 243.966
97.1 3.84883e-08 1.1462e-07 4.83455e-06 243.978
97.11 3.84295e-08 1.14441e-07 4.82701e-06 243.99
97.12 3.83708e-08 1.14263e-07 4.81948e-06 244.002
97.13 3.83122e-08 1.14085e-07 4.81196e-06 244.013
97.14 3.82537e-08 1.13907e-07 4.80445e-06 244.025
97.15 3.81952e-08 1.13729e-07 4.79696e-06 244.037
97.16 3.81369e-08 1.13552e-07 4.78947e-06 244.049
97.17 3.80786e-08 1.13375e-07 4.782e-06 244.06
97.18 3.80204e-08 1.13198e-07 4.77454e-06 244.072
97.19 3.79624e-08 1.13022e-07 4.76709e-06 244.084
97.2 3.79044e-08 1.12846e-07 4.75966e-06 244.096
97.21 3.78465e-08 1.1267e-07 4.75223e-06 244.108
97.22 3.77887e-08 1.12494e-07 4.74482e-06 244.119
97.23 3.77309e-08 1.12319e-07 4.73742e-06 244.131
97.24 3.76733e-08 1.12143e-07 4.73003e-06 244.143
97.25 3.76157e-08 1.11969e-07 4.72265e-06 244.155
97.26 3.75583e-08 1.11794e-07 4.71528e-06 244.166
97.27 3.75009e-08 1.1162e-07 4.70793e-06 244.178
97.28 3.74436e-08 1.11446e-07 4.70058e-06 244.19
97.29 3.73865e-08 1.11272e-07 4.69325e-06 244.202
97.3 3.73294e-08 1.11099e-07 4.68593e-06 244.213
97.31 3.72723e-08 1.10925e-07 4.67862e-06 244.225
97.32 3.72154e-08 1.10753e-07 4.67133e-06 244.237
97.33 3.71586e-08 1.1058e-07 4.66404e-06 244.249
97.34 3.71018e-08 1.10408e-07 4.65677e-06 244.261
97.35 3.70452e-08 1.10236e-07 4.6495e-06 244.272
97.36 3.69886e-08 1.10064e-07 4.64225e-06 244.284
97.37 3.69321e-08 1.09892e-07 4.63501e-06 244.296
97.38 3.68757e-08 1.09721e-07 4.62778e-06 244.308
97.39 3.68194e-08 1.0955e-07 4.62057e-06 244.319
97.4 3.67632e-08 1.09379e-07 4.61336e-06 244.331
97.41 3.6707e-08 1.09209e-07 4.60617e-06 244.343
97.42 3.6651e-08 1.09038e-07 4.59898e-06 244.355
97.43 3.6595e-08 1.08869e-07 4.59181e-06 244.366
97.44 3.65391e-08 1.08699e-07 4.58465e-06 244.378
97.45 3.64833e-08 1.08529e-07 4.5775e-06 244.39
97.46 3.64276e-08 1.0836e-07 4.57036e-06 244.402
97.47 3.6372e-08 1.08191e-07 4.56324e-06 244.413
97.48 3.63164e-08 1.08023e-07 4.55612e-06 244.425
97.49 3.6261e-08 1.07855e-07 4.54902e-06 244.437
97.5 3.62056e-08 1.07686e-07 4.54193e-06 244.449
97.51 3.61503e-08 1.07519e-07 4.53484e-06 244.46
97.52 3.60951e-08 1.07351e-07 4.52777e-06 244.472
97.53 3.604e-08 1.07184e-07 4.52071e-06 244.484
97.54 3.5985e-08 1.07017e-07 4.51367e-06 244.496
97.55 3.59301e-08 1.0685e-07 4.50663e-06 244.507
97.56 3.58752e-08 1.06684e-07 4.4996e-06 244.519
97.57 3.58204e-08 1.06517e-07 4.49259e-06 244.531
97.58 3.57657e-08 1.06351e-07 4.48558e-06 244.543
97.59 3.57111e-08 1.06186e-07 4.47859e-06 244.554
97.6 3.56566e-08 1.0602e-07 4.47161e-06 244.566
97.61 3.56022e-08 1.05855e-07 4.46464e-06 244.578
97.62 3.55478e-08 1.0569e-07 4.45768e-06 244.59
97.63 3.54936e-08 1.05526e-07 4.45073e-06 244.601
97.64 3.54394e-08 1.05361e-07 4.44379e-06 244.613
97.65 3.53853e-08 1.05197e-07 4.43686e-06 244.625
97.66 3.53313e-08 1.05033e-07 4.42995e-06 244.637
97.67 3.52773e-08 1.0487e-07 4.42304e-06 244.648
97.68 3.52235e-08 1.04706e-07 4.41615e-06 244.66
97.69 3.51697e-08 1.04543e-07 4.40927e-06 244.672
97.7 3.5116e-08 1.0438e-07 4.40239e-06 244.684
97.71 3.50624e-08 1.04218e-07 4.39553e-06 244.695
97.72 3.50089e-08 1.04055e-07 4.38868e-06 244.707
97.73 3.49555e-08 1.03893e-07 4.38184e-06 244.719
97.74 3.49021e-08 1.03731e-07 4.37501e-06 244.731
97.75 3.48489e-08 1.0357e-07 4.36819e-06 244.742
97.76 3.47957e-08 1.03408e-07 4.36138e-06 244.754
97.77 3.47426e-08 1.03247e-07 4.35459e-06 244.766
97.78 3.46895e-08 1.03087e-07 4.3478e-06 244.778
97.79 3.46366e-08 1.02926e-07 4.34102e-06 244.789
97.8 3.45837e-08 1.02766e-07 4.33426e-06 244.801
97.81 3.45309e-08 1.02606e-07 4.3275e-06 244.813
97.82 3.44782e-08 1.02446e-07 4.32076e-06 244.825
97.83 3.44256e-08 1.02286e-07 4.31403e-06 244.836
97.84 3.43731e-08 1.02127e-07 4.3073e-06 244.848
97.85 3.43206e-08 1.01968e-07 4.30059e-06 244.86
97.86 3.42683e-08 1.01809e-07 4.29389e-06 244.872
97.87 3.4216e-08 1.01651e-07 4.2872e-06 244.883
97.88 3.41637e-08 1.01492e-07 4.28052e-06 244.895
97.89 3.41116e-08 1.01334e-07 4.27385e-06 244.907
97.9 3.40596e-08 1.01176e-07 4.26719e-06 244.918
97.91 3.40076e-08 1.01019e-07 4.26054e-06 244.93
97.92 3.39557e-08 1.00862e-07 4.2539e-06 244.942
97.93 3.39039e-08 1.00705e-07 4.24728e-06 244.954
97.94 3.38522e-08 1.00548e-07 4.24066e-06 244.965
97.95 3.38005e-08 1.00391e-07 4.23405e-06 244.977
97.96 3.37489e-08 1.00235e-07 4.22745e-06 244.989
97.97 3.36974e-08 1.00079e-07 4.22087e-06 245.001
97.98 3.3646e-08 9.9923e-08 4.21429e-06 245.012
97.99 3.35947e-08 9.97674e-08 4.20773e-06 245.024
98 3.35434e-08 9.96121e-08 4.20117e-06 245.036
98.01 3.34922e-08 9.9457e-08 4.19463e-06 245.047
98.02 3.34411e-08 9.93022e-08 4.18809e-06 245.059
98.03 3.33901e-08 9.91476e-08 4.18157e-06 245.071
98.04 3.33392e-08 9.89932e-08 4.17505e-06 245.083
98.05 3.32883e-08 9.88391e-08 4.16855e-06 245.094
98.06 3.32375e-08 9.86852e-08 4.16206e-06 245.106
98.07 3.31868e-08 9.85316e-08 4.15557e-06 245.118
98.08 3.31362e-08 9.83782e-08 4.1491e-06 245.13
98.09 3.30856e-08 9.82251e-08 4.14264e-06 245.141
98.1 3.30352e-08 9.80722e-08 4.13618e-06 245.153
98.11 3.29848e-08 9.79195e-08 4.12974e-06 245.165
98.12 3.29345e-08 9.77671e-08 4.12331e-06 245.176
98.13 3.28842e-08 9.76149e-08 4.11689e-06 245.188
98.14 3.28341e-08 9.74629e-08 4.11048e-06 245.2
98.15 3.2784e-08 9.73112e-08 4.10407e-06 245.212
98.16 3.2734e-08 9.71598e-08 4.09768e-06 245.223
98.17 3.2684e-08 9.70085e-08 4.0913e-06 245.235
98.18 3.26342e-08 9.68575e-08 4.08493e-06 245.247
98.19 3.25844e-08 9.67068e-08 4.07857e-06 245.258
98.2 3.25347e-08 9.65563e-08 4.07221e-06 245.27
98.21 3.24851e-08 9.6406e-08 4.06587e-06 245.282
98.22 3.24355e-08 9.62559e-08 4.05954e-06 245.294
98.23 3.23861e-08 9.61061e-08 4.05322e-06 245.305
98.24 3.23367e-08 9.59566e-08 4.04691e-06 245.317
98.25 3.22874e-08 9.58072e-08 4.0406e-06 245.329
98.26 3.22381e-08 9.56581e-08 4.03431e-06 245.341
98.27 3.21889e-08 9.55093e-08 4.02803e-06 245.352
98.28 3.21399e-08 9.53606e-08 4.02176e-06 245.364
98.29 3.20908e-08 9.52122e-08 4.0155e-06 245.376
98.3 3.20419e-08 9.50641e-08 4.00924e-06 245.387
98.31 3.1993e-08 9.49161e-08 4.003e-06 245.399
98.32 3.19442e-08 9.47684e-08 3.99677e-06 245.411
98.33 3.18955e-08 9.4621e-08 3.99054e-06 245.422
98.34 3.18469e-08 9.44737e-08 3.98433e-06 245.434
98.35 3.17983e-08 9.43267e-08 3.97813e-06 245.446
98.36 3.17498e-08 9.418e-08 3.97193e-06 245.458
98.37 3.17014e-08 9.40334e-08 3.96575e-06 245.469
98.38 3.16531e-08 9.38871e-08 3.95958e-06 245.481
98.39 3.16048e-08 9.3741e-08 3.95341e-06 245.493
98.4 3.15566e-08 9.35952e-08 3.94726e-06 245.504
98.41 3.15085e-08 9.34495e-08 3.94111e-06 245.516
98.42 3.14605e-08 9.33042e-08 3.93498e-06 245.528
98.43 3.14125e-08 9.3159e-08 3.92885e-06 245.54
98.44 3.13646e-08 9.3014e-08 3.92273e-06 245.551
98.45 3.13168e-08 9.28693e-08 3.91663e-06 245.563
98.46 3.1269e-08 9.27249e-08 3.91053e-06 245.575
98.47 3.12213e-08 9.25806e-08 3.90444e-06 245.586
98.48 3.11737e-08 9.24366e-08 3.89836e-06 245.598
98.49 3.11262e-08 9.22928e-08 3.8923e-06 245.61
98.5 3.10788e-08 9.21492e-08 3.88624e-06 245.621
98.51 3.10314e-08 9.20059e-08 3.88019e-06 245.633
98.52 3.09841e-08 9.18627e-08 3.87415e-06 245.645
98.53 3.09368e-08 9.17198e-08 3.86812e-06 245.657
98.54 3.08897e-08 9.15772e-08 3.8621e-06 245.668
98.55 3.08426e-08 9.14347e-08 3.85609e-06 245.68
98.56 3.07956e-08 9.12925e-08 3.85009e-06 245.692
98.57 3.07486e-08 9.11505e-08 3.84409e-06 245.703
98.58 3.07017e-08 9.10087e-08 3.83811e-06 245.715
98.59 3.06549e-08 9.08672e-08 3.83214e-06 245.727
98.6 3.06082e-08 9.07258e-08 3.82617e-06 245.738
98.61 3.05616e-08 9.05847e-08 3.82022e-06 245.75
98.62 3.0515e-08 9.04438e-08 3.81427e-06 245.762
98.63 3.04685e-08 9.03032e-08 3.80834e-06 245.774
98.64 3.0422e-08 9.01627e-08 3.80241e-06 245.785
98.65 3.03756e-08 9.00225e-08 3.79649e-06 245.797
98.66 3.03293e-08 8.98825e-08 3.79059e-06 245.809
98.67 3.02831e-08 8.97427e-08 3.78469e-06 245.82
98.68 3.0237e-08 8.96031e-08 3.7788e-06 245.832
98.69 3.01909e-08 8.94638e-08 3.77292e-06 245.844
98.7 3.01449e-08 8.93247e-08 3.76705e-06 245.855
98.71 3.00989e-08 8.91858e-08 3.76118e-06 245.867
98.72 3.0053e-08 8.90471e-08 3.75533e-06 245.879
98.73 3.00072e-08 8.89086e-08 3.74949e-06 245.89
98.74 2.99615e-08 8.87703e-08 3.74365e-06 245.902
98.75 2.99158e-08 8.86323e-08 3.73783e-06 245.914
98.76 2.98703e-08 8.84945e-08 3.73201e-06 245.926
98.77 2.98247e-08 8.83569e-08 3.72621e-06 245.937
98.78 2.97793e-08 8.82195e-08 3.72041e-06 245.949
98.79 2.97339e-08 8.80823e-08 3.71462e-06 245.961
98.8 2.96886e-08 8.79454e-08 3.70884e-06 245.972
98.81 2.96434e-08 8.78086e-08 3.70307e-06 245.984
98.82 2.95982e-08 8.76721e-08 3.69731e-06 245.996
98.83 2.95531e-08 8.75358e-08 3.69156e-06 246.007
98.84 2.9508e-08 8.73997e-08 3.68582e-06 246.019
98.85 2.94631e-08 8.72638e-08 3.68008e-06 246.031
98.86 2.94182e-08 8.71281e-08 3.67436e-06 246.042
98.87 2.93734e-08 8.69927e-08 3.66864e-06 246.054
98.88 2.93286e-08 8.68574e-08 3.66294e-06 246.066
98.89 2.92839e-08 8.67224e-08 3.65724e-06 246.077
98.9 2.92393e-08 8.65876e-08 3.65155e-06 246.089
98.91 2.91947e-08 8.6453e-08 3.64587e-06 246.101
98.92 2.91503e-08 8.63186e-08 3.6402e-06 246.112
98.93 2.91058e-08 8.61844e-08 3.63454e-06 246.124
98.94 2.90615e-08 8.60504e-08 3.62888e-06 246.136
98.95 2.90172e-08 8.59167e-08 3.62324e-06 246.148
98.96 2.8973e-08 8.57831e-08 3.6176e-06 246.159
98.97 2.89289e-08 8.56498e-08 3.61198e-06 246.171
98.98 2.88848e-08 8.55167e-08 3.60636e-06 246.183
98.99 2.88408e-08 8.53837e-08 3.60075e-06 246.194
99 2.87969e-08 8.5251e-08 3.59515e-06 246.206
99.01 2.8753e-08 8.51185e-08 3.58956e-06 246.218
99.02 2.87092e-08 8.49862e-08 3.58397e-06 246.229
99.03 2.86655e-08 8.48541e-08 3.5784e-06 246.241
99.04 2.86218e-08 8.47222e-08 3.57284e-06 246.253
99.05 2.85782e-08 8.45906e-08 3.56728e-06 246.264
99.06 2.85347e-08 8.44591e-08 3.56173e-06 246.276
99.07 2.84912e-08 8.43278e-08 3.55619e-06 246.288
99.08 2.84478e-08 8.41968e-08 3.55066e-06 246.299
99.09 2.84045e-08 8.40659e-08 3.54514e-06 246.311
99.1 2.83612e-08 8.39353e-08 3.53963e-06 246.323
99.11 2.8318e-08 8.38048e-08 3.53413e-06 246.334
99.12 2.82749e-08 8.36746e-08 3.52863e-06 246.346
99.13 2.82318e-08 8.35446e-08 3.52314e-06 246.358
99.14 2.81888e-08 8.34148e-08 3.51766e-06 246.369
99.15 2.81459e-08 8.32851e-08 3.5122e-06 246.381
99.16 2.8103e-08 8.31557e-08 3.50673e-06 246.393
99.17 2.80602e-08 8.30265e-08 3.50128e-06 246.404
99.18 2.80174e-08 8.28975e-08 3.49584e-06 246.416
99.19 2.79748e-08 8.27687e-08 3.4904e-06 246.428
99.2 2.79322e-08 8.26401e-08 3.48498e-06 246.439
99.21 2.78896e-08 8.25117e-08 3.47956e-06 246.451
99.22 2.78472e-08 8.23835e-08 3.47415e-06 246.463
99.23 2.78047e-08 8.22555e-08 3.46875e-06 246.474
99.24 2.77624e-08 8.21277e-08 3.46335e-06 246.486
99.25 2.77201e-08 8.20001e-08 3.45797e-06 246.498
99.26 2.76779e-08 8.18727e-08 3.45259e-06 246.509
99.27 2.76358e-08 8.17455e-08 3.44723e-06 246.521
99.28 2.75937e-08 8.16185e-08 3.44187e-06 246.533
99.29 2.75517e-08 8.14917e-08 3.43652e-06 246.544
99.3 2.75097e-08 8.13651e-08 3.43118e-06 246.556
99.31 2.74678e-08 8.12387e-08 3.42584e-06 246.568
99.32 2.7426e-08 8.11125e-08 3.42052e-06 246.579
99.33 2.73842e-08 8.09864e-08 3.4152e-06 246.591
99.34 2.73425e-08 8.08606e-08 3.40989e-06 246.603
99.35 2.73009e-08 8.0735e-08 3.40459e-06 246.614
99.36 2.72593e-08 8.06096e-08 3.3993e-06 246.626
99.37 2.72178e-08 8.04844e-08 3.39402e-06 246.637
99.38 2.71764e-08 8.03594e-08 3.38874e-06 246.649
99.39 2.7135e-08 8.02346e-08 3.38347e-06 246.661
99.4 2.70937e-08 8.01099e-08 3.37822e-06 246.672
99.41 2.70524e-08 7.99855e-08 3.37297e-06 246.684
99.42 2.70113e-08 7.98613e-08 3.36772e-06 246.696
99.43 2.69701e-08 7.97372e-08 3.36249e-06 246.707
99.44 2.69291e-08 7.96134e-08 3.35726e-06 246.719
99.45 2.68881e-08 7.94897e-08 3.35205e-06 246.731
99.46 2.68471e-08 7.93663e-08 3.34684e-06 246.742
99.47 2.68063e-08 7.9243e-08 3.34164e-06 246.754
99.48 2.67655e-08 7.91199e-08 3.33644e-06 246.766
99.49 2.67247e-08 7.8997e-08 3.33126e-06 246.777
99.5 2.6684e-08 7.88744e-08 3.32608e-06 246.789
99.51 2.66434e-08 7.87519e-08 3.32091e-06 246.801
99.52 2.66029e-08 7.86296e-08 3.31575e-06 246.812
99.53 2.65624e-08 7.85075e-08 3.3106e-06 246.824
99.54 2.65219e-08 7.83855e-08 3.30546e-06 246.836
99.55 2.64816e-08 7.82638e-08 3.30032e-06 246.847
99.56 2.64412e-08 7.81423e-08 3.29519e-06 246.859
99.57 2.6401e-08 7.80209e-08 3.29007e-06 246.87
99.58 2.63608e-08 7.78998e-08 3.28496e-06 246.882
99.59 2.63207e-08 7.77788e-08 3.27986e-06 246.894
99.6 2.62806e-08 7.76581e-08 3.27476e-06 246.905
99.61 2.62406e-08 7.75375e-08 3.26967e-06 246.917
99.62 2.62007e-08 7.74171e-08 3.26459e-06 246.929
99.63 2.61608e-08 7.72969e-08 3.25952e-06 246.94
99.64 2.6121e-08 7.71769e-08 3.25446e-06 246.952
99.65 2.60812e-08 7.7057e-08 3.2494e-06 246.964
99.66 2.60415e-08 7.69374e-08 3.24435e-06 246.975
99.67 2.60019e-08 7.68179e-08 3.23931e-06 246.987
99.68 2.59623e-08 7.66987e-08 3.23428e-06 246.999
99.69 2.59228e-08 7.65796e-08 3.22925e-06 247.01
99.7 2.58834e-08 7.64607e-08 3.22424e-06 247.022
99.71 2.5844e-08 7.6342e-08 3.21923e-06 247.033
99.72 2.58047e-08 7.62235e-08 3.21423e-06 247.045
99.73 2.57654e-08 7.61052e-08 3.20924e-06 247.057
99.74 2.57262e-08 7.5987e-08 3.20425e-06 247.068
99.75 2.5687e-08 7.5869e-08 3.19927e-06 247.08
99.76 2.56479e-08 7.57513e-08 3.1943e-06 247.092
99.77 2.56089e-08 7.56337e-08 3.18934e-06 247.103
99.78 2.55699e-08 7.55163e-08 3.18439e-06 247.115
99.79 2.5531e-08 7.53991e-08 3.17944e-06 247.127
99.8 2.54922e-08 7.5282e-08 3.1745e-06 247.138
99.81 2.54534e-08 7.51652e-08 3.16957e-06 247.15
99.82 2.54147e-08 7.50485e-08 3.16465e-06 247.161
99.83 2.5376e-08 7.4932e-08 3.15974e-06 247.173
99.84 2.53374e-08 7.48157e-08 3.15483e-06 247.185
99.85 2.52988e-08 7.46996e-08 3.14993e-06 247.196
99.86 2.52603e-08 7.45836e-08 3.14504e-06 247.208
99.87 2.52219e-08 7.44679e-08 3.14015e-06 247.22
99.88 2.51835e-08 7.43523e-08 3.13528e-06 247.231
99.89 2.51452e-08 7.42369e-08 3.13041e-06 247.243
99.9 2.5107e-08 7.41217e-08 3.12555e-06 247.254
99.91 2.50688e-08 7.40066e-08 3.12069e-06 247.266
99.92 2.50306e-08 7.38918e-08 3.11585e-06 247.278
99.93 2.49926e-08 7.37771e-08 3.11101e-06 247.289
99.94 2.49545e-08 7.36626e-08 3.10618e-06 247.301
99.95 2.49166e-08 7.35483e-08 3.10135e-06 247.313
99.96 2.48787e-08 7.34342e-08 3.09654e-06 247.324
99.97 2.48408e-08 7.33202e-08 3.09173e-06 247.336
99.98 2.4803e-08 7.32064e-08 3.08693e-06 247.347
99.99 2.47653e-08 7.30928e-08 3.08214e-06 247.359
